id,radio_id,start_time,airtime,location.x,location.y,tx_power,code_rate,spreading_factor,bandwidth,crc_enabled,preamble_len,fixed_len,iq_inverted,symbols,payload
1,1,1000.000001,1.7121279999999999,0.0,0.0,20,4,12,0,True,8,False,False,0,b'\x00\x01\x02\x03\x04\x05\x06\x07\x08\t\n\x0b\x0c\r\x0e\x0f\x10'
2,2,1001.500001,1.7121279999999999,0.0,0.0,20,4,12,0,True,8,False,False,0,b'\x00\x01\x02\x03\x04\x05\x06\x07\x08\t\n\x0b\x0c\r\x0e\x0f\x10'
3,1,2000.0,1.7121279999999999,0.0,0.0,20,4,12,0,True,8,False,False,0,b'\x00\x01\x02\x03\x04\x05\x06\x07\x08\t\n\x0b\x0c\r\x0e\x0f\x10'
4,2,2001.5,1.7121279999999999,0.0,0.0,20,4,12,0,True,8,False,False,0,b'\x00\x01\x02\x03\x04\x05\x06\x07\x08\t\n\x0b\x0c\r\x0e\x0f\x10'
5,1,3000.0,1.7121279999999999,0.0,0.0,20,4,12,0,True,8,False,False,0,b'\x00\x01\x02\x03\x04\x05\x06\x07\x08\t\n\x0b\x0c\r\x0e\x0f\x10'
6,2,3001.5,1.7121279999999999,0.0,0.0,20,4,12,0,True,8,False,False,0,b'\x00\x01\x02\x03\x04\x05\x06\x07\x08\t\n\x0b\x0c\r\x0e\x0f\x10'
7,1,4000.0,1.7121279999999999,0.0,0.0,20,4,12,0,True,8,False,False,0,b'\x00\x01\x02\x03\x04\x05\x06\x07\x08\t\n\x0b\x0c\r\x0e\x0f\x10'
8,2,4001.5,1.7121279999999999,0.0,0.0,20,4,12,0,True,8,False,False,0,b'\x00\x01\x02\x03\x04\x05\x06\x07\x08\t\n\x0b\x0c\r\x0e\x0f\x10'
9,1,5000.0,1.7121279999999999,0.0,0.0,20,4,12,0,True,8,False,False,0,b'\x00\x01\x02\x03\x04\x05\x06\x07\x08\t\n\x0b\x0c\r\x0e\x0f\x10'
10,2,5001.5,1.7121279999999999,0.0,0.0,20,4,12,0,True,8,False,False,0,b'\x00\x01\x02\x03\x04\x05\x06\x07\x08\t\n\x0b\x0c\r\x0e\x0f\x10'
11,1,6000.0,1.7121279999999999,0.0,0.0,20,4,12,0,True,8,False,False,0,b'\x00\x01\x02\x03\x04\x05\x06\x07\x08\t\n\x0b\x0c\r\x0e\x0f\x10'
12,2,6001.5,1.7121279999999999,0.0,0.0,20,4,12,0,True,8,False,False,0,b'\x00\x01\x02\x03\x04\x05\x06\x07\x08\t\n\x0b\x0c\r\x0e\x0f\x10'
13,1,7000.0,1.7121279999999999,0.0,0.0,20,4,12,0,True,8,False,False,0,b'\x00\x01\x02\x03\x04\x05\x06\x07\x08\t\n\x0b\x0c\r\x0e\x0f\x10'
14,2,7001.5,1.7121279999999999,0.0,0.0,20,4,12,0,True,8,False,False,0,b'\x00\x01\x02\x03\x04\x05\x06\x07\x08\t\n\x0b\x0c\r\x0e\x0f\x10'
15,1,8000.0,1.7121279999999999,0.0,0.0,20,4,12,0,True,8,False,False,0,b'\x00\x01\x02\x03\x04\x05\x06\x07\x08\t\n\x0b\x0c\r\x0e\x0f\x10'
16,2,8001.5,1.7121279999999999,0.0,0.0,20,4,12,0,True,8,False,False,0,b'\x00\x01\x02\x03\x04\x05\x06\x07\x08\t\n\x0b\x0c\r\x0e\x0f\x10'
17,1,9000.0,1.7121279999999999,0.0,0.0,20,4,12,0,True,8,False,False,0,b'\x00\x01\x02\x03\x04\x05\x06\x07\x08\t\n\x0b\x0c\r\x0e\x0f\x10'
18,2,9001.5,1.7121279999999999,0.0,0.0,20,4,12,0,True,8,False,False,0,b'\x00\x01\x02\x03\x04\x05\x06\x07\x08\t\n\x0b\x0c\r\x0e\x0f\x10'
19,1,10000.0,1.7121279999999999,0.0,0.0,20,4,12,0,True,8,False,False,0,b'\x00\x01\x02\x03\x04\x05\x06\x07\x08\t\n\x0b\x0c\r\x0e\x0f\x10'
20,2,10001.5,1.7121279999999999,0.0,0.0,20,4,12,0,True,8,False,False,0,b'\x00\x01\x02\x03\x04\x05\x06\x07\x08\t\n\x0b\x0c\r\x0e\x0f\x10'
21,1,11000.0,1.7121279999999999,0.0,0.0,20,4,12,0,True,8,False,False,0,b'\x00\x01\x02\x03\x04\x05\x06\x07\x08\t\n\x0b\x0c\r\x0e\x0f\x10'
22,2,11001.5,1.7121279999999999,0.0,0.0,20,4,12,0,True,8,False,False,0,b'\x00\x01\x02\x03\x04\x05\x06\x07\x08\t\n\x0b\x0c\r\x0e\x0f\x10'
23,1,12000.0,1.7121279999999999,0.0,0.0,20,4,12,0,True,8,False,False,0,b'\x00\x01\x02\x03\x04\x05\x06\x07\x08\t\n\x0b\x0c\r\x0e\x0f\x10'
24,2,12001.5,1.7121279999999999,0.0,0.0,20,4,12,0,True,8,False,False,0,b'\x00\x01\x02\x03\x04\x05\x06\x07\x08\t\n\x0b\x0c\r\x0e\x0f\x10'
25,1,13000.0,1.7121279999999999,0.0,0.0,20,4,12,0,True,8,False,False,0,b'\x00\x01\x02\x03\x04\x05\x06\x07\x08\t\n\x0b\x0c\r\x0e\x0f\x10'
26,2,13001.5,1.7121279999999999,0.0,0.0,20,4,12,0,True,8,False,False,0,b'\x00\x01\x02\x03\x04\x05\x06\x07\x08\t\n\x0b\x0c\r\x0e\x0f\x10'
27,1,14000.0,1.7121279999999999,0.0,0.0,20,4,12,0,True,8,False,False,0,b'\x00\x01\x02\x03\x04\x05\x06\x07\x08\t\n\x0b\x0c\r\x0e\x0f\x10'
28,2,14001.5,1.7121279999999999,0.0,0.0,20,4,12,0,True,8,False,False,0,b'\x00\x01\x02\x03\x04\x05\x06\x07\x08\t\n\x0b\x0c\r\x0e\x0f\x10'
29,1,15000.0,1.7121279999999999,0.0,0.0,20,4,12,0,True,8,False,False,0,b'\x00\x01\x02\x03\x04\x05\x06\x07\x08\t\n\x0b\x0c\r\x0e\x0f\x10'
30,2,15001.5,1.7121279999999999,0.0,0.0,20,4,12,0,True,8,False,False,0,b'\x00\x01\x02\x03\x04\x05\x06\x07\x08\t\n\x0b\x0c\r\x0e\x0f\x10'
31,1,16000.0,1.7121279999999999,0.0,0.0,20,4,12,0,True,8,False,False,0,b'\x00\x01\x02\x03\x04\x05\x06\x07\x08\t\n\x0b\x0c\r\x0e\x0f\x10'
32,2,16001.5,1.7121279999999999,0.0,0.0,20,4,12,0,True,8,False,False,0,b'\x00\x01\x02\x03\x04\x05\x06\x07\x08\t\n\x0b\x0c\r\x0e\x0f\x10'
33,1,17000.0,1.7121279999999999,0.0,0.0,20,4,12,0,True,8,False,False,0,b'\x00\x01\x02\x03\x04\x05\x06\x07\x08\t\n\x0b\x0c\r\x0e\x0f\x10'
34,2,17001.5,1.7121279999999999,0.0,0.0,20,4,12,0,True,8,False,False,0,b'\x00\x01\x02\x03\x04\x05\x06\x07\x08\t\n\x0b\x0c\r\x0e\x0f\x10'
35,1,18000.0,1.7121279999999999,0.0,0.0,20,4,12,0,True,8,False,False,0,b'\x00\x01\x02\x03\x04\x05\x06\x07\x08\t\n\x0b\x0c\r\x0e\x0f\x10'
36,2,18001.5,1.7121279999999999,0.0,0.0,20,4,12,0,True,8,False,False,0,b'\x00\x01\x02\x03\x04\x05\x06\x07\x08\t\n\x0b\x0c\r\x0e\x0f\x10'
37,1,19000.0,1.7121279999999999,0.0,0.0,20,4,12,0,True,8,False,False,0,b'\x00\x01\x02\x03\x04\x05\x06\x07\x08\t\n\x0b\x0c\r\x0e\x0f\x10'
38,2,19001.5,1.7121279999999999,0.0,0.0,20,4,12,0,True,8,False,False,0,b'\x00\x01\x02\x03\x04\x05\x06\x07\x08\t\n\x0b\x0c\r\x0e\x0f\x10'
39,1,20000.0,1.7121279999999999,0.0,0.0,20,4,12,0,True,8,False,False,0,b'\x00\x01\x02\x03\x04\x05\x06\x07\x08\t\n\x0b\x0c\r\x0e\x0f\x10'
40,2,20001.5,1.7121279999999999,0.0,0.0,20,4,12,0,True,8,False,False,0,b'\x00\x01\x02\x03\x04\x05\x06\x07\x08\t\n\x0b\x0c\r\x0e\x0f\x10'
41,1,21000.0,1.7121279999999999,0.0,0.0,20,4,12,0,True,8,False,False,0,b'\x00\x01\x02\x03\x04\x05\x06\x07\x08\t\n\x0b\x0c\r\x0e\x0f\x10'
42,2,21001.5,1.7121279999999999,0.0,0.0,20,4,12,0,True,8,False,False,0,b'\x00\x01\x02\x03\x04\x05\x06\x07\x08\t\n\x0b\x0c\r\x0e\x0f\x10'
43,1,22000.0,1.7121279999999999,0.0,0.0,20,4,12,0,True,8,False,False,0,b'\x00\x01\x02\x03\x04\x05\x06\x07\x08\t\n\x0b\x0c\r\x0e\x0f\x10'
44,2,22001.5,1.7121279999999999,0.0,0.0,20,4,12,0,True,8,False,False,0,b'\x00\x01\x02\x03\x04\x05\x06\x07\x08\t\n\x0b\x0c\r\x0e\x0f\x10'
45,1,23000.0,1.7121279999999999,0.0,0.0,20,4,12,0,True,8,False,False,0,b'\x00\x01\x02\x03\x04\x05\x06\x07\x08\t\n\x0b\x0c\r\x0e\x0f\x10'
46,2,23001.5,1.7121279999999999,0.0,0.0,20,4,12,0,True,8,False,False,0,b'\x00\x01\x02\x03\x04\x05\x06\x07\x08\t\n\x0b\x0c\r\x0e\x0f\x10'
47,1,24000.0,1.7121279999999999,0.0,0.0,20,4,12,0,True,8,False,False,0,b'\x00\x01\x02\x03\x04\x05\x06\x07\x08\t\n\x0b\x0c\r\x0e\x0f\x10'
48,2,24001.5,1.7121279999999999,0.0,0.0,20,4,12,0,True,8,False,False,0,b'\x00\x01\x02\x03\x04\x05\x06\x07\x08\t\n\x0b\x0c\r\x0e\x0f\x10'
49,1,25000.0,1.7121279999999999,0.0,0.0,20,4,12,0,True,8,False,False,0,b'\x00\x01\x02\x03\x04\x05\x06\x07\x08\t\n\x0b\x0c\r\x0e\x0f\x10'
50,2,25001.5,1.7121279999999999,0.0,0.0,20,4,12,0,True,8,False,False,0,b'\x00\x01\x02\x03\x04\x05\x06\x07\x08\t\n\x0b\x0c\r\x0e\x0f\x10'
51,1,26000.0,1.7121279999999999,0.0,0.0,20,4,12,0,True,8,False,False,0,b'\x00\x01\x02\x03\x04\x05\x06\x07\x08\t\n\x0b\x0c\r\x0e\x0f\x10'
52,2,26001.5,1.7121279999999999,0.0,0.0,20,4,12,0,True,8,False,False,0,b'\x00\x01\x02\x03\x04\x05\x06\x07\x08\t\n\x0b\x0c\r\x0e\x0f\x10'
53,1,27000.0,1.7121279999999999,0.0,0.0,20,4,12,0,True,8,False,False,0,b'\x00\x01\x02\x03\x04\x05\x06\x07\x08\t\n\x0b\x0c\r\x0e\x0f\x10'
54,2,27001.5,1.7121279999999999,0.0,0.0,20,4,12,0,True,8,False,False,0,b'\x00\x01\x02\x03\x04\x05\x06\x07\x08\t\n\x0b\x0c\r\x0e\x0f\x10'
55,1,28000.0,1.7121279999999999,0.0,0.0,20,4,12,0,True,8,False,False,0,b'\x00\x01\x02\x03\x04\x05\x06\x07\x08\t\n\x0b\x0c\r\x0e\x0f\x10'
56,2,28001.5,1.7121279999999999,0.0,0.0,20,4,12,0,True,8,False,False,0,b'\x00\x01\x02\x03\x04\x05\x06\x07\x08\t\n\x0b\x0c\r\x0e\x0f\x10'
57,1,29000.0,1.7121279999999999,0.0,0.0,20,4,12,0,True,8,False,False,0,b'\x00\x01\x02\x03\x04\x05\x06\x07\x08\t\n\x0b\x0c\r\x0e\x0f\x10'
58,2,29001.5,1.7121279999999999,0.0,0.0,20,4,12,0,True,8,False,False,0,b'\x00\x01\x02\x03\x04\x05\x06\x07\x08\t\n\x0b\x0c\r\x0e\x0f\x10'
59,1,30000.0,1.7121279999999999,0.0,0.0,20,4,12,0,True,8,False,False,0,b'\x00\x01\x02\x03\x04\x05\x06\x07\x08\t\n\x0b\x0c\r\x0e\x0f\x10'
60,2,30001.5,1.7121279999999999,0.0,0.0,20,4,12,0,True,8,False,False,0,b'\x00\x01\x02\x03\x04\x05\x06\x07\x08\t\n\x0b\x0c\r\x0e\x0f\x10'
61,1,31000.0,1.7121279999999999,0.0,0.0,20,4,12,0,True,8,False,False,0,b'\x00\x01\x02\x03\x04\x05\x06\x07\x08\t\n\x0b\x0c\r\x0e\x0f\x10'
62,2,31001.5,1.7121279999999999,0.0,0.0,20,4,12,0,True,8,False,False,0,b'\x00\x01\x02\x03\x04\x05\x06\x07\x08\t\n\x0b\x0c\r\x0e\x0f\x10'
63,1,32000.0,1.7121279999999999,0.0,0.0,20,4,12,0,True,8,False,False,0,b'\x00\x01\x02\x03\x04\x05\x06\x07\x08\t\n\x0b\x0c\r\x0e\x0f\x10'
64,2,32001.5,1.7121279999999999,0.0,0.0,20,4,12,0,True,8,False,False,0,b'\x00\x01\x02\x03\x04\x05\x06\x07\x08\t\n\x0b\x0c\r\x0e\x0f\x10'
65,1,33000.0,1.7121279999999999,0.0,0.0,20,4,12,0,True,8,False,False,0,b'\x00\x01\x02\x03\x04\x05\x06\x07\x08\t\n\x0b\x0c\r\x0e\x0f\x10'
66,2,33001.5,1.7121279999999999,0.0,0.0,20,4,12,0,True,8,False,False,0,b'\x00\x01\x02\x03\x04\x05\x06\x07\x08\t\n\x0b\x0c\r\x0e\x0f\x10'
67,1,34000.0,1.7121279999999999,0.0,0.0,20,4,12,0,True,8,False,False,0,b'\x00\x01\x02\x03\x04\x05\x06\x07\x08\t\n\x0b\x0c\r\x0e\x0f\x10'
68,2,34001.5,1.7121279999999999,0.0,0.0,20,4,12,0,True,8,False,False,0,b'\x00\x01\x02\x03\x04\x05\x06\x07\x08\t\n\x0b\x0c\r\x0e\x0f\x10'
69,1,35000.0,1.7121279999999999,0.0,0.0,20,4,12,0,True,8,False,False,0,b'\x00\x01\x02\x03\x04\x05\x06\x07\x08\t\n\x0b\x0c\r\x0e\x0f\x10'
70,2,35001.5,1.7121279999999999,0.0,0.0,20,4,12,0,True,8,False,False,0,b'\x00\x01\x02\x03\x04\x05\x06\x07\x08\t\n\x0b\x0c\r\x0e\x0f\x10'
71,1,36000.0,1.7121279999999999,0.0,0.0,20,4,12,0,True,8,False,False,0,b'\x00\x01\x02\x03\x04\x05\x06\x07\x08\t\n\x0b\x0c\r\x0e\x0f\x10'
72,2,36001.5,1.7121279999999999,0.0,0.0,20,4,12,0,True,8,False,False,0,b'\x00\x01\x02\x03\x04\x05\x06\x07\x08\t\n\x0b\x0c\r\x0e\x0f\x10'
73,1,37000.0,1.7121279999999999,0.0,0.0,20,4,12,0,True,8,False,False,0,b'\x00\x01\x02\x03\x04\x05\x06\x07\x08\t\n\x0b\x0c\r\x0e\x0f\x10'
74,2,37001.5,1.7121279999999999,0.0,0.0,20,4,12,0,True,8,False,False,0,b'\x00\x01\x02\x03\x04\x05\x06\x07\x08\t\n\x0b\x0c\r\x0e\x0f\x10'
75,1,38000.0,1.7121279999999999,0.0,0.0,20,4,12,0,True,8,False,False,0,b'\x00\x01\x02\x03\x04\x05\x06\x07\x08\t\n\x0b\x0c\r\x0e\x0f\x10'
76,2,38001.5,1.7121279999999999,0.0,0.0,20,4,12,0,True,8,False,False,0,b'\x00\x01\x02\x03\x04\x05\x06\x07\x08\t\n\x0b\x0c\r\x0e\x0f\x10'
77,1,39000.0,1.7121279999999999,0.0,0.0,20,4,12,0,True,8,False,False,0,b'\x00\x01\x02\x03\x04\x05\x06\x07\x08\t\n\x0b\x0c\r\x0e\x0f\x10'
78,2,39001.5,1.7121279999999999,0.0,0.0,20,4,12,0,True,8,False,False,0,b'\x00\x01\x02\x03\x04\x05\x06\x07\x08\t\n\x0b\x0c\r\x0e\x0f\x10'
79,1,40000.0,1.7121279999999999,0.0,0.0,20,4,12,0,True,8,False,False,0,b'\x00\x01\x02\x03\x04\x05\x06\x07\x08\t\n\x0b\x0c\r\x0e\x0f\x10'
80,2,40001.5,1.7121279999999999,0.0,0.0,20,4,12,0,True,8,False,False,0,b'\x00\x01\x02\x03\x04\x05\x06\x07\x08\t\n\x0b\x0c\r\x0e\x0f\x10'
81,1,41000.0,1.7121279999999999,0.0,0.0,20,4,12,0,True,8,False,False,0,b'\x00\x01\x02\x03\x04\x05\x06\x07\x08\t\n\x0b\x0c\r\x0e\x0f\x10'
82,2,41001.5,1.7121279999999999,0.0,0.0,20,4,12,0,True,8,False,False,0,b'\x00\x01\x02\x03\x04\x05\x06\x07\x08\t\n\x0b\x0c\r\x0e\x0f\x10'
83,1,42000.0,1.7121279999999999,0.0,0.0,20,4,12,0,True,8,False,False,0,b'\x00\x01\x02\x03\x04\x05\x06\x07\x08\t\n\x0b\x0c\r\x0e\x0f\x10'
84,2,42001.5,1.7121279999999999,0.0,0.0,20,4,12,0,True,8,False,False,0,b'\x00\x01\x02\x03\x04\x05\x06\x07\x08\t\n\x0b\x0c\r\x0e\x0f\x10'
85,1,43000.0,1.7121279999999999,0.0,0.0,20,4,12,0,True,8,False,False,0,b'\x00\x01\x02\x03\x04\x05\x06\x07\x08\t\n\x0b\x0c\r\x0e\x0f\x10'
86,2,43001.5,1.7121279999999999,0.0,0.0,20,4,12,0,True,8,False,False,0,b'\x00\x01\x02\x03\x04\x05\x06\x07\x08\t\n\x0b\x0c\r\x0e\x0f\x10'
87,1,44000.0,1.7121279999999999,0.0,0.0,20,4,12,0,True,8,False,False,0,b'\x00\x01\x02\x03\x04\x05\x06\x07\x08\t\n\x0b\x0c\r\x0e\x0f\x10'
88,2,44001.5,1.7121279999999999,0.0,0.0,20,4,12,0,True,8,False,False,0,b'\x00\x01\x02\x03\x04\x05\x06\x07\x08\t\n\x0b\x0c\r\x0e\x0f\x10'
89,1,45000.0,1.7121279999999999,0.0,0.0,20,4,12,0,True,8,False,False,0,b'\x00\x01\x02\x03\x04\x05\x06\x07\x08\t\n\x0b\x0c\r\x0e\x0f\x10'
90,2,45001.5,1.7121279999999999,0.0,0.0,20,4,12,0,True,8,False,False,0,b'\x00\x01\x02\x03\x04\x05\x06\x07\x08\t\n\x0b\x0c\r\x0e\x0f\x10'
91,1,46000.0,1.7121279999999999,0.0,0.0,20,4,12,0,True,8,False,False,0,b'\x00\x01\x02\x03\x04\x05\x06\x07\x08\t\n\x0b\x0c\r\x0e\x0f\x10'
92,2,46001.5,1.7121279999999999,0.0,0.0,20,4,12,0,True,8,False,False,0,b'\x00\x01\x02\x03\x04\x05\x06\x07\x08\t\n\x0b\x0c\r\x0e\x0f\x10'
93,1,47000.0,1.7121279999999999,0.0,0.0,20,4,12,0,True,8,False,False,0,b'\x00\x01\x02\x03\x04\x05\x06\x07\x08\t\n\x0b\x0c\r\x0e\x0f\x10'
94,2,47001.5,1.7121279999999999,0.0,0.0,20,4,12,0,True,8,False,False,0,b'\x00\x01\x02\x03\x04\x05\x06\x07\x08\t\n\x0b\x0c\r\x0e\x0f\x10'
95,1,48000.0,1.7121279999999999,0.0,0.0,20,4,12,0,True,8,False,False,0,b'\x00\x01\x02\x03\x04\x05\x06\x07\x08\t\n\x0b\x0c\r\x0e\x0f\x10'
96,2,48001.5,1.7121279999999999,0.0,0.0,20,4,12,0,True,8,False,False,0,b'\x00\x01\x02\x03\x04\x05\x06\x07\x08\t\n\x0b\x0c\r\x0e\x0f\x10'
97,1,49000.0,1.7121279999999999,0.0,0.0,20,4,12,0,True,8,False,False,0,b'\x00\x01\x02\x03\x04\x05\x06\x07\x08\t\n\x0b\x0c\r\x0e\x0f\x10'
98,2,49001.5,1.7121279999999999,0.0,0.0,20,4,12,0,True,8,False,False,0,b'\x00\x01\x02\x03\x04\x05\x06\x07\x08\t\n\x0b\x0c\r\x0e\x0f\x10'
99,1,50000.0,1.7121279999999999,0.0,0.0,20,4,12,0,True,8,False,False,0,b'\x00\x01\x02\x03\x04\x05\x06\x07\x08\t\n\x0b\x0c\r\x0e\x0f\x10'
100,2,50001.5,1.7121279999999999,0.0,0.0,20,4,12,0,True,8,False,False,0,b'\x00\x01\x02\x03\x04\x05\x06\x07\x08\t\n\x0b\x0c\r\x0e\x0f\x10'
101,1,51000.0,1.7121279999999999,0.0,0.0,20,4,12,0,True,8,False,False,0,b'\x00\x01\x02\x03\x04\x05\x06\x07\x08\t\n\x0b\x0c\r\x0e\x0f\x10'
102,2,51001.5,1.7121279999999999,0.0,0.0,20,4,12,0,True,8,False,False,0,b'\x00\x01\x02\x03\x04\x05\x06\x07\x08\t\n\x0b\x0c\r\x0e\x0f\x10'
103,1,52000.0,1.7121279999999999,0.0,0.0,20,4,12,0,True,8,False,False,0,b'\x00\x01\x02\x03\x04\x05\x06\x07\x08\t\n\x0b\x0c\r\x0e\x0f\x10'
104,2,52001.5,1.7121279999999999,0.0,0.0,20,4,12,0,True,8,False,False,0,b'\x00\x01\x02\x03\x04\x05\x06\x07\x08\t\n\x0b\x0c\r\x0e\x0f\x10'
105,1,53000.0,1.7121279999999999,0.0,0.0,20,4,12,0,True,8,False,False,0,b'\x00\x01\x02\x03\x04\x05\x06\x07\x08\t\n\x0b\x0c\r\x0e\x0f\x10'
106,2,53001.5,1.7121279999999999,0.0,0.0,20,4,12,0,True,8,False,False,0,b'\x00\x01\x02\x03\x04\x05\x06\x07\x08\t\n\x0b\x0c\r\x0e\x0f\x10'
107,1,54000.0,1.7121279999999999,0.0,0.0,20,4,12,0,True,8,False,False,0,b'\x00\x01\x02\x03\x04\x05\x06\x07\x08\t\n\x0b\x0c\r\x0e\x0f\x10'
108,2,54001.5,1.7121279999999999,0.0,0.0,20,4,12,0,True,8,False,False,0,b'\x00\x01\x02\x03\x04\x05\x06\x07\x08\t\n\x0b\x0c\r\x0e\x0f\x10'
109,1,55000.0,1.7121279999999999,0.0,0.0,20,4,12,0,True,8,False,False,0,b'\x00\x01\x02\x03\x04\x05\x06\x07\x08\t\n\x0b\x0c\r\x0e\x0f\x10'
110,2,55001.5,1.7121279999999999,0.0,0.0,20,4,12,0,True,8,False,False,0,b'\x00\x01\x02\x03\x04\x05\x06\x07\x08\t\n\x0b\x0c\r\x0e\x0f\x10'
111,1,56000.0,1.7121279999999999,0.0,0.0,20,4,12,0,True,8,False,False,0,b'\x00\x01\x02\x03\x04\x05\x06\x07\x08\t\n\x0b\x0c\r\x0e\x0f\x10'
112,2,56001.5,1.7121279999999999,0.0,0.0,20,4,12,0,True,8,False,False,0,b'\x00\x01\x02\x03\x04\x05\x06\x07\x08\t\n\x0b\x0c\r\x0e\x0f\x10'
113,1,57000.0,1.7121279999999999,0.0,0.0,20,4,12,0,True,8,False,False,0,b'\x00\x01\x02\x03\x04\x05\x06\x07\x08\t\n\x0b\x0c\r\x0e\x0f\x10'
114,2,57001.5,1.7121279999999999,0.0,0.0,20,4,12,0,True,8,False,False,0,b'\x00\x01\x02\x03\x04\x05\x06\x07\x08\t\n\x0b\x0c\r\x0e\x0f\x10'
115,1,58000.0,1.7121279999999999,0.0,0.0,20,4,12,0,True,8,False,False,0,b'\x00\x01\x02\x03\x04\x05\x06\x07\x08\t\n\x0b\x0c\r\x0e\x0f\x10'
116,2,58001.5,1.7121279999999999,0.0,0.0,20,4,12,0,True,8,False,False,0,b'\x00\x01\x02\x03\x04\x05\x06\x07\x08\t\n\x0b\x0c\r\x0e\x0f\x10'
117,1,59000.0,1.7121279999999999,0.0,0.0,20,4,12,0,True,8,False,False,0,b'\x00\x01\x02\x03\x04\x05\x06\x07\x08\t\n\x0b\x0c\r\x0e\x0f\x10'
118,2,59001.5,1.7121279999999999,0.0,0.0,20,4,12,0,True,8,False,False,0,b'\x00\x01\x02\x03\x04\x05\x06\x07\x08\t\n\x0b\x0c\r\x0e\x0f\x10'
119,1,60000.0,1.7121279999999999,0.0,0.0,20,4,12,0,True,8,False,False,0,b'\x00\x01\x02\x03\x04\x05\x06\x07\x08\t\n\x0b\x0c\r\x0e\x0f\x10'
120,2,60001.5,1.7121279999999999,0.0,0.0,20,4,12,0,True,8,False,False,0,b'\x00\x01\x02\x03\x04\x05\x06\x07\x08\t\n\x0b\x0c\r\x0e\x0f\x10'
121,1,61000.0,1.7121279999999999,0.0,0.0,20,4,12,0,True,8,False,False,0,b'\x00\x01\x02\x03\x04\x05\x06\x07\x08\t\n\x0b\x0c\r\x0e\x0f\x10'
122,2,61001.5,1.7121279999999999,0.0,0.0,20,4,12,0,True,8,False,False,0,b'\x00\x01\x02\x03\x04\x05\x06\x07\x08\t\n\x0b\x0c\r\x0e\x0f\x10'
123,1,62000.0,1.7121279999999999,0.0,0.0,20,4,12,0,True,8,False,False,0,b'\x00\x01\x02\x03\x04\x05\x06\x07\x08\t\n\x0b\x0c\r\x0e\x0f\x10'
124,2,62001.5,1.7121279999999999,0.0,0.0,20,4,12,0,True,8,False,False,0,b'\x00\x01\x02\x03\x04\x05\x06\x07\x08\t\n\x0b\x0c\r\x0e\x0f\x10'
125,1,63000.0,1.7121279999999999,0.0,0.0,20,4,12,0,True,8,False,False,0,b'\x00\x01\x02\x03\x04\x05\x06\x07\x08\t\n\x0b\x0c\r\x0e\x0f\x10'
126,2,63001.5,1.7121279999999999,0.0,0.0,20,4,12,0,True,8,False,False,0,b'\x00\x01\x02\x03\x04\x05\x06\x07\x08\t\n\x0b\x0c\r\x0e\x0f\x10'
127,1,64000.0,1.7121279999999999,0.0,0.0,20,4,12,0,True,8,False,False,0,b'\x00\x01\x02\x03\x04\x05\x06\x07\x08\t\n\x0b\x0c\r\x0e\x0f\x10'
128,2,64001.5,1.7121279999999999,0.0,0.0,20,4,12,0,True,8,False,False,0,b'\x00\x01\x02\x03\x04\x05\x06\x07\x08\t\n\x0b\x0c\r\x0e\x0f\x10'
129,1,65000.0,1.7121279999999999,0.0,0.0,20,4,12,0,True,8,False,False,0,b'\x00\x01\x02\x03\x04\x05\x06\x07\x08\t\n\x0b\x0c\r\x0e\x0f\x10'
130,2,65001.5,1.7121279999999999,0.0,0.0,20,4,12,0,True,8,False,False,0,b'\x00\x01\x02\x03\x04\x05\x06\x07\x08\t\n\x0b\x0c\r\x0e\x0f\x10'
131,1,66000.0,1.7121279999999999,0.0,0.0,20,4,12,0,True,8,False,False,0,b'\x00\x01\x02\x03\x04\x05\x06\x07\x08\t\n\x0b\x0c\r\x0e\x0f\x10'
132,2,66001.5,1.7121279999999999,0.0,0.0,20,4,12,0,True,8,False,False,0,b'\x00\x01\x02\x03\x04\x05\x06\x07\x08\t\n\x0b\x0c\r\x0e\x0f\x10'
133,1,67000.0,1.7121279999999999,0.0,0.0,20,4,12,0,True,8,False,False,0,b'\x00\x01\x02\x03\x04\x05\x06\x07\x08\t\n\x0b\x0c\r\x0e\x0f\x10'
134,2,67001.5,1.7121279999999999,0.0,0.0,20,4,12,0,True,8,False,False,0,b'\x00\x01\x02\x03\x04\x05\x06\x07\x08\t\n\x0b\x0c\r\x0e\x0f\x10'
135,1,68000.0,1.7121279999999999,0.0,0.0,20,4,12,0,True,8,False,False,0,b'\x00\x01\x02\x03\x04\x05\x06\x07\x08\t\n\x0b\x0c\r\x0e\x0f\x10'
136,2,68001.5,1.7121279999999999,0.0,0.0,20,4,12,0,True,8,False,False,0,b'\x00\x01\x02\x03\x04\x05\x06\x07\x08\t\n\x0b\x0c\r\x0e\x0f\x10'
137,1,69000.0,1.7121279999999999,0.0,0.0,20,4,12,0,True,8,False,False,0,b'\x00\x01\x02\x03\x04\x05\x06\x07\x08\t\n\x0b\x0c\r\x0e\x0f\x10'
138,2,69001.5,1.7121279999999999,0.0,0.0,20,4,12,0,True,8,False,False,0,b'\x00\x01\x02\x03\x04\x05\x06\x07\x08\t\n\x0b\x0c\r\x0e\x0f\x10'
139,1,70000.0,1.7121279999999999,0.0,0.0,20,4,12,0,True,8,False,False,0,b'\x00\x01\x02\x03\x04\x05\x06\x07\x08\t\n\x0b\x0c\r\x0e\x0f\x10'
140,2,70001.5,1.7121279999999999,0.0,0.0,20,4,12,0,True,8,False,False,0,b'\x00\x01\x02\x03\x04\x05\x06\x07\x08\t\n\x0b\x0c\r\x0e\x0f\x10'
141,1,71000.0,1.7121279999999999,0.0,0.0,20,4,12,0,True,8,False,False,0,b'\x00\x01\x02\x03\x04\x05\x06\x07\x08\t\n\x0b\x0c\r\x0e\x0f\x10'
142,2,71001.5,1.7121279999999999,0.0,0.0,20,4,12,0,True,8,False,False,0,b'\x00\x01\x02\x03\x04\x05\x06\x07\x08\t\n\x0b\x0c\r\x0e\x0f\x10'
143,1,72000.0,1.7121279999999999,0.0,0.0,20,4,12,0,True,8,False,False,0,b'\x00\x01\x02\x03\x04\x05\x06\x07\x08\t\n\x0b\x0c\r\x0e\x0f\x10'
144,2,72001.5,1.7121279999999999,0.0,0.0,20,4,12,0,True,8,False,False,0,b'\x00\x01\x02\x03\x04\x05\x06\x07\x08\t\n\x0b\x0c\r\x0e\x0f\x10'
145,1,73000.0,1.7121279999999999,0.0,0.0,20,4,12,0,True,8,False,False,0,b'\x00\x01\x02\x03\x04\x05\x06\x07\x08\t\n\x0b\x0c\r\x0e\x0f\x10'
146,2,73001.5,1.7121279999999999,0.0,0.0,20,4,12,0,True,8,False,False,0,b'\x00\x01\x02\x03\x04\x05\x06\x07\x08\t\n\x0b\x0c\r\x0e\x0f\x10'
147,1,74000.0,1.7121279999999999,0.0,0.0,20,4,12,0,True,8,False,False,0,b'\x00\x01\x02\x03\x04\x05\x06\x07\x08\t\n\x0b\x0c\r\x0e\x0f\x10'
148,2,74001.5,1.7121279999999999,0.0,0.0,20,4,12,0,True,8,False,False,0,b'\x00\x01\x02\x03\x04\x05\x06\x07\x08\t\n\x0b\x0c\r\x0e\x0f\x10'
149,1,75000.0,1.7121279999999999,0.0,0.0,20,4,12,0,True,8,False,False,0,b'\x00\x01\x02\x03\x04\x05\x06\x07\x08\t\n\x0b\x0c\r\x0e\x0f\x10'
150,2,75001.5,1.7121279999999999,0.0,0.0,20,4,12,0,True,8,False,False,0,b'\x00\x01\x02\x03\x04\x05\x06\x07\x08\t\n\x0b\x0c\r\x0e\x0f\x10'
151,1,76000.0,1.7121279999999999,0.0,0.0,20,4,12,0,True,8,False,False,0,b'\x00\x01\x02\x03\x04\x05\x06\x07\x08\t\n\x0b\x0c\r\x0e\x0f\x10'
152,2,76001.5,1.7121279999999999,0.0,0.0,20,4,12,0,True,8,False,False,0,b'\x00\x01\x02\x03\x04\x05\x06\x07\x08\t\n\x0b\x0c\r\x0e\x0f\x10'
153,1,77000.0,1.7121279999999999,0.0,0.0,20,4,12,0,True,8,False,False,0,b'\x00\x01\x02\x03\x04\x05\x06\x07\x08\t\n\x0b\x0c\r\x0e\x0f\x10'
154,2,77001.5,1.7121279999999999,0.0,0.0,20,4,12,0,True,8,False,False,0,b'\x00\x01\x02\x03\x04\x05\x06\x07\x08\t\n\x0b\x0c\r\x0e\x0f\x10'
155,1,78000.0,1.7121279999999999,0.0,0.0,20,4,12,0,True,8,False,False,0,b'\x00\x01\x02\x03\x04\x05\x06\x07\x08\t\n\x0b\x0c\r\x0e\x0f\x10'
156,2,78001.5,1.7121279999999999,0.0,0.0,20,4,12,0,True,8,False,False,0,b'\x00\x01\x02\x03\x04\x05\x06\x07\x08\t\n\x0b\x0c\r\x0e\x0f\x10'
157,1,79000.0,1.7121279999999999,0.0,0.0,20,4,12,0,True,8,False,False,0,b'\x00\x01\x02\x03\x04\x05\x06\x07\x08\t\n\x0b\x0c\r\x0e\x0f\x10'
158,2,79001.5,1.7121279999999999,0.0,0.0,20,4,12,0,True,8,False,False,0,b'\x00\x01\x02\x03\x04\x05\x06\x07\x08\t\n\x0b\x0c\r\x0e\x0f\x10'
159,1,80000.0,1.7121279999999999,0.0,0.0,20,4,12,0,True,8,False,False,0,b'\x00\x01\x02\x03\x04\x05\x06\x07\x08\t\n\x0b\x0c\r\x0e\x0f\x10'
160,2,80001.5,1.7121279999999999,0.0,0.0,20,4,12,0,True,8,False,False,0,b'\x00\x01\x02\x03\x04\x05\x06\x07\x08\t\n\x0b\x0c\r\x0e\x0f\x10'
161,1,81000.0,1.7121279999999999,0.0,0.0,20,4,12,0,True,8,False,False,0,b'\x00\x01\x02\x03\x04\x05\x06\x07\x08\t\n\x0b\x0c\r\x0e\x0f\x10'
162,2,81001.5,1.7121279999999999,0.0,0.0,20,4,12,0,True,8,False,False,0,b'\x00\x01\x02\x03\x04\x05\x06\x07\x08\t\n\x0b\x0c\r\x0e\x0f\x10'
163,1,82000.0,1.7121279999999999,0.0,0.0,20,4,12,0,True,8,False,False,0,b'\x00\x01\x02\x03\x04\x05\x06\x07\x08\t\n\x0b\x0c\r\x0e\x0f\x10'
164,2,82001.5,1.7121279999999999,0.0,0.0,20,4,12,0,True,8,False,False,0,b'\x00\x01\x02\x03\x04\x05\x06\x07\x08\t\n\x0b\x0c\r\x0e\x0f\x10'
165,1,83000.0,1.7121279999999999,0.0,0.0,20,4,12,0,True,8,False,False,0,b'\x00\x01\x02\x03\x04\x05\x06\x07\x08\t\n\x0b\x0c\r\x0e\x0f\x10'
166,2,83001.5,1.7121279999999999,0.0,0.0,20,4,12,0,True,8,False,False,0,b'\x00\x01\x02\x03\x04\x05\x06\x07\x08\t\n\x0b\x0c\r\x0e\x0f\x10'
167,1,84000.0,1.7121279999999999,0.0,0.0,20,4,12,0,True,8,False,False,0,b'\x00\x01\x02\x03\x04\x05\x06\x07\x08\t\n\x0b\x0c\r\x0e\x0f\x10'
168,2,84001.5,1.7121279999999999,0.0,0.0,20,4,12,0,True,8,False,False,0,b'\x00\x01\x02\x03\x04\x05\x06\x07\x08\t\n\x0b\x0c\r\x0e\x0f\x10'
169,1,85000.0,1.7121279999999999,0.0,0.0,20,4,12,0,True,8,False,False,0,b'\x00\x01\x02\x03\x04\x05\x06\x07\x08\t\n\x0b\x0c\r\x0e\x0f\x10'
170,2,85001.5,1.7121279999999999,0.0,0.0,20,4,12,0,True,8,False,False,0,b'\x00\x01\x02\x03\x04\x05\x06\x07\x08\t\n\x0b\x0c\r\x0e\x0f\x10'
171,1,86000.0,1.7121279999999999,0.0,0.0,20,4,12,0,True,8,False,False,0,b'\x00\x01\x02\x03\x04\x05\x06\x07\x08\t\n\x0b\x0c\r\x0e\x0f\x10'
172,2,86001.5,1.7121279999999999,0.0,0.0,20,4,12,0,True,8,False,False,0,b'\x00\x01\x02\x03\x04\x05\x06\x07\x08\t\n\x0b\x0c\r\x0e\x0f\x10'
173,1,87000.0,1.7121279999999999,0.0,0.0,20,4,12,0,True,8,False,False,0,b'\x00\x01\x02\x03\x04\x05\x06\x07\x08\t\n\x0b\x0c\r\x0e\x0f\x10'
174,2,87001.5,1.7121279999999999,0.0,0.0,20,4,12,0,True,8,False,False,0,b'\x00\x01\x02\x03\x04\x05\x06\x07\x08\t\n\x0b\x0c\r\x0e\x0f\x10'
175,1,88000.0,1.7121279999999999,0.0,0.0,20,4,12,0,True,8,False,False,0,b'\x00\x01\x02\x03\x04\x05\x06\x07\x08\t\n\x0b\x0c\r\x0e\x0f\x10'
176,2,88001.5,1.7121279999999999,0.0,0.0,20,4,12,0,True,8,False,False,0,b'\x00\x01\x02\x03\x04\x05\x06\x07\x08\t\n\x0b\x0c\r\x0e\x0f\x10'
177,1,89000.0,1.7121279999999999,0.0,0.0,20,4,12,0,True,8,False,False,0,b'\x00\x01\x02\x03\x04\x05\x06\x07\x08\t\n\x0b\x0c\r\x0e\x0f\x10'
178,2,89001.5,1.7121279999999999,0.0,0.0,20,4,12,0,True,8,False,False,0,b'\x00\x01\x02\x03\x04\x05\x06\x07\x08\t\n\x0b\x0c\r\x0e\x0f\x10'
179,1,90000.0,1.7121279999999999,0.0,0.0,20,4,12,0,True,8,False,False,0,b'\x00\x01\x02\x03\x04\x05\x06\x07\x08\t\n\x0b\x0c\r\x0e\x0f\x10'
180,2,90001.5,1.7121279999999999,0.0,0.0,20,4,12,0,True,8,False,False,0,b'\x00\x01\x02\x03\x04\x05\x06\x07\x08\t\n\x0b\x0c\r\x0e\x0f\x10'
181,1,91000.0,1.7121279999999999,0.0,0.0,20,4,12,0,True,8,False,False,0,b'\x00\x01\x02\x03\x04\x05\x06\x07\x08\t\n\x0b\x0c\r\x0e\x0f\x10'
182,2,91001.5,1.7121279999999999,0.0,0.0,20,4,12,0,True,8,False,False,0,b'\x00\x01\x02\x03\x04\x05\x06\x07\x08\t\n\x0b\x0c\r\x0e\x0f\x10'
183,1,92000.0,1.7121279999999999,0.0,0.0,20,4,12,0,True,8,False,False,0,b'\x00\x01\x02\x03\x04\x05\x06\x07\x08\t\n\x0b\x0c\r\x0e\x0f\x10'
184,2,92001.5,1.7121279999999999,0.0,0.0,20,4,12,0,True,8,False,False,0,b'\x00\x01\x02\x03\x04\x05\x06\x07\x08\t\n\x0b\x0c\r\x0e\x0f\x10'
185,1,93000.0,1.7121279999999999,0.0,0.0,20,4,12,0,True,8,False,False,0,b'\x00\x01\x02\x03\x04\x05\x06\x07\x08\t\n\x0b\x0c\r\x0e\x0f\x10'
186,2,93001.5,1.7121279999999999,0.0,0.0,20,4,12,0,True,8,False,False,0,b'\x00\x01\x02\x03\x04\x05\x06\x07\x08\t\n\x0b\x0c\r\x0e\x0f\x10'
187,1,94000.0,1.7121279999999999,0.0,0.0,20,4,12,0,True,8,False,False,0,b'\x00\x01\x02\x03\x04\x05\x06\x07\x08\t\n\x0b\x0c\r\x0e\x0f\x10'
188,2,94001.5,1.7121279999999999,0.0,0.0,20,4,12,0,True,8,False,False,0,b'\x00\x01\x02\x03\x04\x05\x06\x07\x08\t\n\x0b\x0c\r\x0e\x0f\x10'
189,1,95000.0,1.7121279999999999,0.0,0.0,20,4,12,0,True,8,False,False,0,b'\x00\x01\x02\x03\x04\x05\x06\x07\x08\t\n\x0b\x0c\r\x0e\x0f\x10'
190,2,95001.5,1.7121279999999999,0.0,0.0,20,4,12,0,True,8,False,False,0,b'\x00\x01\x02\x03\x04\x05\x06\x07\x08\t\n\x0b\x0c\r\x0e\x0f\x10'
191,1,96000.0,1.7121279999999999,0.0,0.0,20,4,12,0,True,8,False,False,0,b'\x00\x01\x02\x03\x04\x05\x06\x07\x08\t\n\x0b\x0c\r\x0e\x0f\x10'
192,2,96001.5,1.7121279999999999,0.0,0.0,20,4,12,0,True,8,False,False,0,b'\x00\x01\x02\x03\x04\x05\x06\x07\x08\t\n\x0b\x0c\r\x0e\x0f\x10'
193,1,97000.0,1.7121279999999999,0.0,0.0,20,4,12,0,True,8,False,False,0,b'\x00\x01\x02\x03\x04\x05\x06\x07\x08\t\n\x0b\x0c\r\x0e\x0f\x10'
194,2,97001.5,1.7121279999999999,0.0,0.0,20,4,12,0,True,8,False,False,0,b'\x00\x01\x02\x03\x04\x05\x06\x07\x08\t\n\x0b\x0c\r\x0e\x0f\x10'
195,1,98000.0,1.7121279999999999,0.0,0.0,20,4,12,0,True,8,False,False,0,b'\x00\x01\x02\x03\x04\x05\x06\x07\x08\t\n\x0b\x0c\r\x0e\x0f\x10'
196,2,98001.5,1.7121279999999999,0.0,0.0,20,4,12,0,True,8,False,False,0,b'\x00\x01\x02\x03\x04\x05\x06\x07\x08\t\n\x0b\x0c\r\x0e\x0f\x10'
197,1,99000.0,1.7121279999999999,0.0,0.0,20,4,12,0,True,8,False,False,0,b'\x00\x01\x02\x03\x04\x05\x06\x07\x08\t\n\x0b\x0c\r\x0e\x0f\x10'
198,2,99001.5,1.7121279999999999,0.0,0.0,20,4,12,0,True,8,False,False,0,b'\x00\x01\x02\x03\x04\x05\x06\x07\x08\t\n\x0b\x0c\r\x0e\x0f\x10'
199,1,100000.0,1.7121279999999999,0.0,0.0,20,4,12,0,True,8,False,False,0,b'\x00\x01\x02\x03\x04\x05\x06\x07\x08\t\n\x0b\x0c\r\x0e\x0f\x10'
200,2,100001.5,1.7121279999999999,0.0,0.0,20,4,12,0,True,8,False,False,0,b'\x00\x01\x02\x03\x04\x05\x06\x07\x08\t\n\x0b\x0c\r\x0e\x0f\x10'
201,1,101000.0,1.7121279999999999,0.0,0.0,20,4,12,0,True,8,False,False,0,b'\x00\x01\x02\x03\x04\x05\x06\x07\x08\t\n\x0b\x0c\r\x0e\x0f\x10'
202,2,101001.5,1.7121279999999999,0.0,0.0,20,4,12,0,True,8,False,False,0,b'\x00\x01\x02\x03\x04\x05\x06\x07\x08\t\n\x0b\x0c\r\x0e\x0f\x10'
203,1,102000.0,1.7121279999999999,0.0,0.0,20,4,12,0,True,8,False,False,0,b'\x00\x01\x02\x03\x04\x05\x06\x07\x08\t\n\x0b\x0c\r\x0e\x0f\x10'
204,2,102001.5,1.7121279999999999,0.0,0.0,20,4,12,0,True,8,False,False,0,b'\x00\x01\x02\x03\x04\x05\x06\x07\x08\t\n\x0b\x0c\r\x0e\x0f\x10'
205,1,103000.0,1.7121279999999999,0.0,0.0,20,4,12,0,True,8,False,False,0,b'\x00\x01\x02\x03\x04\x05\x06\x07\x08\t\n\x0b\x0c\r\x0e\x0f\x10'
206,2,103001.5,1.7121279999999999,0.0,0.0,20,4,12,0,True,8,False,False,0,b'\x00\x01\x02\x03\x04\x05\x06\x07\x08\t\n\x0b\x0c\r\x0e\x0f\x10'
207,1,104000.0,1.7121279999999999,0.0,0.0,20,4,12,0,True,8,False,False,0,b'\x00\x01\x02\x03\x04\x05\x06\x07\x08\t\n\x0b\x0c\r\x0e\x0f\x10'
208,2,104001.5,1.7121279999999999,0.0,0.0,20,4,12,0,True,8,False,False,0,b'\x00\x01\x02\x03\x04\x05\x06\x07\x08\t\n\x0b\x0c\r\x0e\x0f\x10'
209,1,105000.0,1.7121279999999999,0.0,0.0,20,4,12,0,True,8,False,False,0,b'\x00\x01\x02\x03\x04\x05\x06\x07\x08\t\n\x0b\x0c\r\x0e\x0f\x10'
210,2,105001.5,1.7121279999999999,0.0,0.0,20,4,12,0,True,8,False,False,0,b'\x00\x01\x02\x03\x04\x05\x06\x07\x08\t\n\x0b\x0c\r\x0e\x0f\x10'
211,1,106000.0,1.7121279999999999,0.0,0.0,20,4,12,0,True,8,False,False,0,b'\x00\x01\x02\x03\x04\x05\x06\x07\x08\t\n\x0b\x0c\r\x0e\x0f\x10'
212,2,106001.5,1.7121279999999999,0.0,0.0,20,4,12,0,True,8,False,False,0,b'\x00\x01\x02\x03\x04\x05\x06\x07\x08\t\n\x0b\x0c\r\x0e\x0f\x10'
213,1,107000.0,1.7121279999999999,0.0,0.0,20,4,12,0,True,8,False,False,0,b'\x00\x01\x02\x03\x04\x05\x06\x07\x08\t\n\x0b\x0c\r\x0e\x0f\x10'
214,2,107001.5,1.7121279999999999,0.0,0.0,20,4,12,0,True,8,False,False,0,b'\x00\x01\x02\x03\x04\x05\x06\x07\x08\t\n\x0b\x0c\r\x0e\x0f\x10'
215,1,108000.0,1.7121279999999999,0.0,0.0,20,4,12,0,True,8,False,False,0,b'\x00\x01\x02\x03\x04\x05\x06\x07\x08\t\n\x0b\x0c\r\x0e\x0f\x10'
216,2,108001.5,1.7121279999999999,0.0,0.0,20,4,12,0,True,8,False,False,0,b'\x00\x01\x02\x03\x04\x05\x06\x07\x08\t\n\x0b\x0c\r\x0e\x0f\x10'
217,1,109000.0,1.7121279999999999,0.0,0.0,20,4,12,0,True,8,False,False,0,b'\x00\x01\x02\x03\x04\x05\x06\x07\x08\t\n\x0b\x0c\r\x0e\x0f\x10'
218,2,109001.5,1.7121279999999999,0.0,0.0,20,4,12,0,True,8,False,False,0,b'\x00\x01\x02\x03\x04\x05\x06\x07\x08\t\n\x0b\x0c\r\x0e\x0f\x10'
219,1,110000.0,1.7121279999999999,0.0,0.0,20,4,12,0,True,8,False,False,0,b'\x00\x01\x02\x03\x04\x05\x06\x07\x08\t\n\x0b\x0c\r\x0e\x0f\x10'
220,2,110001.5,1.7121279999999999,0.0,0.0,20,4,12,0,True,8,False,False,0,b'\x00\x01\x02\x03\x04\x05\x06\x07\x08\t\n\x0b\x0c\r\x0e\x0f\x10'
221,1,111000.0,1.7121279999999999,0.0,0.0,20,4,12,0,True,8,False,False,0,b'\x00\x01\x02\x03\x04\x05\x06\x07\x08\t\n\x0b\x0c\r\x0e\x0f\x10'
222,2,111001.5,1.7121279999999999,0.0,0.0,20,4,12,0,True,8,False,False,0,b'\x00\x01\x02\x03\x04\x05\x06\x07\x08\t\n\x0b\x0c\r\x0e\x0f\x10'
223,1,112000.0,1.7121279999999999,0.0,0.0,20,4,12,0,True,8,False,False,0,b'\x00\x01\x02\x03\x04\x05\x06\x07\x08\t\n\x0b\x0c\r\x0e\x0f\x10'
224,2,112001.5,1.7121279999999999,0.0,0.0,20,4,12,0,True,8,False,False,0,b'\x00\x01\x02\x03\x04\x05\x06\x07\x08\t\n\x0b\x0c\r\x0e\x0f\x10'
225,1,113000.0,1.7121279999999999,0.0,0.0,20,4,12,0,True,8,False,False,0,b'\x00\x01\x02\x03\x04\x05\x06\x07\x08\t\n\x0b\x0c\r\x0e\x0f\x10'
226,2,113001.5,1.7121279999999999,0.0,0.0,20,4,12,0,True,8,False,False,0,b'\x00\x01\x02\x03\x04\x05\x06\x07\x08\t\n\x0b\x0c\r\x0e\x0f\x10'
227,1,114000.0,1.7121279999999999,0.0,0.0,20,4,12,0,True,8,False,False,0,b'\x00\x01\x02\x03\x04\x05\x06\x07\x08\t\n\x0b\x0c\r\x0e\x0f\x10'
228,2,114001.5,1.7121279999999999,0.0,0.0,20,4,12,0,True,8,False,False,0,b'\x00\x01\x02\x03\x04\x05\x06\x07\x08\t\n\x0b\x0c\r\x0e\x0f\x10'
229,1,115000.0,1.7121279999999999,0.0,0.0,20,4,12,0,True,8,False,False,0,b'\x00\x01\x02\x03\x04\x05\x06\x07\x08\t\n\x0b\x0c\r\x0e\x0f\x10'
230,2,115001.5,1.7121279999999999,0.0,0.0,20,4,12,0,True,8,False,False,0,b'\x00\x01\x02\x03\x04\x05\x06\x07\x08\t\n\x0b\x0c\r\x0e\x0f\x10'
231,1,116000.0,1.7121279999999999,0.0,0.0,20,4,12,0,True,8,False,False,0,b'\x00\x01\x02\x03\x04\x05\x06\x07\x08\t\n\x0b\x0c\r\x0e\x0f\x10'
232,2,116001.5,1.7121279999999999,0.0,0.0,20,4,12,0,True,8,False,False,0,b'\x00\x01\x02\x03\x04\x05\x06\x07\x08\t\n\x0b\x0c\r\x0e\x0f\x10'
233,1,117000.0,1.7121279999999999,0.0,0.0,20,4,12,0,True,8,False,False,0,b'\x00\x01\x02\x03\x04\x05\x06\x07\x08\t\n\x0b\x0c\r\x0e\x0f\x10'
234,2,117001.5,1.7121279999999999,0.0,0.0,20,4,12,0,True,8,False,False,0,b'\x00\x01\x02\x03\x04\x05\x06\x07\x08\t\n\x0b\x0c\r\x0e\x0f\x10'
235,1,118000.0,1.7121279999999999,0.0,0.0,20,4,12,0,True,8,False,False,0,b'\x00\x01\x02\x03\x04\x05\x06\x07\x08\t\n\x0b\x0c\r\x0e\x0f\x10'
236,2,118001.5,1.7121279999999999,0.0,0.0,20,4,12,0,True,8,False,False,0,b'\x00\x01\x02\x03\x04\x05\x06\x07\x08\t\n\x0b\x0c\r\x0e\x0f\x10'
237,1,119000.0,1.7121279999999999,0.0,0.0,20,4,12,0,True,8,False,False,0,b'\x00\x01\x02\x03\x04\x05\x06\x07\x08\t\n\x0b\x0c\r\x0e\x0f\x10'
238,2,119001.5,1.7121279999999999,0.0,0.0,20,4,12,0,True,8,False,False,0,b'\x00\x01\x02\x03\x04\x05\x06\x07\x08\t\n\x0b\x0c\r\x0e\x0f\x10'
239,1,120000.0,1.7121279999999999,0.0,0.0,20,4,12,0,True,8,False,False,0,b'\x00\x01\x02\x03\x04\x05\x06\x07\x08\t\n\x0b\x0c\r\x0e\x0f\x10'
240,2,120001.5,1.7121279999999999,0.0,0.0,20,4,12,0,True,8,False,False,0,b'\x00\x01\x02\x03\x04\x05\x06\x07\x08\t\n\x0b\x0c\r\x0e\x0f\x10'
241,1,121000.0,1.7121279999999999,0.0,0.0,20,4,12,0,True,8,False,False,0,b'\x00\x01\x02\x03\x04\x05\x06\x07\x08\t\n\x0b\x0c\r\x0e\x0f\x10'
242,2,121001.5,1.7121279999999999,0.0,0.0,20,4,12,0,True,8,False,False,0,b'\x00\x01\x02\x03\x04\x05\x06\x07\x08\t\n\x0b\x0c\r\x0e\x0f\x10'
243,1,122000.0,1.7121279999999999,0.0,0.0,20,4,12,0,True,8,False,False,0,b'\x00\x01\x02\x03\x04\x05\x06\x07\x08\t\n\x0b\x0c\r\x0e\x0f\x10'
244,2,122001.5,1.7121279999999999,0.0,0.0,20,4,12,0,True,8,False,False,0,b'\x00\x01\x02\x03\x04\x05\x06\x07\x08\t\n\x0b\x0c\r\x0e\x0f\x10'
245,1,123000.0,1.7121279999999999,0.0,0.0,20,4,12,0,True,8,False,False,0,b'\x00\x01\x02\x03\x04\x05\x06\x07\x08\t\n\x0b\x0c\r\x0e\x0f\x10'
246,2,123001.5,1.7121279999999999,0.0,0.0,20,4,12,0,True,8,False,False,0,b'\x00\x01\x02\x03\x04\x05\x06\x07\x08\t\n\x0b\x0c\r\x0e\x0f\x10'
247,1,124000.0,1.7121279999999999,0.0,0.0,20,4,12,0,True,8,False,False,0,b'\x00\x01\x02\x03\x04\x05\x06\x07\x08\t\n\x0b\x0c\r\x0e\x0f\x10'
248,2,124001.5,1.7121279999999999,0.0,0.0,20,4,12,0,True,8,False,False,0,b'\x00\x01\x02\x03\x04\x05\x06\x07\x08\t\n\x0b\x0c\r\x0e\x0f\x10'
249,1,125000.0,1.7121279999999999,0.0,0.0,20,4,12,0,True,8,False,False,0,b'\x00\x01\x02\x03\x04\x05\x06\x07\x08\t\n\x0b\x0c\r\x0e\x0f\x10'
250,2,125001.5,1.7121279999999999,0.0,0.0,20,4,12,0,True,8,False,False,0,b'\x00\x01\x02\x03\x04\x05\x06\x07\x08\t\n\x0b\x0c\r\x0e\x0f\x10'
251,1,126000.0,1.7121279999999999,0.0,0.0,20,4,12,0,True,8,False,False,0,b'\x00\x01\x02\x03\x04\x05\x06\x07\x08\t\n\x0b\x0c\r\x0e\x0f\x10'
252,2,126001.5,1.7121279999999999,0.0,0.0,20,4,12,0,True,8,False,False,0,b'\x00\x01\x02\x03\x04\x05\x06\x07\x08\t\n\x0b\x0c\r\x0e\x0f\x10'
253,1,127000.0,1.7121279999999999,0.0,0.0,20,4,12,0,True,8,False,False,0,b'\x00\x01\x02\x03\x04\x05\x06\x07\x08\t\n\x0b\x0c\r\x0e\x0f\x10'
254,2,127001.5,1.7121279999999999,0.0,0.0,20,4,12,0,True,8,False,False,0,b'\x00\x01\x02\x03\x04\x05\x06\x07\x08\t\n\x0b\x0c\r\x0e\x0f\x10'
255,1,128000.0,1.7121279999999999,0.0,0.0,20,4,12,0,True,8,False,False,0,b'\x00\x01\x02\x03\x04\x05\x06\x07\x08\t\n\x0b\x0c\r\x0e\x0f\x10'
256,2,128001.5,1.7121279999999999,0.0,0.0,20,4,12,0,True,8,False,False,0,b'\x00\x01\x02\x03\x04\x05\x06\x07\x08\t\n\x0b\x0c\r\x0e\x0f\x10'
257,1,129000.0,1.7121279999999999,0.0,0.0,20,4,12,0,True,8,False,False,0,b'\x00\x01\x02\x03\x04\x05\x06\x07\x08\t\n\x0b\x0c\r\x0e\x0f\x10'
258,2,129001.5,1.7121279999999999,0.0,0.0,20,4,12,0,True,8,False,False,0,b'\x00\x01\x02\x03\x04\x05\x06\x07\x08\t\n\x0b\x0c\r\x0e\x0f\x10'
259,1,130000.0,1.7121279999999999,0.0,0.0,20,4,12,0,True,8,False,False,0,b'\x00\x01\x02\x03\x04\x05\x06\x07\x08\t\n\x0b\x0c\r\x0e\x0f\x10'
260,2,130001.5,1.7121279999999999,0.0,0.0,20,4,12,0,True,8,False,False,0,b'\x00\x01\x02\x03\x04\x05\x06\x07\x08\t\n\x0b\x0c\r\x0e\x0f\x10'
261,1,131000.0,1.7121279999999999,0.0,0.0,20,4,12,0,True,8,False,False,0,b'\x00\x01\x02\x03\x04\x05\x06\x07\x08\t\n\x0b\x0c\r\x0e\x0f\x10'
262,2,131001.5,1.7121279999999999,0.0,0.0,20,4,12,0,True,8,False,False,0,b'\x00\x01\x02\x03\x04\x05\x06\x07\x08\t\n\x0b\x0c\r\x0e\x0f\x10'
263,1,132000.0,1.7121279999999999,0.0,0.0,20,4,12,0,True,8,False,False,0,b'\x00\x01\x02\x03\x04\x05\x06\x07\x08\t\n\x0b\x0c\r\x0e\x0f\x10'
264,2,132001.5,1.7121279999999999,0.0,0.0,20,4,12,0,True,8,False,False,0,b'\x00\x01\x02\x03\x04\x05\x06\x07\x08\t\n\x0b\x0c\r\x0e\x0f\x10'
265,1,133000.0,1.7121279999999999,0.0,0.0,20,4,12,0,True,8,False,False,0,b'\x00\x01\x02\x03\x04\x05\x06\x07\x08\t\n\x0b\x0c\r\x0e\x0f\x10'
266,2,133001.5,1.7121279999999999,0.0,0.0,20,4,12,0,True,8,False,False,0,b'\x00\x01\x02\x03\x04\x05\x06\x07\x08\t\n\x0b\x0c\r\x0e\x0f\x10'
267,1,134000.0,1.7121279999999999,0.0,0.0,20,4,12,0,True,8,False,False,0,b'\x00\x01\x02\x03\x04\x05\x06\x07\x08\t\n\x0b\x0c\r\x0e\x0f\x10'
268,2,134001.5,1.7121279999999999,0.0,0.0,20,4,12,0,True,8,False,False,0,b'\x00\x01\x02\x03\x04\x05\x06\x07\x08\t\n\x0b\x0c\r\x0e\x0f\x10'
269,1,135000.0,1.7121279999999999,0.0,0.0,20,4,12,0,True,8,False,False,0,b'\x00\x01\x02\x03\x04\x05\x06\x07\x08\t\n\x0b\x0c\r\x0e\x0f\x10'
270,2,135001.5,1.7121279999999999,0.0,0.0,20,4,12,0,True,8,False,False,0,b'\x00\x01\x02\x03\x04\x05\x06\x07\x08\t\n\x0b\x0c\r\x0e\x0f\x10'
271,1,136000.0,1.7121279999999999,0.0,0.0,20,4,12,0,True,8,False,False,0,b'\x00\x01\x02\x03\x04\x05\x06\x07\x08\t\n\x0b\x0c\r\x0e\x0f\x10'
272,2,136001.5,1.7121279999999999,0.0,0.0,20,4,12,0,True,8,False,False,0,b'\x00\x01\x02\x03\x04\x05\x06\x07\x08\t\n\x0b\x0c\r\x0e\x0f\x10'
273,1,137000.0,1.7121279999999999,0.0,0.0,20,4,12,0,True,8,False,False,0,b'\x00\x01\x02\x03\x04\x05\x06\x07\x08\t\n\x0b\x0c\r\x0e\x0f\x10'
274,2,137001.5,1.7121279999999999,0.0,0.0,20,4,12,0,True,8,False,False,0,b'\x00\x01\x02\x03\x04\x05\x06\x07\x08\t\n\x0b\x0c\r\x0e\x0f\x10'
275,1,138000.0,1.7121279999999999,0.0,0.0,20,4,12,0,True,8,False,False,0,b'\x00\x01\x02\x03\x04\x05\x06\x07\x08\t\n\x0b\x0c\r\x0e\x0f\x10'
276,2,138001.5,1.7121279999999999,0.0,0.0,20,4,12,0,True,8,False,False,0,b'\x00\x01\x02\x03\x04\x05\x06\x07\x08\t\n\x0b\x0c\r\x0e\x0f\x10'
277,1,139000.0,1.7121279999999999,0.0,0.0,20,4,12,0,True,8,False,False,0,b'\x00\x01\x02\x03\x04\x05\x06\x07\x08\t\n\x0b\x0c\r\x0e\x0f\x10'
278,2,139001.5,1.7121279999999999,0.0,0.0,20,4,12,0,True,8,False,False,0,b'\x00\x01\x02\x03\x04\x05\x06\x07\x08\t\n\x0b\x0c\r\x0e\x0f\x10'
279,1,140000.0,1.7121279999999999,0.0,0.0,20,4,12,0,True,8,False,False,0,b'\x00\x01\x02\x03\x04\x05\x06\x07\x08\t\n\x0b\x0c\r\x0e\x0f\x10'
280,2,140001.5,1.7121279999999999,0.0,0.0,20,4,12,0,True,8,False,False,0,b'\x00\x01\x02\x03\x04\x05\x06\x07\x08\t\n\x0b\x0c\r\x0e\x0f\x10'
281,1,141000.0,1.7121279999999999,0.0,0.0,20,4,12,0,True,8,False,False,0,b'\x00\x01\x02\x03\x04\x05\x06\x07\x08\t\n\x0b\x0c\r\x0e\x0f\x10'
282,2,141001.5,1.7121279999999999,0.0,0.0,20,4,12,0,True,8,False,False,0,b'\x00\x01\x02\x03\x04\x05\x06\x07\x08\t\n\x0b\x0c\r\x0e\x0f\x10'
283,1,142000.0,1.7121279999999999,0.0,0.0,20,4,12,0,True,8,False,False,0,b'\x00\x01\x02\x03\x04\x05\x06\x07\x08\t\n\x0b\x0c\r\x0e\x0f\x10'
284,2,142001.5,1.7121279999999999,0.0,0.0,20,4,12,0,True,8,False,False,0,b'\x00\x01\x02\x03\x04\x05\x06\x07\x08\t\n\x0b\x0c\r\x0e\x0f\x10'
285,1,143000.0,1.7121279999999999,0.0,0.0,20,4,12,0,True,8,False,False,0,b'\x00\x01\x02\x03\x04\x05\x06\x07\x08\t\n\x0b\x0c\r\x0e\x0f\x10'
286,2,143001.5,1.7121279999999999,0.0,0.0,20,4,12,0,True,8,False,False,0,b'\x00\x01\x02\x03\x04\x05\x06\x07\x08\t\n\x0b\x0c\r\x0e\x0f\x10'
287,1,144000.0,1.7121279999999999,0.0,0.0,20,4,12,0,True,8,False,False,0,b'\x00\x01\x02\x03\x04\x05\x06\x07\x08\t\n\x0b\x0c\r\x0e\x0f\x10'
288,2,144001.5,1.7121279999999999,0.0,0.0,20,4,12,0,True,8,False,False,0,b'\x00\x01\x02\x03\x04\x05\x06\x07\x08\t\n\x0b\x0c\r\x0e\x0f\x10'
289,1,145000.0,1.7121279999999999,0.0,0.0,20,4,12,0,True,8,False,False,0,b'\x00\x01\x02\x03\x04\x05\x06\x07\x08\t\n\x0b\x0c\r\x0e\x0f\x10'
290,2,145001.5,1.7121279999999999,0.0,0.0,20,4,12,0,True,8,False,False,0,b'\x00\x01\x02\x03\x04\x05\x06\x07\x08\t\n\x0b\x0c\r\x0e\x0f\x10'
291,1,146000.0,1.7121279999999999,0.0,0.0,20,4,12,0,True,8,False,False,0,b'\x00\x01\x02\x03\x04\x05\x06\x07\x08\t\n\x0b\x0c\r\x0e\x0f\x10'
292,2,146001.5,1.7121279999999999,0.0,0.0,20,4,12,0,True,8,False,False,0,b'\x00\x01\x02\x03\x04\x05\x06\x07\x08\t\n\x0b\x0c\r\x0e\x0f\x10'
293,1,147000.0,1.7121279999999999,0.0,0.0,20,4,12,0,True,8,False,False,0,b'\x00\x01\x02\x03\x04\x05\x06\x07\x08\t\n\x0b\x0c\r\x0e\x0f\x10'
294,2,147001.5,1.7121279999999999,0.0,0.0,20,4,12,0,True,8,False,False,0,b'\x00\x01\x02\x03\x04\x05\x06\x07\x08\t\n\x0b\x0c\r\x0e\x0f\x10'
295,1,148000.0,1.7121279999999999,0.0,0.0,20,4,12,0,True,8,False,False,0,b'\x00\x01\x02\x03\x04\x05\x06\x07\x08\t\n\x0b\x0c\r\x0e\x0f\x10'
296,2,148001.5,1.7121279999999999,0.0,0.0,20,4,12,0,True,8,False,False,0,b'\x00\x01\x02\x03\x04\x05\x06\x07\x08\t\n\x0b\x0c\r\x0e\x0f\x10'
297,1,149000.0,1.7121279999999999,0.0,0.0,20,4,12,0,True,8,False,False,0,b'\x00\x01\x02\x03\x04\x05\x06\x07\x08\t\n\x0b\x0c\r\x0e\x0f\x10'
298,2,149001.5,1.7121279999999999,0.0,0.0,20,4,12,0,True,8,False,False,0,b'\x00\x01\x02\x03\x04\x05\x06\x07\x08\t\n\x0b\x0c\r\x0e\x0f\x10'
299,1,150000.0,1.7121279999999999,0.0,0.0,20,4,12,0,True,8,False,False,0,b'\x00\x01\x02\x03\x04\x05\x06\x07\x08\t\n\x0b\x0c\r\x0e\x0f\x10'
300,2,150001.5,1.7121279999999999,0.0,0.0,20,4,12,0,True,8,False,False,0,b'\x00\x01\x02\x03\x04\x05\x06\x07\x08\t\n\x0b\x0c\r\x0e\x0f\x10'
301,1,151000.0,1.7121279999999999,0.0,0.0,20,4,12,0,True,8,False,False,0,b'\x00\x01\x02\x03\x04\x05\x06\x07\x08\t\n\x0b\x0c\r\x0e\x0f\x10'
302,2,151001.5,1.7121279999999999,0.0,0.0,20,4,12,0,True,8,False,False,0,b'\x00\x01\x02\x03\x04\x05\x06\x07\x08\t\n\x0b\x0c\r\x0e\x0f\x10'
303,1,152000.0,1.7121279999999999,0.0,0.0,20,4,12,0,True,8,False,False,0,b'\x00\x01\x02\x03\x04\x05\x06\x07\x08\t\n\x0b\x0c\r\x0e\x0f\x10'
304,2,152001.5,1.7121279999999999,0.0,0.0,20,4,12,0,True,8,False,False,0,b'\x00\x01\x02\x03\x04\x05\x06\x07\x08\t\n\x0b\x0c\r\x0e\x0f\x10'
305,1,153000.0,1.7121279999999999,0.0,0.0,20,4,12,0,True,8,False,False,0,b'\x00\x01\x02\x03\x04\x05\x06\x07\x08\t\n\x0b\x0c\r\x0e\x0f\x10'
306,2,153001.5,1.7121279999999999,0.0,0.0,20,4,12,0,True,8,False,False,0,b'\x00\x01\x02\x03\x04\x05\x06\x07\x08\t\n\x0b\x0c\r\x0e\x0f\x10'
307,1,154000.0,1.7121279999999999,0.0,0.0,20,4,12,0,True,8,False,False,0,b'\x00\x01\x02\x03\x04\x05\x06\x07\x08\t\n\x0b\x0c\r\x0e\x0f\x10'
308,2,154001.5,1.7121279999999999,0.0,0.0,20,4,12,0,True,8,False,False,0,b'\x00\x01\x02\x03\x04\x05\x06\x07\x08\t\n\x0b\x0c\r\x0e\x0f\x10'
309,1,155000.0,1.7121279999999999,0.0,0.0,20,4,12,0,True,8,False,False,0,b'\x00\x01\x02\x03\x04\x05\x06\x07\x08\t\n\x0b\x0c\r\x0e\x0f\x10'
310,2,155001.5,1.7121279999999999,0.0,0.0,20,4,12,0,True,8,False,False,0,b'\x00\x01\x02\x03\x04\x05\x06\x07\x08\t\n\x0b\x0c\r\x0e\x0f\x10'
311,1,156000.0,1.7121279999999999,0.0,0.0,20,4,12,0,True,8,False,False,0,b'\x00\x01\x02\x03\x04\x05\x06\x07\x08\t\n\x0b\x0c\r\x0e\x0f\x10'
312,2,156001.5,1.7121279999999999,0.0,0.0,20,4,12,0,True,8,False,False,0,b'\x00\x01\x02\x03\x04\x05\x06\x07\x08\t\n\x0b\x0c\r\x0e\x0f\x10'
313,1,157000.0,1.7121279999999999,0.0,0.0,20,4,12,0,True,8,False,False,0,b'\x00\x01\x02\x03\x04\x05\x06\x07\x08\t\n\x0b\x0c\r\x0e\x0f\x10'
314,2,157001.5,1.7121279999999999,0.0,0.0,20,4,12,0,True,8,False,False,0,b'\x00\x01\x02\x03\x04\x05\x06\x07\x08\t\n\x0b\x0c\r\x0e\x0f\x10'
315,1,158000.0,1.7121279999999999,0.0,0.0,20,4,12,0,True,8,False,False,0,b'\x00\x01\x02\x03\x04\x05\x06\x07\x08\t\n\x0b\x0c\r\x0e\x0f\x10'
316,2,158001.5,1.7121279999999999,0.0,0.0,20,4,12,0,True,8,False,False,0,b'\x00\x01\x02\x03\x04\x05\x06\x07\x08\t\n\x0b\x0c\r\x0e\x0f\x10'
317,1,159000.0,1.7121279999999999,0.0,0.0,20,4,12,0,True,8,False,False,0,b'\x00\x01\x02\x03\x04\x05\x06\x07\x08\t\n\x0b\x0c\r\x0e\x0f\x10'
318,2,159001.5,1.7121279999999999,0.0,0.0,20,4,12,0,True,8,False,False,0,b'\x00\x01\x02\x03\x04\x05\x06\x07\x08\t\n\x0b\x0c\r\x0e\x0f\x10'
319,1,160000.0,1.7121279999999999,0.0,0.0,20,4,12,0,True,8,False,False,0,b'\x00\x01\x02\x03\x04\x05\x06\x07\x08\t\n\x0b\x0c\r\x0e\x0f\x10'
320,2,160001.5,1.7121279999999999,0.0,0.0,20,4,12,0,True,8,False,False,0,b'\x00\x01\x02\x03\x04\x05\x06\x07\x08\t\n\x0b\x0c\r\x0e\x0f\x10'
321,1,161000.0,1.7121279999999999,0.0,0.0,20,4,12,0,True,8,False,False,0,b'\x00\x01\x02\x03\x04\x05\x06\x07\x08\t\n\x0b\x0c\r\x0e\x0f\x10'
322,2,161001.5,1.7121279999999999,0.0,0.0,20,4,12,0,True,8,False,False,0,b'\x00\x01\x02\x03\x04\x05\x06\x07\x08\t\n\x0b\x0c\r\x0e\x0f\x10'
323,1,162000.0,1.7121279999999999,0.0,0.0,20,4,12,0,True,8,False,False,0,b'\x00\x01\x02\x03\x04\x05\x06\x07\x08\t\n\x0b\x0c\r\x0e\x0f\x10'
324,2,162001.5,1.7121279999999999,0.0,0.0,20,4,12,0,True,8,False,False,0,b'\x00\x01\x02\x03\x04\x05\x06\x07\x08\t\n\x0b\x0c\r\x0e\x0f\x10'
325,1,163000.0,1.7121279999999999,0.0,0.0,20,4,12,0,True,8,False,False,0,b'\x00\x01\x02\x03\x04\x05\x06\x07\x08\t\n\x0b\x0c\r\x0e\x0f\x10'
326,2,163001.5,1.7121279999999999,0.0,0.0,20,4,12,0,True,8,False,False,0,b'\x00\x01\x02\x03\x04\x05\x06\x07\x08\t\n\x0b\x0c\r\x0e\x0f\x10'
327,1,164000.0,1.7121279999999999,0.0,0.0,20,4,12,0,True,8,False,False,0,b'\x00\x01\x02\x03\x04\x05\x06\x07\x08\t\n\x0b\x0c\r\x0e\x0f\x10'
328,2,164001.5,1.7121279999999999,0.0,0.0,20,4,12,0,True,8,False,False,0,b'\x00\x01\x02\x03\x04\x05\x06\x07\x08\t\n\x0b\x0c\r\x0e\x0f\x10'
329,1,165000.0,1.7121279999999999,0.0,0.0,20,4,12,0,True,8,False,False,0,b'\x00\x01\x02\x03\x04\x05\x06\x07\x08\t\n\x0b\x0c\r\x0e\x0f\x10'
330,2,165001.5,1.7121279999999999,0.0,0.0,20,4,12,0,True,8,False,False,0,b'\x00\x01\x02\x03\x04\x05\x06\x07\x08\t\n\x0b\x0c\r\x0e\x0f\x10'
331,1,166000.0,1.7121279999999999,0.0,0.0,20,4,12,0,True,8,False,False,0,b'\x00\x01\x02\x03\x04\x05\x06\x07\x08\t\n\x0b\x0c\r\x0e\x0f\x10'
332,2,166001.5,1.7121279999999999,0.0,0.0,20,4,12,0,True,8,False,False,0,b'\x00\x01\x02\x03\x04\x05\x06\x07\x08\t\n\x0b\x0c\r\x0e\x0f\x10'
333,1,167000.0,1.7121279999999999,0.0,0.0,20,4,12,0,True,8,False,False,0,b'\x00\x01\x02\x03\x04\x05\x06\x07\x08\t\n\x0b\x0c\r\x0e\x0f\x10'
334,2,167001.5,1.7121279999999999,0.0,0.0,20,4,12,0,True,8,False,False,0,b'\x00\x01\x02\x03\x04\x05\x06\x07\x08\t\n\x0b\x0c\r\x0e\x0f\x10'
335,1,168000.0,1.7121279999999999,0.0,0.0,20,4,12,0,True,8,False,False,0,b'\x00\x01\x02\x03\x04\x05\x06\x07\x08\t\n\x0b\x0c\r\x0e\x0f\x10'
336,2,168001.5,1.7121279999999999,0.0,0.0,20,4,12,0,True,8,False,False,0,b'\x00\x01\x02\x03\x04\x05\x06\x07\x08\t\n\x0b\x0c\r\x0e\x0f\x10'
337,1,169000.0,1.7121279999999999,0.0,0.0,20,4,12,0,True,8,False,False,0,b'\x00\x01\x02\x03\x04\x05\x06\x07\x08\t\n\x0b\x0c\r\x0e\x0f\x10'
338,2,169001.5,1.7121279999999999,0.0,0.0,20,4,12,0,True,8,False,False,0,b'\x00\x01\x02\x03\x04\x05\x06\x07\x08\t\n\x0b\x0c\r\x0e\x0f\x10'
339,1,170000.0,1.7121279999999999,0.0,0.0,20,4,12,0,True,8,False,False,0,b'\x00\x01\x02\x03\x04\x05\x06\x07\x08\t\n\x0b\x0c\r\x0e\x0f\x10'
340,2,170001.5,1.7121279999999999,0.0,0.0,20,4,12,0,True,8,False,False,0,b'\x00\x01\x02\x03\x04\x05\x06\x07\x08\t\n\x0b\x0c\r\x0e\x0f\x10'
341,1,171000.0,1.7121279999999999,0.0,0.0,20,4,12,0,True,8,False,False,0,b'\x00\x01\x02\x03\x04\x05\x06\x07\x08\t\n\x0b\x0c\r\x0e\x0f\x10'
342,2,171001.5,1.7121279999999999,0.0,0.0,20,4,12,0,True,8,False,False,0,b'\x00\x01\x02\x03\x04\x05\x06\x07\x08\t\n\x0b\x0c\r\x0e\x0f\x10'
343,1,172000.0,1.7121279999999999,0.0,0.0,20,4,12,0,True,8,False,False,0,b'\x00\x01\x02\x03\x04\x05\x06\x07\x08\t\n\x0b\x0c\r\x0e\x0f\x10'
344,2,172001.5,1.7121279999999999,0.0,0.0,20,4,12,0,True,8,False,False,0,b'\x00\x01\x02\x03\x04\x05\x06\x07\x08\t\n\x0b\x0c\r\x0e\x0f\x10'
345,1,173000.0,1.7121279999999999,0.0,0.0,20,4,12,0,True,8,False,False,0,b'\x00\x01\x02\x03\x04\x05\x06\x07\x08\t\n\x0b\x0c\r\x0e\x0f\x10'
346,2,173001.5,1.7121279999999999,0.0,0.0,20,4,12,0,True,8,False,False,0,b'\x00\x01\x02\x03\x04\x05\x06\x07\x08\t\n\x0b\x0c\r\x0e\x0f\x10'
347,1,174000.0,1.7121279999999999,0.0,0.0,20,4,12,0,True,8,False,False,0,b'\x00\x01\x02\x03\x04\x05\x06\x07\x08\t\n\x0b\x0c\r\x0e\x0f\x10'
348,2,174001.5,1.7121279999999999,0.0,0.0,20,4,12,0,True,8,False,False,0,b'\x00\x01\x02\x03\x04\x05\x06\x07\x08\t\n\x0b\x0c\r\x0e\x0f\x10'
349,1,175000.0,1.7121279999999999,0.0,0.0,20,4,12,0,True,8,False,False,0,b'\x00\x01\x02\x03\x04\x05\x06\x07\x08\t\n\x0b\x0c\r\x0e\x0f\x10'
350,2,175001.5,1.7121279999999999,0.0,0.0,20,4,12,0,True,8,False,False,0,b'\x00\x01\x02\x03\x04\x05\x06\x07\x08\t\n\x0b\x0c\r\x0e\x0f\x10'
351,1,176000.0,1.7121279999999999,0.0,0.0,20,4,12,0,True,8,False,False,0,b'\x00\x01\x02\x03\x04\x05\x06\x07\x08\t\n\x0b\x0c\r\x0e\x0f\x10'
352,2,176001.5,1.7121279999999999,0.0,0.0,20,4,12,0,True,8,False,False,0,b'\x00\x01\x02\x03\x04\x05\x06\x07\x08\t\n\x0b\x0c\r\x0e\x0f\x10'
353,1,177000.0,1.7121279999999999,0.0,0.0,20,4,12,0,True,8,False,False,0,b'\x00\x01\x02\x03\x04\x05\x06\x07\x08\t\n\x0b\x0c\r\x0e\x0f\x10'
354,2,177001.5,1.7121279999999999,0.0,0.0,20,4,12,0,True,8,False,False,0,b'\x00\x01\x02\x03\x04\x05\x06\x07\x08\t\n\x0b\x0c\r\x0e\x0f\x10'
355,1,178000.0,1.7121279999999999,0.0,0.0,20,4,12,0,True,8,False,False,0,b'\x00\x01\x02\x03\x04\x05\x06\x07\x08\t\n\x0b\x0c\r\x0e\x0f\x10'
356,2,178001.5,1.7121279999999999,0.0,0.0,20,4,12,0,True,8,False,False,0,b'\x00\x01\x02\x03\x04\x05\x06\x07\x08\t\n\x0b\x0c\r\x0e\x0f\x10'
357,1,179000.0,1.7121279999999999,0.0,0.0,20,4,12,0,True,8,False,False,0,b'\x00\x01\x02\x03\x04\x05\x06\x07\x08\t\n\x0b\x0c\r\x0e\x0f\x10'
358,2,179001.5,1.7121279999999999,0.0,0.0,20,4,12,0,True,8,False,False,0,b'\x00\x01\x02\x03\x04\x05\x06\x07\x08\t\n\x0b\x0c\r\x0e\x0f\x10'
359,1,180000.0,1.7121279999999999,0.0,0.0,20,4,12,0,True,8,False,False,0,b'\x00\x01\x02\x03\x04\x05\x06\x07\x08\t\n\x0b\x0c\r\x0e\x0f\x10'
360,2,180001.5,1.7121279999999999,0.0,0.0,20,4,12,0,True,8,False,False,0,b'\x00\x01\x02\x03\x04\x05\x06\x07\x08\t\n\x0b\x0c\r\x0e\x0f\x10'
361,1,181000.0,1.7121279999999999,0.0,0.0,20,4,12,0,True,8,False,False,0,b'\x00\x01\x02\x03\x04\x05\x06\x07\x08\t\n\x0b\x0c\r\x0e\x0f\x10'
362,2,181001.5,1.7121279999999999,0.0,0.0,20,4,12,0,True,8,False,False,0,b'\x00\x01\x02\x03\x04\x05\x06\x07\x08\t\n\x0b\x0c\r\x0e\x0f\x10'
363,1,182000.0,1.7121279999999999,0.0,0.0,20,4,12,0,True,8,False,False,0,b'\x00\x01\x02\x03\x04\x05\x06\x07\x08\t\n\x0b\x0c\r\x0e\x0f\x10'
364,2,182001.5,1.7121279999999999,0.0,0.0,20,4,12,0,True,8,False,False,0,b'\x00\x01\x02\x03\x04\x05\x06\x07\x08\t\n\x0b\x0c\r\x0e\x0f\x10'
365,1,183000.0,1.7121279999999999,0.0,0.0,20,4,12,0,True,8,False,False,0,b'\x00\x01\x02\x03\x04\x05\x06\x07\x08\t\n\x0b\x0c\r\x0e\x0f\x10'
366,2,183001.5,1.7121279999999999,0.0,0.0,20,4,12,0,True,8,False,False,0,b'\x00\x01\x02\x03\x04\x05\x06\x07\x08\t\n\x0b\x0c\r\x0e\x0f\x10'
367,1,184000.0,1.7121279999999999,0.0,0.0,20,4,12,0,True,8,False,False,0,b'\x00\x01\x02\x03\x04\x05\x06\x07\x08\t\n\x0b\x0c\r\x0e\x0f\x10'
368,2,184001.5,1.7121279999999999,0.0,0.0,20,4,12,0,True,8,False,False,0,b'\x00\x01\x02\x03\x04\x05\x06\x07\x08\t\n\x0b\x0c\r\x0e\x0f\x10'
369,1,185000.0,1.7121279999999999,0.0,0.0,20,4,12,0,True,8,False,False,0,b'\x00\x01\x02\x03\x04\x05\x06\x07\x08\t\n\x0b\x0c\r\x0e\x0f\x10'
370,2,185001.5,1.7121279999999999,0.0,0.0,20,4,12,0,True,8,False,False,0,b'\x00\x01\x02\x03\x04\x05\x06\x07\x08\t\n\x0b\x0c\r\x0e\x0f\x10'
371,1,186000.0,1.7121279999999999,0.0,0.0,20,4,12,0,True,8,False,False,0,b'\x00\x01\x02\x03\x04\x05\x06\x07\x08\t\n\x0b\x0c\r\x0e\x0f\x10'
372,2,186001.5,1.7121279999999999,0.0,0.0,20,4,12,0,True,8,False,False,0,b'\x00\x01\x02\x03\x04\x05\x06\x07\x08\t\n\x0b\x0c\r\x0e\x0f\x10'
373,1,187000.0,1.7121279999999999,0.0,0.0,20,4,12,0,True,8,False,False,0,b'\x00\x01\x02\x03\x04\x05\x06\x07\x08\t\n\x0b\x0c\r\x0e\x0f\x10'
374,2,187001.5,1.7121279999999999,0.0,0.0,20,4,12,0,True,8,False,False,0,b'\x00\x01\x02\x03\x04\x05\x06\x07\x08\t\n\x0b\x0c\r\x0e\x0f\x10'
375,1,188000.0,1.7121279999999999,0.0,0.0,20,4,12,0,True,8,False,False,0,b'\x00\x01\x02\x03\x04\x05\x06\x07\x08\t\n\x0b\x0c\r\x0e\x0f\x10'
376,2,188001.5,1.7121279999999999,0.0,0.0,20,4,12,0,True,8,False,False,0,b'\x00\x01\x02\x03\x04\x05\x06\x07\x08\t\n\x0b\x0c\r\x0e\x0f\x10'
377,1,189000.0,1.7121279999999999,0.0,0.0,20,4,12,0,True,8,False,False,0,b'\x00\x01\x02\x03\x04\x05\x06\x07\x08\t\n\x0b\x0c\r\x0e\x0f\x10'
378,2,189001.5,1.7121279999999999,0.0,0.0,20,4,12,0,True,8,False,False,0,b'\x00\x01\x02\x03\x04\x05\x06\x07\x08\t\n\x0b\x0c\r\x0e\x0f\x10'
379,1,190000.0,1.7121279999999999,0.0,0.0,20,4,12,0,True,8,False,False,0,b'\x00\x01\x02\x03\x04\x05\x06\x07\x08\t\n\x0b\x0c\r\x0e\x0f\x10'
380,2,190001.5,1.7121279999999999,0.0,0.0,20,4,12,0,True,8,False,False,0,b'\x00\x01\x02\x03\x04\x05\x06\x07\x08\t\n\x0b\x0c\r\x0e\x0f\x10'
381,1,191000.0,1.7121279999999999,0.0,0.0,20,4,12,0,True,8,False,False,0,b'\x00\x01\x02\x03\x04\x05\x06\x07\x08\t\n\x0b\x0c\r\x0e\x0f\x10'
382,2,191001.5,1.7121279999999999,0.0,0.0,20,4,12,0,True,8,False,False,0,b'\x00\x01\x02\x03\x04\x05\x06\x07\x08\t\n\x0b\x0c\r\x0e\x0f\x10'
383,1,192000.0,1.7121279999999999,0.0,0.0,20,4,12,0,True,8,False,False,0,b'\x00\x01\x02\x03\x04\x05\x06\x07\x08\t\n\x0b\x0c\r\x0e\x0f\x10'
384,2,192001.5,1.7121279999999999,0.0,0.0,20,4,12,0,True,8,False,False,0,b'\x00\x01\x02\x03\x04\x05\x06\x07\x08\t\n\x0b\x0c\r\x0e\x0f\x10'
385,1,193000.0,1.7121279999999999,0.0,0.0,20,4,12,0,True,8,False,False,0,b'\x00\x01\x02\x03\x04\x05\x06\x07\x08\t\n\x0b\x0c\r\x0e\x0f\x10'
386,2,193001.5,1.7121279999999999,0.0,0.0,20,4,12,0,True,8,False,False,0,b'\x00\x01\x02\x03\x04\x05\x06\x07\x08\t\n\x0b\x0c\r\x0e\x0f\x10'
387,1,194000.0,1.7121279999999999,0.0,0.0,20,4,12,0,True,8,False,False,0,b'\x00\x01\x02\x03\x04\x05\x06\x07\x08\t\n\x0b\x0c\r\x0e\x0f\x10'
388,2,194001.5,1.7121279999999999,0.0,0.0,20,4,12,0,True,8,False,False,0,b'\x00\x01\x02\x03\x04\x05\x06\x07\x08\t\n\x0b\x0c\r\x0e\x0f\x10'
389,1,195000.0,1.7121279999999999,0.0,0.0,20,4,12,0,True,8,False,False,0,b'\x00\x01\x02\x03\x04\x05\x06\x07\x08\t\n\x0b\x0c\r\x0e\x0f\x10'
390,2,195001.5,1.7121279999999999,0.0,0.0,20,4,12,0,True,8,False,False,0,b'\x00\x01\x02\x03\x04\x05\x06\x07\x08\t\n\x0b\x0c\r\x0e\x0f\x10'
391,1,196000.0,1.7121279999999999,0.0,0.0,20,4,12,0,True,8,False,False,0,b'\x00\x01\x02\x03\x04\x05\x06\x07\x08\t\n\x0b\x0c\r\x0e\x0f\x10'
392,2,196001.5,1.7121279999999999,0.0,0.0,20,4,12,0,True,8,False,False,0,b'\x00\x01\x02\x03\x04\x05\x06\x07\x08\t\n\x0b\x0c\r\x0e\x0f\x10'
393,1,197000.0,1.7121279999999999,0.0,0.0,20,4,12,0,True,8,False,False,0,b'\x00\x01\x02\x03\x04\x05\x06\x07\x08\t\n\x0b\x0c\r\x0e\x0f\x10'
394,2,197001.5,1.7121279999999999,0.0,0.0,20,4,12,0,True,8,False,False,0,b'\x00\x01\x02\x03\x04\x05\x06\x07\x08\t\n\x0b\x0c\r\x0e\x0f\x10'
395,1,198000.0,1.7121279999999999,0.0,0.0,20,4,12,0,True,8,False,False,0,b'\x00\x01\x02\x03\x04\x05\x06\x07\x08\t\n\x0b\x0c\r\x0e\x0f\x10'
396,2,198001.5,1.7121279999999999,0.0,0.0,20,4,12,0,True,8,False,False,0,b'\x00\x01\x02\x03\x04\x05\x06\x07\x08\t\n\x0b\x0c\r\x0e\x0f\x10'
397,1,199000.0,1.7121279999999999,0.0,0.0,20,4,12,0,True,8,False,False,0,b'\x00\x01\x02\x03\x04\x05\x06\x07\x08\t\n\x0b\x0c\r\x0e\x0f\x10'
398,2,199001.5,1.7121279999999999,0.0,0.0,20,4,12,0,True,8,False,False,0,b'\x00\x01\x02\x03\x04\x05\x06\x07\x08\t\n\x0b\x0c\r\x0e\x0f\x10'
399,1,200000.0,1.7121279999999999,0.0,0.0,20,4,12,0,True,8,False,False,0,b'\x00\x01\x02\x03\x04\x05\x06\x07\x08\t\n\x0b\x0c\r\x0e\x0f\x10'
400,2,200001.5,1.7121279999999999,0.0,0.0,20,4,12,0,True,8,False,False,0,b'\x00\x01\x02\x03\x04\x05\x06\x07\x08\t\n\x0b\x0c\r\x0e\x0f\x10'
401,1,201000.0,1.7121279999999999,0.0,0.0,20,4,12,0,True,8,False,False,0,b'\x00\x01\x02\x03\x04\x05\x06\x07\x08\t\n\x0b\x0c\r\x0e\x0f\x10'
402,2,201001.5,1.7121279999999999,0.0,0.0,20,4,12,0,True,8,False,False,0,b'\x00\x01\x02\x03\x04\x05\x06\x07\x08\t\n\x0b\x0c\r\x0e\x0f\x10'
403,1,202000.0,1.7121279999999999,0.0,0.0,20,4,12,0,True,8,False,False,0,b'\x00\x01\x02\x03\x04\x05\x06\x07\x08\t\n\x0b\x0c\r\x0e\x0f\x10'
404,2,202001.5,1.7121279999999999,0.0,0.0,20,4,12,0,True,8,False,False,0,b'\x00\x01\x02\x03\x04\x05\x06\x07\x08\t\n\x0b\x0c\r\x0e\x0f\x10'
405,1,203000.0,1.7121279999999999,0.0,0.0,20,4,12,0,True,8,False,False,0,b'\x00\x01\x02\x03\x04\x05\x06\x07\x08\t\n\x0b\x0c\r\x0e\x0f\x10'
406,2,203001.5,1.7121279999999999,0.0,0.0,20,4,12,0,True,8,False,False,0,b'\x00\x01\x02\x03\x04\x05\x06\x07\x08\t\n\x0b\x0c\r\x0e\x0f\x10'
407,1,204000.0,1.7121279999999999,0.0,0.0,20,4,12,0,True,8,False,False,0,b'\x00\x01\x02\x03\x04\x05\x06\x07\x08\t\n\x0b\x0c\r\x0e\x0f\x10'
408,2,204001.5,1.7121279999999999,0.0,0.0,20,4,12,0,True,8,False,False,0,b'\x00\x01\x02\x03\x04\x05\x06\x07\x08\t\n\x0b\x0c\r\x0e\x0f\x10'
409,1,205000.0,1.7121279999999999,0.0,0.0,20,4,12,0,True,8,False,False,0,b'\x00\x01\x02\x03\x04\x05\x06\x07\x08\t\n\x0b\x0c\r\x0e\x0f\x10'
410,2,205001.5,1.7121279999999999,0.0,0.0,20,4,12,0,True,8,False,False,0,b'\x00\x01\x02\x03\x04\x05\x06\x07\x08\t\n\x0b\x0c\r\x0e\x0f\x10'
411,1,206000.0,1.7121279999999999,0.0,0.0,20,4,12,0,True,8,False,False,0,b'\x00\x01\x02\x03\x04\x05\x06\x07\x08\t\n\x0b\x0c\r\x0e\x0f\x10'
412,2,206001.5,1.7121279999999999,0.0,0.0,20,4,12,0,True,8,False,False,0,b'\x00\x01\x02\x03\x04\x05\x06\x07\x08\t\n\x0b\x0c\r\x0e\x0f\x10'
413,1,207000.0,1.7121279999999999,0.0,0.0,20,4,12,0,True,8,False,False,0,b'\x00\x01\x02\x03\x04\x05\x06\x07\x08\t\n\x0b\x0c\r\x0e\x0f\x10'
414,2,207001.5,1.7121279999999999,0.0,0.0,20,4,12,0,True,8,False,False,0,b'\x00\x01\x02\x03\x04\x05\x06\x07\x08\t\n\x0b\x0c\r\x0e\x0f\x10'
415,1,208000.0,1.7121279999999999,0.0,0.0,20,4,12,0,True,8,False,False,0,b'\x00\x01\x02\x03\x04\x05\x06\x07\x08\t\n\x0b\x0c\r\x0e\x0f\x10'
416,2,208001.5,1.7121279999999999,0.0,0.0,20,4,12,0,True,8,False,False,0,b'\x00\x01\x02\x03\x04\x05\x06\x07\x08\t\n\x0b\x0c\r\x0e\x0f\x10'
417,1,209000.0,1.7121279999999999,0.0,0.0,20,4,12,0,True,8,False,False,0,b'\x00\x01\x02\x03\x04\x05\x06\x07\x08\t\n\x0b\x0c\r\x0e\x0f\x10'
418,2,209001.5,1.7121279999999999,0.0,0.0,20,4,12,0,True,8,False,False,0,b'\x00\x01\x02\x03\x04\x05\x06\x07\x08\t\n\x0b\x0c\r\x0e\x0f\x10'
419,1,210000.0,1.7121279999999999,0.0,0.0,20,4,12,0,True,8,False,False,0,b'\x00\x01\x02\x03\x04\x05\x06\x07\x08\t\n\x0b\x0c\r\x0e\x0f\x10'
420,2,210001.5,1.7121279999999999,0.0,0.0,20,4,12,0,True,8,False,False,0,b'\x00\x01\x02\x03\x04\x05\x06\x07\x08\t\n\x0b\x0c\r\x0e\x0f\x10'
421,1,211000.0,1.7121279999999999,0.0,0.0,20,4,12,0,True,8,False,False,0,b'\x00\x01\x02\x03\x04\x05\x06\x07\x08\t\n\x0b\x0c\r\x0e\x0f\x10'
422,2,211001.5,1.7121279999999999,0.0,0.0,20,4,12,0,True,8,False,False,0,b'\x00\x01\x02\x03\x04\x05\x06\x07\x08\t\n\x0b\x0c\r\x0e\x0f\x10'
423,1,212000.0,1.7121279999999999,0.0,0.0,20,4,12,0,True,8,False,False,0,b'\x00\x01\x02\x03\x04\x05\x06\x07\x08\t\n\x0b\x0c\r\x0e\x0f\x10'
424,2,212001.5,1.7121279999999999,0.0,0.0,20,4,12,0,True,8,False,False,0,b'\x00\x01\x02\x03\x04\x05\x06\x07\x08\t\n\x0b\x0c\r\x0e\x0f\x10'
425,1,213000.0,1.7121279999999999,0.0,0.0,20,4,12,0,True,8,False,False,0,b'\x00\x01\x02\x03\x04\x05\x06\x07\x08\t\n\x0b\x0c\r\x0e\x0f\x10'
426,2,213001.5,1.7121279999999999,0.0,0.0,20,4,12,0,True,8,False,False,0,b'\x00\x01\x02\x03\x04\x05\x06\x07\x08\t\n\x0b\x0c\r\x0e\x0f\x10'
427,1,214000.0,1.7121279999999999,0.0,0.0,20,4,12,0,True,8,False,False,0,b'\x00\x01\x02\x03\x04\x05\x06\x07\x08\t\n\x0b\x0c\r\x0e\x0f\x10'
428,2,214001.5,1.7121279999999999,0.0,0.0,20,4,12,0,True,8,False,False,0,b'\x00\x01\x02\x03\x04\x05\x06\x07\x08\t\n\x0b\x0c\r\x0e\x0f\x10'
429,1,215000.0,1.7121279999999999,0.0,0.0,20,4,12,0,True,8,False,False,0,b'\x00\x01\x02\x03\x04\x05\x06\x07\x08\t\n\x0b\x0c\r\x0e\x0f\x10'
430,2,215001.5,1.7121279999999999,0.0,0.0,20,4,12,0,True,8,False,False,0,b'\x00\x01\x02\x03\x04\x05\x06\x07\x08\t\n\x0b\x0c\r\x0e\x0f\x10'
431,1,216000.0,1.7121279999999999,0.0,0.0,20,4,12,0,True,8,False,False,0,b'\x00\x01\x02\x03\x04\x05\x06\x07\x08\t\n\x0b\x0c\r\x0e\x0f\x10'
432,2,216001.5,1.7121279999999999,0.0,0.0,20,4,12,0,True,8,False,False,0,b'\x00\x01\x02\x03\x04\x05\x06\x07\x08\t\n\x0b\x0c\r\x0e\x0f\x10'
433,1,217000.0,1.7121279999999999,0.0,0.0,20,4,12,0,True,8,False,False,0,b'\x00\x01\x02\x03\x04\x05\x06\x07\x08\t\n\x0b\x0c\r\x0e\x0f\x10'
434,2,217001.5,1.7121279999999999,0.0,0.0,20,4,12,0,True,8,False,False,0,b'\x00\x01\x02\x03\x04\x05\x06\x07\x08\t\n\x0b\x0c\r\x0e\x0f\x10'
435,1,218000.0,1.7121279999999999,0.0,0.0,20,4,12,0,True,8,False,False,0,b'\x00\x01\x02\x03\x04\x05\x06\x07\x08\t\n\x0b\x0c\r\x0e\x0f\x10'
436,2,218001.5,1.7121279999999999,0.0,0.0,20,4,12,0,True,8,False,False,0,b'\x00\x01\x02\x03\x04\x05\x06\x07\x08\t\n\x0b\x0c\r\x0e\x0f\x10'
437,1,219000.0,1.7121279999999999,0.0,0.0,20,4,12,0,True,8,False,False,0,b'\x00\x01\x02\x03\x04\x05\x06\x07\x08\t\n\x0b\x0c\r\x0e\x0f\x10'
438,2,219001.5,1.7121279999999999,0.0,0.0,20,4,12,0,True,8,False,False,0,b'\x00\x01\x02\x03\x04\x05\x06\x07\x08\t\n\x0b\x0c\r\x0e\x0f\x10'
439,1,220000.0,1.7121279999999999,0.0,0.0,20,4,12,0,True,8,False,False,0,b'\x00\x01\x02\x03\x04\x05\x06\x07\x08\t\n\x0b\x0c\r\x0e\x0f\x10'
440,2,220001.5,1.7121279999999999,0.0,0.0,20,4,12,0,True,8,False,False,0,b'\x00\x01\x02\x03\x04\x05\x06\x07\x08\t\n\x0b\x0c\r\x0e\x0f\x10'
441,1,221000.0,1.7121279999999999,0.0,0.0,20,4,12,0,True,8,False,False,0,b'\x00\x01\x02\x03\x04\x05\x06\x07\x08\t\n\x0b\x0c\r\x0e\x0f\x10'
442,2,221001.5,1.7121279999999999,0.0,0.0,20,4,12,0,True,8,False,False,0,b'\x00\x01\x02\x03\x04\x05\x06\x07\x08\t\n\x0b\x0c\r\x0e\x0f\x10'
443,1,222000.0,1.7121279999999999,0.0,0.0,20,4,12,0,True,8,False,False,0,b'\x00\x01\x02\x03\x04\x05\x06\x07\x08\t\n\x0b\x0c\r\x0e\x0f\x10'
444,2,222001.5,1.7121279999999999,0.0,0.0,20,4,12,0,True,8,False,False,0,b'\x00\x01\x02\x03\x04\x05\x06\x07\x08\t\n\x0b\x0c\r\x0e\x0f\x10'
445,1,223000.0,1.7121279999999999,0.0,0.0,20,4,12,0,True,8,False,False,0,b'\x00\x01\x02\x03\x04\x05\x06\x07\x08\t\n\x0b\x0c\r\x0e\x0f\x10'
446,2,223001.5,1.7121279999999999,0.0,0.0,20,4,12,0,True,8,False,False,0,b'\x00\x01\x02\x03\x04\x05\x06\x07\x08\t\n\x0b\x0c\r\x0e\x0f\x10'
447,1,224000.0,1.7121279999999999,0.0,0.0,20,4,12,0,True,8,False,False,0,b'\x00\x01\x02\x03\x04\x05\x06\x07\x08\t\n\x0b\x0c\r\x0e\x0f\x10'
448,2,224001.5,1.7121279999999999,0.0,0.0,20,4,12,0,True,8,False,False,0,b'\x00\x01\x02\x03\x04\x05\x06\x07\x08\t\n\x0b\x0c\r\x0e\x0f\x10'
449,1,225000.0,1.7121279999999999,0.0,0.0,20,4,12,0,True,8,False,False,0,b'\x00\x01\x02\x03\x04\x05\x06\x07\x08\t\n\x0b\x0c\r\x0e\x0f\x10'
450,2,225001.5,1.7121279999999999,0.0,0.0,20,4,12,0,True,8,False,False,0,b'\x00\x01\x02\x03\x04\x05\x06\x07\x08\t\n\x0b\x0c\r\x0e\x0f\x10'
451,1,226000.0,1.7121279999999999,0.0,0.0,20,4,12,0,True,8,False,False,0,b'\x00\x01\x02\x03\x04\x05\x06\x07\x08\t\n\x0b\x0c\r\x0e\x0f\x10'
452,2,226001.5,1.7121279999999999,0.0,0.0,20,4,12,0,True,8,False,False,0,b'\x00\x01\x02\x03\x04\x05\x06\x07\x08\t\n\x0b\x0c\r\x0e\x0f\x10'
453,1,227000.0,1.7121279999999999,0.0,0.0,20,4,12,0,True,8,False,False,0,b'\x00\x01\x02\x03\x04\x05\x06\x07\x08\t\n\x0b\x0c\r\x0e\x0f\x10'
454,2,227001.5,1.7121279999999999,0.0,0.0,20,4,12,0,True,8,False,False,0,b'\x00\x01\x02\x03\x04\x05\x06\x07\x08\t\n\x0b\x0c\r\x0e\x0f\x10'
455,1,228000.0,1.7121279999999999,0.0,0.0,20,4,12,0,True,8,False,False,0,b'\x00\x01\x02\x03\x04\x05\x06\x07\x08\t\n\x0b\x0c\r\x0e\x0f\x10'
456,2,228001.5,1.7121279999999999,0.0,0.0,20,4,12,0,True,8,False,False,0,b'\x00\x01\x02\x03\x04\x05\x06\x07\x08\t\n\x0b\x0c\r\x0e\x0f\x10'
457,1,229000.0,1.7121279999999999,0.0,0.0,20,4,12,0,True,8,False,False,0,b'\x00\x01\x02\x03\x04\x05\x06\x07\x08\t\n\x0b\x0c\r\x0e\x0f\x10'
458,2,229001.5,1.7121279999999999,0.0,0.0,20,4,12,0,True,8,False,False,0,b'\x00\x01\x02\x03\x04\x05\x06\x07\x08\t\n\x0b\x0c\r\x0e\x0f\x10'
459,1,230000.0,1.7121279999999999,0.0,0.0,20,4,12,0,True,8,False,False,0,b'\x00\x01\x02\x03\x04\x05\x06\x07\x08\t\n\x0b\x0c\r\x0e\x0f\x10'
460,2,230001.5,1.7121279999999999,0.0,0.0,20,4,12,0,True,8,False,False,0,b'\x00\x01\x02\x03\x04\x05\x06\x07\x08\t\n\x0b\x0c\r\x0e\x0f\x10'
461,1,231000.0,1.7121279999999999,0.0,0.0,20,4,12,0,True,8,False,False,0,b'\x00\x01\x02\x03\x04\x05\x06\x07\x08\t\n\x0b\x0c\r\x0e\x0f\x10'
462,2,231001.5,1.7121279999999999,0.0,0.0,20,4,12,0,True,8,False,False,0,b'\x00\x01\x02\x03\x04\x05\x06\x07\x08\t\n\x0b\x0c\r\x0e\x0f\x10'
463,1,232000.0,1.7121279999999999,0.0,0.0,20,4,12,0,True,8,False,False,0,b'\x00\x01\x02\x03\x04\x05\x06\x07\x08\t\n\x0b\x0c\r\x0e\x0f\x10'
464,2,232001.5,1.7121279999999999,0.0,0.0,20,4,12,0,True,8,False,False,0,b'\x00\x01\x02\x03\x04\x05\x06\x07\x08\t\n\x0b\x0c\r\x0e\x0f\x10'
465,1,233000.0,1.7121279999999999,0.0,0.0,20,4,12,0,True,8,False,False,0,b'\x00\x01\x02\x03\x04\x05\x06\x07\x08\t\n\x0b\x0c\r\x0e\x0f\x10'
466,2,233001.5,1.7121279999999999,0.0,0.0,20,4,12,0,True,8,False,False,0,b'\x00\x01\x02\x03\x04\x05\x06\x07\x08\t\n\x0b\x0c\r\x0e\x0f\x10'
467,1,234000.0,1.7121279999999999,0.0,0.0,20,4,12,0,True,8,False,False,0,b'\x00\x01\x02\x03\x04\x05\x06\x07\x08\t\n\x0b\x0c\r\x0e\x0f\x10'
468,2,234001.5,1.7121279999999999,0.0,0.0,20,4,12,0,True,8,False,False,0,b'\x00\x01\x02\x03\x04\x05\x06\x07\x08\t\n\x0b\x0c\r\x0e\x0f\x10'
469,1,235000.0,1.7121279999999999,0.0,0.0,20,4,12,0,True,8,False,False,0,b'\x00\x01\x02\x03\x04\x05\x06\x07\x08\t\n\x0b\x0c\r\x0e\x0f\x10'
470,2,235001.5,1.7121279999999999,0.0,0.0,20,4,12,0,True,8,False,False,0,b'\x00\x01\x02\x03\x04\x05\x06\x07\x08\t\n\x0b\x0c\r\x0e\x0f\x10'
471,1,236000.0,1.7121279999999999,0.0,0.0,20,4,12,0,True,8,False,False,0,b'\x00\x01\x02\x03\x04\x05\x06\x07\x08\t\n\x0b\x0c\r\x0e\x0f\x10'
472,2,236001.5,1.7121279999999999,0.0,0.0,20,4,12,0,True,8,False,False,0,b'\x00\x01\x02\x03\x04\x05\x06\x07\x08\t\n\x0b\x0c\r\x0e\x0f\x10'
473,1,237000.0,1.7121279999999999,0.0,0.0,20,4,12,0,True,8,False,False,0,b'\x00\x01\x02\x03\x04\x05\x06\x07\x08\t\n\x0b\x0c\r\x0e\x0f\x10'
474,2,237001.5,1.7121279999999999,0.0,0.0,20,4,12,0,True,8,False,False,0,b'\x00\x01\x02\x03\x04\x05\x06\x07\x08\t\n\x0b\x0c\r\x0e\x0f\x10'
475,1,238000.0,1.7121279999999999,0.0,0.0,20,4,12,0,True,8,False,False,0,b'\x00\x01\x02\x03\x04\x05\x06\x07\x08\t\n\x0b\x0c\r\x0e\x0f\x10'
476,2,238001.5,1.7121279999999999,0.0,0.0,20,4,12,0,True,8,False,False,0,b'\x00\x01\x02\x03\x04\x05\x06\x07\x08\t\n\x0b\x0c\r\x0e\x0f\x10'
477,1,239000.0,1.7121279999999999,0.0,0.0,20,4,12,0,True,8,False,False,0,b'\x00\x01\x02\x03\x04\x05\x06\x07\x08\t\n\x0b\x0c\r\x0e\x0f\x10'
478,2,239001.5,1.7121279999999999,0.0,0.0,20,4,12,0,True,8,False,False,0,b'\x00\x01\x02\x03\x04\x05\x06\x07\x08\t\n\x0b\x0c\r\x0e\x0f\x10'
479,1,240000.0,1.7121279999999999,0.0,0.0,20,4,12,0,True,8,False,False,0,b'\x00\x01\x02\x03\x04\x05\x06\x07\x08\t\n\x0b\x0c\r\x0e\x0f\x10'
480,2,240001.5,1.7121279999999999,0.0,0.0,20,4,12,0,True,8,False,False,0,b'\x00\x01\x02\x03\x04\x05\x06\x07\x08\t\n\x0b\x0c\r\x0e\x0f\x10'
481,1,241000.0,1.7121279999999999,0.0,0.0,20,4,12,0,True,8,False,False,0,b'\x00\x01\x02\x03\x04\x05\x06\x07\x08\t\n\x0b\x0c\r\x0e\x0f\x10'
482,2,241001.5,1.7121279999999999,0.0,0.0,20,4,12,0,True,8,False,False,0,b'\x00\x01\x02\x03\x04\x05\x06\x07\x08\t\n\x0b\x0c\r\x0e\x0f\x10'
483,1,242000.0,1.7121279999999999,0.0,0.0,20,4,12,0,True,8,False,False,0,b'\x00\x01\x02\x03\x04\x05\x06\x07\x08\t\n\x0b\x0c\r\x0e\x0f\x10'
484,2,242001.5,1.7121279999999999,0.0,0.0,20,4,12,0,True,8,False,False,0,b'\x00\x01\x02\x03\x04\x05\x06\x07\x08\t\n\x0b\x0c\r\x0e\x0f\x10'
485,1,243000.0,1.7121279999999999,0.0,0.0,20,4,12,0,True,8,False,False,0,b'\x00\x01\x02\x03\x04\x05\x06\x07\x08\t\n\x0b\x0c\r\x0e\x0f\x10'
486,2,243001.5,1.7121279999999999,0.0,0.0,20,4,12,0,True,8,False,False,0,b'\x00\x01\x02\x03\x04\x05\x06\x07\x08\t\n\x0b\x0c\r\x0e\x0f\x10'
487,1,244000.0,1.7121279999999999,0.0,0.0,20,4,12,0,True,8,False,False,0,b'\x00\x01\x02\x03\x04\x05\x06\x07\x08\t\n\x0b\x0c\r\x0e\x0f\x10'
488,2,244001.5,1.7121279999999999,0.0,0.0,20,4,12,0,True,8,False,False,0,b'\x00\x01\x02\x03\x04\x05\x06\x07\x08\t\n\x0b\x0c\r\x0e\x0f\x10'
489,1,245000.0,1.7121279999999999,0.0,0.0,20,4,12,0,True,8,False,False,0,b'\x00\x01\x02\x03\x04\x05\x06\x07\x08\t\n\x0b\x0c\r\x0e\x0f\x10'
490,2,245001.5,1.7121279999999999,0.0,0.0,20,4,12,0,True,8,False,False,0,b'\x00\x01\x02\x03\x04\x05\x06\x07\x08\t\n\x0b\x0c\r\x0e\x0f\x10'
491,1,246000.0,1.7121279999999999,0.0,0.0,20,4,12,0,True,8,False,False,0,b'\x00\x01\x02\x03\x04\x05\x06\x07\x08\t\n\x0b\x0c\r\x0e\x0f\x10'
492,2,246001.5,1.7121279999999999,0.0,0.0,20,4,12,0,True,8,False,False,0,b'\x00\x01\x02\x03\x04\x05\x06\x07\x08\t\n\x0b\x0c\r\x0e\x0f\x10'
493,1,247000.0,1.7121279999999999,0.0,0.0,20,4,12,0,True,8,False,False,0,b'\x00\x01\x02\x03\x04\x05\x06\x07\x08\t\n\x0b\x0c\r\x0e\x0f\x10'
494,2,247001.5,1.7121279999999999,0.0,0.0,20,4,12,0,True,8,False,False,0,b'\x00\x01\x02\x03\x04\x05\x06\x07\x08\t\n\x0b\x0c\r\x0e\x0f\x10'
495,1,248000.0,1.7121279999999999,0.0,0.0,20,4,12,0,True,8,False,False,0,b'\x00\x01\x02\x03\x04\x05\x06\x07\x08\t\n\x0b\x0c\r\x0e\x0f\x10'
496,2,248001.5,1.7121279999999999,0.0,0.0,20,4,12,0,True,8,False,False,0,b'\x00\x01\x02\x03\x04\x05\x06\x07\x08\t\n\x0b\x0c\r\x0e\x0f\x10'
497,1,249000.0,1.7121279999999999,0.0,0.0,20,4,12,0,True,8,False,False,0,b'\x00\x01\x02\x03\x04\x05\x06\x07\x08\t\n\x0b\x0c\r\x0e\x0f\x10'
498,2,249001.5,1.7121279999999999,0.0,0.0,20,4,12,0,True,8,False,False,0,b'\x00\x01\x02\x03\x04\x05\x06\x07\x08\t\n\x0b\x0c\r\x0e\x0f\x10'
499,1,250000.0,1.7121279999999999,0.0,0.0,20,4,12,0,True,8,False,False,0,b'\x00\x01\x02\x03\x04\x05\x06\x07\x08\t\n\x0b\x0c\r\x0e\x0f\x10'
500,2,250001.5,1.7121279999999999,0.0,0.0,20,4,12,0,True,8,False,False,0,b'\x00\x01\x02\x03\x04\x05\x06\x07\x08\t\n\x0b\x0c\r\x0e\x0f\x10'
501,1,251000.0,1.7121279999999999,0.0,0.0,20,4,12,0,True,8,False,False,0,b'\x00\x01\x02\x03\x04\x05\x06\x07\x08\t\n\x0b\x0c\r\x0e\x0f\x10'
502,2,251001.5,1.7121279999999999,0.0,0.0,20,4,12,0,True,8,False,False,0,b'\x00\x01\x02\x03\x04\x05\x06\x07\x08\t\n\x0b\x0c\r\x0e\x0f\x10'
503,1,252000.0,1.7121279999999999,0.0,0.0,20,4,12,0,True,8,False,False,0,b'\x00\x01\x02\x03\x04\x05\x06\x07\x08\t\n\x0b\x0c\r\x0e\x0f\x10'
504,2,252001.5,1.7121279999999999,0.0,0.0,20,4,12,0,True,8,False,False,0,b'\x00\x01\x02\x03\x04\x05\x06\x07\x08\t\n\x0b\x0c\r\x0e\x0f\x10'
505,1,253000.0,1.7121279999999999,0.0,0.0,20,4,12,0,True,8,False,False,0,b'\x00\x01\x02\x03\x04\x05\x06\x07\x08\t\n\x0b\x0c\r\x0e\x0f\x10'
506,2,253001.5,1.7121279999999999,0.0,0.0,20,4,12,0,True,8,False,False,0,b'\x00\x01\x02\x03\x04\x05\x06\x07\x08\t\n\x0b\x0c\r\x0e\x0f\x10'
507,1,254000.0,1.7121279999999999,0.0,0.0,20,4,12,0,True,8,False,False,0,b'\x00\x01\x02\x03\x04\x05\x06\x07\x08\t\n\x0b\x0c\r\x0e\x0f\x10'
508,2,254001.5,1.7121279999999999,0.0,0.0,20,4,12,0,True,8,False,False,0,b'\x00\x01\x02\x03\x04\x05\x06\x07\x08\t\n\x0b\x0c\r\x0e\x0f\x10'
509,1,255000.0,1.7121279999999999,0.0,0.0,20,4,12,0,True,8,False,False,0,b'\x00\x01\x02\x03\x04\x05\x06\x07\x08\t\n\x0b\x0c\r\x0e\x0f\x10'
510,2,255001.5,1.7121279999999999,0.0,0.0,20,4,12,0,True,8,False,False,0,b'\x00\x01\x02\x03\x04\x05\x06\x07\x08\t\n\x0b\x0c\r\x0e\x0f\x10'
511,1,256000.0,1.7121279999999999,0.0,0.0,20,4,12,0,True,8,False,False,0,b'\x00\x01\x02\x03\x04\x05\x06\x07\x08\t\n\x0b\x0c\r\x0e\x0f\x10'
512,2,256001.5,1.7121279999999999,0.0,0.0,20,4,12,0,True,8,False,False,0,b'\x00\x01\x02\x03\x04\x05\x06\x07\x08\t\n\x0b\x0c\r\x0e\x0f\x10'
513,1,257000.0,1.7121279999999999,0.0,0.0,20,4,12,0,True,8,False,False,0,b'\x00\x01\x02\x03\x04\x05\x06\x07\x08\t\n\x0b\x0c\r\x0e\x0f\x10'
514,2,257001.5,1.7121279999999999,0.0,0.0,20,4,12,0,True,8,False,False,0,b'\x00\x01\x02\x03\x04\x05\x06\x07\x08\t\n\x0b\x0c\r\x0e\x0f\x10'
515,1,258000.0,1.7121279999999999,0.0,0.0,20,4,12,0,True,8,False,False,0,b'\x00\x01\x02\x03\x04\x05\x06\x07\x08\t\n\x0b\x0c\r\x0e\x0f\x10'
516,2,258001.5,1.7121279999999999,0.0,0.0,20,4,12,0,True,8,False,False,0,b'\x00\x01\x02\x03\x04\x05\x06\x07\x08\t\n\x0b\x0c\r\x0e\x0f\x10'
517,1,259000.0,1.7121279999999999,0.0,0.0,20,4,12,0,True,8,False,False,0,b'\x00\x01\x02\x03\x04\x05\x06\x07\x08\t\n\x0b\x0c\r\x0e\x0f\x10'
518,2,259001.5,1.7121279999999999,0.0,0.0,20,4,12,0,True,8,False,False,0,b'\x00\x01\x02\x03\x04\x05\x06\x07\x08\t\n\x0b\x0c\r\x0e\x0f\x10'
519,1,260000.0,1.7121279999999999,0.0,0.0,20,4,12,0,True,8,False,False,0,b'\x00\x01\x02\x03\x04\x05\x06\x07\x08\t\n\x0b\x0c\r\x0e\x0f\x10'
520,2,260001.5,1.7121279999999999,0.0,0.0,20,4,12,0,True,8,False,False,0,b'\x00\x01\x02\x03\x04\x05\x06\x07\x08\t\n\x0b\x0c\r\x0e\x0f\x10'
521,1,261000.0,1.7121279999999999,0.0,0.0,20,4,12,0,True,8,False,False,0,b'\x00\x01\x02\x03\x04\x05\x06\x07\x08\t\n\x0b\x0c\r\x0e\x0f\x10'
522,2,261001.5,1.7121279999999999,0.0,0.0,20,4,12,0,True,8,False,False,0,b'\x00\x01\x02\x03\x04\x05\x06\x07\x08\t\n\x0b\x0c\r\x0e\x0f\x10'
523,1,262000.0,1.7121279999999999,0.0,0.0,20,4,12,0,True,8,False,False,0,b'\x00\x01\x02\x03\x04\x05\x06\x07\x08\t\n\x0b\x0c\r\x0e\x0f\x10'
524,2,262001.5,1.7121279999999999,0.0,0.0,20,4,12,0,True,8,False,False,0,b'\x00\x01\x02\x03\x04\x05\x06\x07\x08\t\n\x0b\x0c\r\x0e\x0f\x10'
525,1,263000.0,1.7121279999999999,0.0,0.0,20,4,12,0,True,8,False,False,0,b'\x00\x01\x02\x03\x04\x05\x06\x07\x08\t\n\x0b\x0c\r\x0e\x0f\x10'
526,2,263001.5,1.7121279999999999,0.0,0.0,20,4,12,0,True,8,False,False,0,b'\x00\x01\x02\x03\x04\x05\x06\x07\x08\t\n\x0b\x0c\r\x0e\x0f\x10'
527,1,264000.0,1.7121279999999999,0.0,0.0,20,4,12,0,True,8,False,False,0,b'\x00\x01\x02\x03\x04\x05\x06\x07\x08\t\n\x0b\x0c\r\x0e\x0f\x10'
528,2,264001.5,1.7121279999999999,0.0,0.0,20,4,12,0,True,8,False,False,0,b'\x00\x01\x02\x03\x04\x05\x06\x07\x08\t\n\x0b\x0c\r\x0e\x0f\x10'
529,1,265000.0,1.7121279999999999,0.0,0.0,20,4,12,0,True,8,False,False,0,b'\x00\x01\x02\x03\x04\x05\x06\x07\x08\t\n\x0b\x0c\r\x0e\x0f\x10'
530,2,265001.5,1.7121279999999999,0.0,0.0,20,4,12,0,True,8,False,False,0,b'\x00\x01\x02\x03\x04\x05\x06\x07\x08\t\n\x0b\x0c\r\x0e\x0f\x10'
531,1,266000.0,1.7121279999999999,0.0,0.0,20,4,12,0,True,8,False,False,0,b'\x00\x01\x02\x03\x04\x05\x06\x07\x08\t\n\x0b\x0c\r\x0e\x0f\x10'
532,2,266001.5,1.7121279999999999,0.0,0.0,20,4,12,0,True,8,False,False,0,b'\x00\x01\x02\x03\x04\x05\x06\x07\x08\t\n\x0b\x0c\r\x0e\x0f\x10'
533,1,267000.0,1.7121279999999999,0.0,0.0,20,4,12,0,True,8,False,False,0,b'\x00\x01\x02\x03\x04\x05\x06\x07\x08\t\n\x0b\x0c\r\x0e\x0f\x10'
534,2,267001.5,1.7121279999999999,0.0,0.0,20,4,12,0,True,8,False,False,0,b'\x00\x01\x02\x03\x04\x05\x06\x07\x08\t\n\x0b\x0c\r\x0e\x0f\x10'
535,1,268000.0,1.7121279999999999,0.0,0.0,20,4,12,0,True,8,False,False,0,b'\x00\x01\x02\x03\x04\x05\x06\x07\x08\t\n\x0b\x0c\r\x0e\x0f\x10'
536,2,268001.5,1.7121279999999999,0.0,0.0,20,4,12,0,True,8,False,False,0,b'\x00\x01\x02\x03\x04\x05\x06\x07\x08\t\n\x0b\x0c\r\x0e\x0f\x10'
537,1,269000.0,1.7121279999999999,0.0,0.0,20,4,12,0,True,8,False,False,0,b'\x00\x01\x02\x03\x04\x05\x06\x07\x08\t\n\x0b\x0c\r\x0e\x0f\x10'
538,2,269001.5,1.7121279999999999,0.0,0.0,20,4,12,0,True,8,False,False,0,b'\x00\x01\x02\x03\x04\x05\x06\x07\x08\t\n\x0b\x0c\r\x0e\x0f\x10'
539,1,270000.0,1.7121279999999999,0.0,0.0,20,4,12,0,True,8,False,False,0,b'\x00\x01\x02\x03\x04\x05\x06\x07\x08\t\n\x0b\x0c\r\x0e\x0f\x10'
540,2,270001.5,1.7121279999999999,0.0,0.0,20,4,12,0,True,8,False,False,0,b'\x00\x01\x02\x03\x04\x05\x06\x07\x08\t\n\x0b\x0c\r\x0e\x0f\x10'
541,1,271000.0,1.7121279999999999,0.0,0.0,20,4,12,0,True,8,False,False,0,b'\x00\x01\x02\x03\x04\x05\x06\x07\x08\t\n\x0b\x0c\r\x0e\x0f\x10'
542,2,271001.5,1.7121279999999999,0.0,0.0,20,4,12,0,True,8,False,False,0,b'\x00\x01\x02\x03\x04\x05\x06\x07\x08\t\n\x0b\x0c\r\x0e\x0f\x10'
543,1,272000.0,1.7121279999999999,0.0,0.0,20,4,12,0,True,8,False,False,0,b'\x00\x01\x02\x03\x04\x05\x06\x07\x08\t\n\x0b\x0c\r\x0e\x0f\x10'
544,2,272001.5,1.7121279999999999,0.0,0.0,20,4,12,0,True,8,False,False,0,b'\x00\x01\x02\x03\x04\x05\x06\x07\x08\t\n\x0b\x0c\r\x0e\x0f\x10'
545,1,273000.0,1.7121279999999999,0.0,0.0,20,4,12,0,True,8,False,False,0,b'\x00\x01\x02\x03\x04\x05\x06\x07\x08\t\n\x0b\x0c\r\x0e\x0f\x10'
546,2,273001.5,1.7121279999999999,0.0,0.0,20,4,12,0,True,8,False,False,0,b'\x00\x01\x02\x03\x04\x05\x06\x07\x08\t\n\x0b\x0c\r\x0e\x0f\x10'
547,1,274000.0,1.7121279999999999,0.0,0.0,20,4,12,0,True,8,False,False,0,b'\x00\x01\x02\x03\x04\x05\x06\x07\x08\t\n\x0b\x0c\r\x0e\x0f\x10'
548,2,274001.5,1.7121279999999999,0.0,0.0,20,4,12,0,True,8,False,False,0,b'\x00\x01\x02\x03\x04\x05\x06\x07\x08\t\n\x0b\x0c\r\x0e\x0f\x10'
549,1,275000.0,1.7121279999999999,0.0,0.0,20,4,12,0,True,8,False,False,0,b'\x00\x01\x02\x03\x04\x05\x06\x07\x08\t\n\x0b\x0c\r\x0e\x0f\x10'
550,2,275001.5,1.7121279999999999,0.0,0.0,20,4,12,0,True,8,False,False,0,b'\x00\x01\x02\x03\x04\x05\x06\x07\x08\t\n\x0b\x0c\r\x0e\x0f\x10'
551,1,276000.0,1.7121279999999999,0.0,0.0,20,4,12,0,True,8,False,False,0,b'\x00\x01\x02\x03\x04\x05\x06\x07\x08\t\n\x0b\x0c\r\x0e\x0f\x10'
552,2,276001.5,1.7121279999999999,0.0,0.0,20,4,12,0,True,8,False,False,0,b'\x00\x01\x02\x03\x04\x05\x06\x07\x08\t\n\x0b\x0c\r\x0e\x0f\x10'
553,1,277000.0,1.7121279999999999,0.0,0.0,20,4,12,0,True,8,False,False,0,b'\x00\x01\x02\x03\x04\x05\x06\x07\x08\t\n\x0b\x0c\r\x0e\x0f\x10'
554,2,277001.5,1.7121279999999999,0.0,0.0,20,4,12,0,True,8,False,False,0,b'\x00\x01\x02\x03\x04\x05\x06\x07\x08\t\n\x0b\x0c\r\x0e\x0f\x10'
555,1,278000.0,1.7121279999999999,0.0,0.0,20,4,12,0,True,8,False,False,0,b'\x00\x01\x02\x03\x04\x05\x06\x07\x08\t\n\x0b\x0c\r\x0e\x0f\x10'
556,2,278001.5,1.7121279999999999,0.0,0.0,20,4,12,0,True,8,False,False,0,b'\x00\x01\x02\x03\x04\x05\x06\x07\x08\t\n\x0b\x0c\r\x0e\x0f\x10'
557,1,279000.0,1.7121279999999999,0.0,0.0,20,4,12,0,True,8,False,False,0,b'\x00\x01\x02\x03\x04\x05\x06\x07\x08\t\n\x0b\x0c\r\x0e\x0f\x10'
558,2,279001.5,1.7121279999999999,0.0,0.0,20,4,12,0,True,8,False,False,0,b'\x00\x01\x02\x03\x04\x05\x06\x07\x08\t\n\x0b\x0c\r\x0e\x0f\x10'
559,1,280000.0,1.7121279999999999,0.0,0.0,20,4,12,0,True,8,False,False,0,b'\x00\x01\x02\x03\x04\x05\x06\x07\x08\t\n\x0b\x0c\r\x0e\x0f\x10'
560,2,280001.5,1.7121279999999999,0.0,0.0,20,4,12,0,True,8,False,False,0,b'\x00\x01\x02\x03\x04\x05\x06\x07\x08\t\n\x0b\x0c\r\x0e\x0f\x10'
561,1,281000.0,1.7121279999999999,0.0,0.0,20,4,12,0,True,8,False,False,0,b'\x00\x01\x02\x03\x04\x05\x06\x07\x08\t\n\x0b\x0c\r\x0e\x0f\x10'
562,2,281001.5,1.7121279999999999,0.0,0.0,20,4,12,0,True,8,False,False,0,b'\x00\x01\x02\x03\x04\x05\x06\x07\x08\t\n\x0b\x0c\r\x0e\x0f\x10'
563,1,282000.0,1.7121279999999999,0.0,0.0,20,4,12,0,True,8,False,False,0,b'\x00\x01\x02\x03\x04\x05\x06\x07\x08\t\n\x0b\x0c\r\x0e\x0f\x10'
564,2,282001.5,1.7121279999999999,0.0,0.0,20,4,12,0,True,8,False,False,0,b'\x00\x01\x02\x03\x04\x05\x06\x07\x08\t\n\x0b\x0c\r\x0e\x0f\x10'
565,1,283000.0,1.7121279999999999,0.0,0.0,20,4,12,0,True,8,False,False,0,b'\x00\x01\x02\x03\x04\x05\x06\x07\x08\t\n\x0b\x0c\r\x0e\x0f\x10'
566,2,283001.5,1.7121279999999999,0.0,0.0,20,4,12,0,True,8,False,False,0,b'\x00\x01\x02\x03\x04\x05\x06\x07\x08\t\n\x0b\x0c\r\x0e\x0f\x10'
567,1,284000.0,1.7121279999999999,0.0,0.0,20,4,12,0,True,8,False,False,0,b'\x00\x01\x02\x03\x04\x05\x06\x07\x08\t\n\x0b\x0c\r\x0e\x0f\x10'
568,2,284001.5,1.7121279999999999,0.0,0.0,20,4,12,0,True,8,False,False,0,b'\x00\x01\x02\x03\x04\x05\x06\x07\x08\t\n\x0b\x0c\r\x0e\x0f\x10'
569,1,285000.0,1.7121279999999999,0.0,0.0,20,4,12,0,True,8,False,False,0,b'\x00\x01\x02\x03\x04\x05\x06\x07\x08\t\n\x0b\x0c\r\x0e\x0f\x10'
570,2,285001.5,1.7121279999999999,0.0,0.0,20,4,12,0,True,8,False,False,0,b'\x00\x01\x02\x03\x04\x05\x06\x07\x08\t\n\x0b\x0c\r\x0e\x0f\x10'
571,1,286000.0,1.7121279999999999,0.0,0.0,20,4,12,0,True,8,False,False,0,b'\x00\x01\x02\x03\x04\x05\x06\x07\x08\t\n\x0b\x0c\r\x0e\x0f\x10'
572,2,286001.5,1.7121279999999999,0.0,0.0,20,4,12,0,True,8,False,False,0,b'\x00\x01\x02\x03\x04\x05\x06\x07\x08\t\n\x0b\x0c\r\x0e\x0f\x10'
573,1,287000.0,1.7121279999999999,0.0,0.0,20,4,12,0,True,8,False,False,0,b'\x00\x01\x02\x03\x04\x05\x06\x07\x08\t\n\x0b\x0c\r\x0e\x0f\x10'
574,2,287001.5,1.7121279999999999,0.0,0.0,20,4,12,0,True,8,False,False,0,b'\x00\x01\x02\x03\x04\x05\x06\x07\x08\t\n\x0b\x0c\r\x0e\x0f\x10'
575,1,288000.0,1.7121279999999999,0.0,0.0,20,4,12,0,True,8,False,False,0,b'\x00\x01\x02\x03\x04\x05\x06\x07\x08\t\n\x0b\x0c\r\x0e\x0f\x10'
576,2,288001.5,1.7121279999999999,0.0,0.0,20,4,12,0,True,8,False,False,0,b'\x00\x01\x02\x03\x04\x05\x06\x07\x08\t\n\x0b\x0c\r\x0e\x0f\x10'
577,1,289000.0,1.7121279999999999,0.0,0.0,20,4,12,0,True,8,False,False,0,b'\x00\x01\x02\x03\x04\x05\x06\x07\x08\t\n\x0b\x0c\r\x0e\x0f\x10'
578,2,289001.5,1.7121279999999999,0.0,0.0,20,4,12,0,True,8,False,False,0,b'\x00\x01\x02\x03\x04\x05\x06\x07\x08\t\n\x0b\x0c\r\x0e\x0f\x10'
579,1,290000.0,1.7121279999999999,0.0,0.0,20,4,12,0,True,8,False,False,0,b'\x00\x01\x02\x03\x04\x05\x06\x07\x08\t\n\x0b\x0c\r\x0e\x0f\x10'
580,2,290001.5,1.7121279999999999,0.0,0.0,20,4,12,0,True,8,False,False,0,b'\x00\x01\x02\x03\x04\x05\x06\x07\x08\t\n\x0b\x0c\r\x0e\x0f\x10'
581,1,291000.0,1.7121279999999999,0.0,0.0,20,4,12,0,True,8,False,False,0,b'\x00\x01\x02\x03\x04\x05\x06\x07\x08\t\n\x0b\x0c\r\x0e\x0f\x10'
582,2,291001.5,1.7121279999999999,0.0,0.0,20,4,12,0,True,8,False,False,0,b'\x00\x01\x02\x03\x04\x05\x06\x07\x08\t\n\x0b\x0c\r\x0e\x0f\x10'
583,1,292000.0,1.7121279999999999,0.0,0.0,20,4,12,0,True,8,False,False,0,b'\x00\x01\x02\x03\x04\x05\x06\x07\x08\t\n\x0b\x0c\r\x0e\x0f\x10'
584,2,292001.5,1.7121279999999999,0.0,0.0,20,4,12,0,True,8,False,False,0,b'\x00\x01\x02\x03\x04\x05\x06\x07\x08\t\n\x0b\x0c\r\x0e\x0f\x10'
585,1,293000.0,1.7121279999999999,0.0,0.0,20,4,12,0,True,8,False,False,0,b'\x00\x01\x02\x03\x04\x05\x06\x07\x08\t\n\x0b\x0c\r\x0e\x0f\x10'
586,2,293001.5,1.7121279999999999,0.0,0.0,20,4,12,0,True,8,False,False,0,b'\x00\x01\x02\x03\x04\x05\x06\x07\x08\t\n\x0b\x0c\r\x0e\x0f\x10'
587,1,294000.0,1.7121279999999999,0.0,0.0,20,4,12,0,True,8,False,False,0,b'\x00\x01\x02\x03\x04\x05\x06\x07\x08\t\n\x0b\x0c\r\x0e\x0f\x10'
588,2,294001.5,1.7121279999999999,0.0,0.0,20,4,12,0,True,8,False,False,0,b'\x00\x01\x02\x03\x04\x05\x06\x07\x08\t\n\x0b\x0c\r\x0e\x0f\x10'
589,1,295000.0,1.7121279999999999,0.0,0.0,20,4,12,0,True,8,False,False,0,b'\x00\x01\x02\x03\x04\x05\x06\x07\x08\t\n\x0b\x0c\r\x0e\x0f\x10'
590,2,295001.5,1.7121279999999999,0.0,0.0,20,4,12,0,True,8,False,False,0,b'\x00\x01\x02\x03\x04\x05\x06\x07\x08\t\n\x0b\x0c\r\x0e\x0f\x10'
591,1,296000.0,1.7121279999999999,0.0,0.0,20,4,12,0,True,8,False,False,0,b'\x00\x01\x02\x03\x04\x05\x06\x07\x08\t\n\x0b\x0c\r\x0e\x0f\x10'
592,2,296001.5,1.7121279999999999,0.0,0.0,20,4,12,0,True,8,False,False,0,b'\x00\x01\x02\x03\x04\x05\x06\x07\x08\t\n\x0b\x0c\r\x0e\x0f\x10'
593,1,297000.0,1.7121279999999999,0.0,0.0,20,4,12,0,True,8,False,False,0,b'\x00\x01\x02\x03\x04\x05\x06\x07\x08\t\n\x0b\x0c\r\x0e\x0f\x10'
594,2,297001.5,1.7121279999999999,0.0,0.0,20,4,12,0,True,8,False,False,0,b'\x00\x01\x02\x03\x04\x05\x06\x07\x08\t\n\x0b\x0c\r\x0e\x0f\x10'
595,1,298000.0,1.7121279999999999,0.0,0.0,20,4,12,0,True,8,False,False,0,b'\x00\x01\x02\x03\x04\x05\x06\x07\x08\t\n\x0b\x0c\r\x0e\x0f\x10'
596,2,298001.5,1.7121279999999999,0.0,0.0,20,4,12,0,True,8,False,False,0,b'\x00\x01\x02\x03\x04\x05\x06\x07\x08\t\n\x0b\x0c\r\x0e\x0f\x10'
597,1,299000.0,1.7121279999999999,0.0,0.0,20,4,12,0,True,8,False,False,0,b'\x00\x01\x02\x03\x04\x05\x06\x07\x08\t\n\x0b\x0c\r\x0e\x0f\x10'
598,2,299001.5,1.7121279999999999,0.0,0.0,20,4,12,0,True,8,False,False,0,b'\x00\x01\x02\x03\x04\x05\x06\x07\x08\t\n\x0b\x0c\r\x0e\x0f\x10'
599,1,300000.0,1.7121279999999999,0.0,0.0,20,4,12,0,True,8,False,False,0,b'\x00\x01\x02\x03\x04\x05\x06\x07\x08\t\n\x0b\x0c\r\x0e\x0f\x10'
600,2,300001.5,1.7121279999999999,0.0,0.0,20,4,12,0,True,8,False,False,0,b'\x00\x01\x02\x03\x04\x05\x06\x07\x08\t\n\x0b\x0c\r\x0e\x0f\x10'
601,1,301000.0,1.7121279999999999,0.0,0.0,20,4,12,0,True,8,False,False,0,b'\x00\x01\x02\x03\x04\x05\x06\x07\x08\t\n\x0b\x0c\r\x0e\x0f\x10'
602,2,301001.5,1.7121279999999999,0.0,0.0,20,4,12,0,True,8,False,False,0,b'\x00\x01\x02\x03\x04\x05\x06\x07\x08\t\n\x0b\x0c\r\x0e\x0f\x10'
603,1,302000.0,1.7121279999999999,0.0,0.0,20,4,12,0,True,8,False,False,0,b'\x00\x01\x02\x03\x04\x05\x06\x07\x08\t\n\x0b\x0c\r\x0e\x0f\x10'
604,2,302001.5,1.7121279999999999,0.0,0.0,20,4,12,0,True,8,False,False,0,b'\x00\x01\x02\x03\x04\x05\x06\x07\x08\t\n\x0b\x0c\r\x0e\x0f\x10'
605,1,303000.0,1.7121279999999999,0.0,0.0,20,4,12,0,True,8,False,False,0,b'\x00\x01\x02\x03\x04\x05\x06\x07\x08\t\n\x0b\x0c\r\x0e\x0f\x10'
606,2,303001.5,1.7121279999999999,0.0,0.0,20,4,12,0,True,8,False,False,0,b'\x00\x01\x02\x03\x04\x05\x06\x07\x08\t\n\x0b\x0c\r\x0e\x0f\x10'
607,1,304000.0,1.7121279999999999,0.0,0.0,20,4,12,0,True,8,False,False,0,b'\x00\x01\x02\x03\x04\x05\x06\x07\x08\t\n\x0b\x0c\r\x0e\x0f\x10'
608,2,304001.5,1.7121279999999999,0.0,0.0,20,4,12,0,True,8,False,False,0,b'\x00\x01\x02\x03\x04\x05\x06\x07\x08\t\n\x0b\x0c\r\x0e\x0f\x10'
609,1,305000.0,1.7121279999999999,0.0,0.0,20,4,12,0,True,8,False,False,0,b'\x00\x01\x02\x03\x04\x05\x06\x07\x08\t\n\x0b\x0c\r\x0e\x0f\x10'
610,2,305001.5,1.7121279999999999,0.0,0.0,20,4,12,0,True,8,False,False,0,b'\x00\x01\x02\x03\x04\x05\x06\x07\x08\t\n\x0b\x0c\r\x0e\x0f\x10'
611,1,306000.0,1.7121279999999999,0.0,0.0,20,4,12,0,True,8,False,False,0,b'\x00\x01\x02\x03\x04\x05\x06\x07\x08\t\n\x0b\x0c\r\x0e\x0f\x10'
612,2,306001.5,1.7121279999999999,0.0,0.0,20,4,12,0,True,8,False,False,0,b'\x00\x01\x02\x03\x04\x05\x06\x07\x08\t\n\x0b\x0c\r\x0e\x0f\x10'
613,1,307000.0,1.7121279999999999,0.0,0.0,20,4,12,0,True,8,False,False,0,b'\x00\x01\x02\x03\x04\x05\x06\x07\x08\t\n\x0b\x0c\r\x0e\x0f\x10'
614,2,307001.5,1.7121279999999999,0.0,0.0,20,4,12,0,True,8,False,False,0,b'\x00\x01\x02\x03\x04\x05\x06\x07\x08\t\n\x0b\x0c\r\x0e\x0f\x10'
615,1,308000.0,1.7121279999999999,0.0,0.0,20,4,12,0,True,8,False,False,0,b'\x00\x01\x02\x03\x04\x05\x06\x07\x08\t\n\x0b\x0c\r\x0e\x0f\x10'
616,2,308001.5,1.7121279999999999,0.0,0.0,20,4,12,0,True,8,False,False,0,b'\x00\x01\x02\x03\x04\x05\x06\x07\x08\t\n\x0b\x0c\r\x0e\x0f\x10'
617,1,309000.0,1.7121279999999999,0.0,0.0,20,4,12,0,True,8,False,False,0,b'\x00\x01\x02\x03\x04\x05\x06\x07\x08\t\n\x0b\x0c\r\x0e\x0f\x10'
618,2,309001.5,1.7121279999999999,0.0,0.0,20,4,12,0,True,8,False,False,0,b'\x00\x01\x02\x03\x04\x05\x06\x07\x08\t\n\x0b\x0c\r\x0e\x0f\x10'
619,1,310000.0,1.7121279999999999,0.0,0.0,20,4,12,0,True,8,False,False,0,b'\x00\x01\x02\x03\x04\x05\x06\x07\x08\t\n\x0b\x0c\r\x0e\x0f\x10'
620,2,310001.5,1.7121279999999999,0.0,0.0,20,4,12,0,True,8,False,False,0,b'\x00\x01\x02\x03\x04\x05\x06\x07\x08\t\n\x0b\x0c\r\x0e\x0f\x10'
621,1,311000.0,1.7121279999999999,0.0,0.0,20,4,12,0,True,8,False,False,0,b'\x00\x01\x02\x03\x04\x05\x06\x07\x08\t\n\x0b\x0c\r\x0e\x0f\x10'
622,2,311001.5,1.7121279999999999,0.0,0.0,20,4,12,0,True,8,False,False,0,b'\x00\x01\x02\x03\x04\x05\x06\x07\x08\t\n\x0b\x0c\r\x0e\x0f\x10'
623,1,312000.0,1.7121279999999999,0.0,0.0,20,4,12,0,True,8,False,False,0,b'\x00\x01\x02\x03\x04\x05\x06\x07\x08\t\n\x0b\x0c\r\x0e\x0f\x10'
624,2,312001.5,1.7121279999999999,0.0,0.0,20,4,12,0,True,8,False,False,0,b'\x00\x01\x02\x03\x04\x05\x06\x07\x08\t\n\x0b\x0c\r\x0e\x0f\x10'
625,1,313000.0,1.7121279999999999,0.0,0.0,20,4,12,0,True,8,False,False,0,b'\x00\x01\x02\x03\x04\x05\x06\x07\x08\t\n\x0b\x0c\r\x0e\x0f\x10'
626,2,313001.5,1.7121279999999999,0.0,0.0,20,4,12,0,True,8,False,False,0,b'\x00\x01\x02\x03\x04\x05\x06\x07\x08\t\n\x0b\x0c\r\x0e\x0f\x10'
627,1,314000.0,1.7121279999999999,0.0,0.0,20,4,12,0,True,8,False,False,0,b'\x00\x01\x02\x03\x04\x05\x06\x07\x08\t\n\x0b\x0c\r\x0e\x0f\x10'
628,2,314001.5,1.7121279999999999,0.0,0.0,20,4,12,0,True,8,False,False,0,b'\x00\x01\x02\x03\x04\x05\x06\x07\x08\t\n\x0b\x0c\r\x0e\x0f\x10'
629,1,315000.0,1.7121279999999999,0.0,0.0,20,4,12,0,True,8,False,False,0,b'\x00\x01\x02\x03\x04\x05\x06\x07\x08\t\n\x0b\x0c\r\x0e\x0f\x10'
630,2,315001.5,1.7121279999999999,0.0,0.0,20,4,12,0,True,8,False,False,0,b'\x00\x01\x02\x03\x04\x05\x06\x07\x08\t\n\x0b\x0c\r\x0e\x0f\x10'
631,1,316000.0,1.7121279999999999,0.0,0.0,20,4,12,0,True,8,False,False,0,b'\x00\x01\x02\x03\x04\x05\x06\x07\x08\t\n\x0b\x0c\r\x0e\x0f\x10'
632,2,316001.5,1.7121279999999999,0.0,0.0,20,4,12,0,True,8,False,False,0,b'\x00\x01\x02\x03\x04\x05\x06\x07\x08\t\n\x0b\x0c\r\x0e\x0f\x10'
633,1,317000.0,1.7121279999999999,0.0,0.0,20,4,12,0,True,8,False,False,0,b'\x00\x01\x02\x03\x04\x05\x06\x07\x08\t\n\x0b\x0c\r\x0e\x0f\x10'
634,2,317001.5,1.7121279999999999,0.0,0.0,20,4,12,0,True,8,False,False,0,b'\x00\x01\x02\x03\x04\x05\x06\x07\x08\t\n\x0b\x0c\r\x0e\x0f\x10'
635,1,318000.0,1.7121279999999999,0.0,0.0,20,4,12,0,True,8,False,False,0,b'\x00\x01\x02\x03\x04\x05\x06\x07\x08\t\n\x0b\x0c\r\x0e\x0f\x10'
636,2,318001.5,1.7121279999999999,0.0,0.0,20,4,12,0,True,8,False,False,0,b'\x00\x01\x02\x03\x04\x05\x06\x07\x08\t\n\x0b\x0c\r\x0e\x0f\x10'
637,1,319000.0,1.7121279999999999,0.0,0.0,20,4,12,0,True,8,False,False,0,b'\x00\x01\x02\x03\x04\x05\x06\x07\x08\t\n\x0b\x0c\r\x0e\x0f\x10'
638,2,319001.5,1.7121279999999999,0.0,0.0,20,4,12,0,True,8,False,False,0,b'\x00\x01\x02\x03\x04\x05\x06\x07\x08\t\n\x0b\x0c\r\x0e\x0f\x10'
639,1,320000.0,1.7121279999999999,0.0,0.0,20,4,12,0,True,8,False,False,0,b'\x00\x01\x02\x03\x04\x05\x06\x07\x08\t\n\x0b\x0c\r\x0e\x0f\x10'
640,2,320001.5,1.7121279999999999,0.0,0.0,20,4,12,0,True,8,False,False,0,b'\x00\x01\x02\x03\x04\x05\x06\x07\x08\t\n\x0b\x0c\r\x0e\x0f\x10'
641,1,321000.0,1.7121279999999999,0.0,0.0,20,4,12,0,True,8,False,False,0,b'\x00\x01\x02\x03\x04\x05\x06\x07\x08\t\n\x0b\x0c\r\x0e\x0f\x10'
642,2,321001.5,1.7121279999999999,0.0,0.0,20,4,12,0,True,8,False,False,0,b'\x00\x01\x02\x03\x04\x05\x06\x07\x08\t\n\x0b\x0c\r\x0e\x0f\x10'
643,1,322000.0,1.7121279999999999,0.0,0.0,20,4,12,0,True,8,False,False,0,b'\x00\x01\x02\x03\x04\x05\x06\x07\x08\t\n\x0b\x0c\r\x0e\x0f\x10'
644,2,322001.5,1.7121279999999999,0.0,0.0,20,4,12,0,True,8,False,False,0,b'\x00\x01\x02\x03\x04\x05\x06\x07\x08\t\n\x0b\x0c\r\x0e\x0f\x10'
645,1,323000.0,1.7121279999999999,0.0,0.0,20,4,12,0,True,8,False,False,0,b'\x00\x01\x02\x03\x04\x05\x06\x07\x08\t\n\x0b\x0c\r\x0e\x0f\x10'
646,2,323001.5,1.7121279999999999,0.0,0.0,20,4,12,0,True,8,False,False,0,b'\x00\x01\x02\x03\x04\x05\x06\x07\x08\t\n\x0b\x0c\r\x0e\x0f\x10'
647,1,324000.0,1.7121279999999999,0.0,0.0,20,4,12,0,True,8,False,False,0,b'\x00\x01\x02\x03\x04\x05\x06\x07\x08\t\n\x0b\x0c\r\x0e\x0f\x10'
648,2,324001.5,1.7121279999999999,0.0,0.0,20,4,12,0,True,8,False,False,0,b'\x00\x01\x02\x03\x04\x05\x06\x07\x08\t\n\x0b\x0c\r\x0e\x0f\x10'
649,1,325000.0,1.7121279999999999,0.0,0.0,20,4,12,0,True,8,False,False,0,b'\x00\x01\x02\x03\x04\x05\x06\x07\x08\t\n\x0b\x0c\r\x0e\x0f\x10'
650,2,325001.5,1.7121279999999999,0.0,0.0,20,4,12,0,True,8,False,False,0,b'\x00\x01\x02\x03\x04\x05\x06\x07\x08\t\n\x0b\x0c\r\x0e\x0f\x10'
651,1,326000.0,1.7121279999999999,0.0,0.0,20,4,12,0,True,8,False,False,0,b'\x00\x01\x02\x03\x04\x05\x06\x07\x08\t\n\x0b\x0c\r\x0e\x0f\x10'
652,2,326001.5,1.7121279999999999,0.0,0.0,20,4,12,0,True,8,False,False,0,b'\x00\x01\x02\x03\x04\x05\x06\x07\x08\t\n\x0b\x0c\r\x0e\x0f\x10'
653,1,327000.0,1.7121279999999999,0.0,0.0,20,4,12,0,True,8,False,False,0,b'\x00\x01\x02\x03\x04\x05\x06\x07\x08\t\n\x0b\x0c\r\x0e\x0f\x10'
654,2,327001.5,1.7121279999999999,0.0,0.0,20,4,12,0,True,8,False,False,0,b'\x00\x01\x02\x03\x04\x05\x06\x07\x08\t\n\x0b\x0c\r\x0e\x0f\x10'
655,1,328000.0,1.7121279999999999,0.0,0.0,20,4,12,0,True,8,False,False,0,b'\x00\x01\x02\x03\x04\x05\x06\x07\x08\t\n\x0b\x0c\r\x0e\x0f\x10'
656,2,328001.5,1.7121279999999999,0.0,0.0,20,4,12,0,True,8,False,False,0,b'\x00\x01\x02\x03\x04\x05\x06\x07\x08\t\n\x0b\x0c\r\x0e\x0f\x10'
657,1,329000.0,1.7121279999999999,0.0,0.0,20,4,12,0,True,8,False,False,0,b'\x00\x01\x02\x03\x04\x05\x06\x07\x08\t\n\x0b\x0c\r\x0e\x0f\x10'
658,2,329001.5,1.7121279999999999,0.0,0.0,20,4,12,0,True,8,False,False,0,b'\x00\x01\x02\x03\x04\x05\x06\x07\x08\t\n\x0b\x0c\r\x0e\x0f\x10'
659,1,330000.0,1.7121279999999999,0.0,0.0,20,4,12,0,True,8,False,False,0,b'\x00\x01\x02\x03\x04\x05\x06\x07\x08\t\n\x0b\x0c\r\x0e\x0f\x10'
660,2,330001.5,1.7121279999999999,0.0,0.0,20,4,12,0,True,8,False,False,0,b'\x00\x01\x02\x03\x04\x05\x06\x07\x08\t\n\x0b\x0c\r\x0e\x0f\x10'
661,1,331000.0,1.7121279999999999,0.0,0.0,20,4,12,0,True,8,False,False,0,b'\x00\x01\x02\x03\x04\x05\x06\x07\x08\t\n\x0b\x0c\r\x0e\x0f\x10'
662,2,331001.5,1.7121279999999999,0.0,0.0,20,4,12,0,True,8,False,False,0,b'\x00\x01\x02\x03\x04\x05\x06\x07\x08\t\n\x0b\x0c\r\x0e\x0f\x10'
663,1,332000.0,1.7121279999999999,0.0,0.0,20,4,12,0,True,8,False,False,0,b'\x00\x01\x02\x03\x04\x05\x06\x07\x08\t\n\x0b\x0c\r\x0e\x0f\x10'
664,2,332001.5,1.7121279999999999,0.0,0.0,20,4,12,0,True,8,False,False,0,b'\x00\x01\x02\x03\x04\x05\x06\x07\x08\t\n\x0b\x0c\r\x0e\x0f\x10'
665,1,333000.0,1.7121279999999999,0.0,0.0,20,4,12,0,True,8,False,False,0,b'\x00\x01\x02\x03\x04\x05\x06\x07\x08\t\n\x0b\x0c\r\x0e\x0f\x10'
666,2,333001.5,1.7121279999999999,0.0,0.0,20,4,12,0,True,8,False,False,0,b'\x00\x01\x02\x03\x04\x05\x06\x07\x08\t\n\x0b\x0c\r\x0e\x0f\x10'
667,1,334000.0,1.7121279999999999,0.0,0.0,20,4,12,0,True,8,False,False,0,b'\x00\x01\x02\x03\x04\x05\x06\x07\x08\t\n\x0b\x0c\r\x0e\x0f\x10'
668,2,334001.5,1.7121279999999999,0.0,0.0,20,4,12,0,True,8,False,False,0,b'\x00\x01\x02\x03\x04\x05\x06\x07\x08\t\n\x0b\x0c\r\x0e\x0f\x10'
669,1,335000.0,1.7121279999999999,0.0,0.0,20,4,12,0,True,8,False,False,0,b'\x00\x01\x02\x03\x04\x05\x06\x07\x08\t\n\x0b\x0c\r\x0e\x0f\x10'
670,2,335001.5,1.7121279999999999,0.0,0.0,20,4,12,0,True,8,False,False,0,b'\x00\x01\x02\x03\x04\x05\x06\x07\x08\t\n\x0b\x0c\r\x0e\x0f\x10'
671,1,336000.0,1.7121279999999999,0.0,0.0,20,4,12,0,True,8,False,False,0,b'\x00\x01\x02\x03\x04\x05\x06\x07\x08\t\n\x0b\x0c\r\x0e\x0f\x10'
672,2,336001.5,1.7121279999999999,0.0,0.0,20,4,12,0,True,8,False,False,0,b'\x00\x01\x02\x03\x04\x05\x06\x07\x08\t\n\x0b\x0c\r\x0e\x0f\x10'
673,1,337000.0,1.7121279999999999,0.0,0.0,20,4,12,0,True,8,False,False,0,b'\x00\x01\x02\x03\x04\x05\x06\x07\x08\t\n\x0b\x0c\r\x0e\x0f\x10'
674,2,337001.5,1.7121279999999999,0.0,0.0,20,4,12,0,True,8,False,False,0,b'\x00\x01\x02\x03\x04\x05\x06\x07\x08\t\n\x0b\x0c\r\x0e\x0f\x10'
675,1,338000.0,1.7121279999999999,0.0,0.0,20,4,12,0,True,8,False,False,0,b'\x00\x01\x02\x03\x04\x05\x06\x07\x08\t\n\x0b\x0c\r\x0e\x0f\x10'
676,2,338001.5,1.7121279999999999,0.0,0.0,20,4,12,0,True,8,False,False,0,b'\x00\x01\x02\x03\x04\x05\x06\x07\x08\t\n\x0b\x0c\r\x0e\x0f\x10'
677,1,339000.0,1.7121279999999999,0.0,0.0,20,4,12,0,True,8,False,False,0,b'\x00\x01\x02\x03\x04\x05\x06\x07\x08\t\n\x0b\x0c\r\x0e\x0f\x10'
678,2,339001.5,1.7121279999999999,0.0,0.0,20,4,12,0,True,8,False,False,0,b'\x00\x01\x02\x03\x04\x05\x06\x07\x08\t\n\x0b\x0c\r\x0e\x0f\x10'
679,1,340000.0,1.7121279999999999,0.0,0.0,20,4,12,0,True,8,False,False,0,b'\x00\x01\x02\x03\x04\x05\x06\x07\x08\t\n\x0b\x0c\r\x0e\x0f\x10'
680,2,340001.5,1.7121279999999999,0.0,0.0,20,4,12,0,True,8,False,False,0,b'\x00\x01\x02\x03\x04\x05\x06\x07\x08\t\n\x0b\x0c\r\x0e\x0f\x10'
681,1,341000.0,1.7121279999999999,0.0,0.0,20,4,12,0,True,8,False,False,0,b'\x00\x01\x02\x03\x04\x05\x06\x07\x08\t\n\x0b\x0c\r\x0e\x0f\x10'
682,2,341001.5,1.7121279999999999,0.0,0.0,20,4,12,0,True,8,False,False,0,b'\x00\x01\x02\x03\x04\x05\x06\x07\x08\t\n\x0b\x0c\r\x0e\x0f\x10'
683,1,342000.0,1.7121279999999999,0.0,0.0,20,4,12,0,True,8,False,False,0,b'\x00\x01\x02\x03\x04\x05\x06\x07\x08\t\n\x0b\x0c\r\x0e\x0f\x10'
684,2,342001.5,1.7121279999999999,0.0,0.0,20,4,12,0,True,8,False,False,0,b'\x00\x01\x02\x03\x04\x05\x06\x07\x08\t\n\x0b\x0c\r\x0e\x0f\x10'
685,1,343000.0,1.7121279999999999,0.0,0.0,20,4,12,0,True,8,False,False,0,b'\x00\x01\x02\x03\x04\x05\x06\x07\x08\t\n\x0b\x0c\r\x0e\x0f\x10'
686,2,343001.5,1.7121279999999999,0.0,0.0,20,4,12,0,True,8,False,False,0,b'\x00\x01\x02\x03\x04\x05\x06\x07\x08\t\n\x0b\x0c\r\x0e\x0f\x10'
687,1,344000.0,1.7121279999999999,0.0,0.0,20,4,12,0,True,8,False,False,0,b'\x00\x01\x02\x03\x04\x05\x06\x07\x08\t\n\x0b\x0c\r\x0e\x0f\x10'
688,2,344001.5,1.7121279999999999,0.0,0.0,20,4,12,0,True,8,False,False,0,b'\x00\x01\x02\x03\x04\x05\x06\x07\x08\t\n\x0b\x0c\r\x0e\x0f\x10'
689,1,345000.0,1.7121279999999999,0.0,0.0,20,4,12,0,True,8,False,False,0,b'\x00\x01\x02\x03\x04\x05\x06\x07\x08\t\n\x0b\x0c\r\x0e\x0f\x10'
690,2,345001.5,1.7121279999999999,0.0,0.0,20,4,12,0,True,8,False,False,0,b'\x00\x01\x02\x03\x04\x05\x06\x07\x08\t\n\x0b\x0c\r\x0e\x0f\x10'
691,1,346000.0,1.7121279999999999,0.0,0.0,20,4,12,0,True,8,False,False,0,b'\x00\x01\x02\x03\x04\x05\x06\x07\x08\t\n\x0b\x0c\r\x0e\x0f\x10'
692,2,346001.5,1.7121279999999999,0.0,0.0,20,4,12,0,True,8,False,False,0,b'\x00\x01\x02\x03\x04\x05\x06\x07\x08\t\n\x0b\x0c\r\x0e\x0f\x10'
693,1,347000.0,1.7121279999999999,0.0,0.0,20,4,12,0,True,8,False,False,0,b'\x00\x01\x02\x03\x04\x05\x06\x07\x08\t\n\x0b\x0c\r\x0e\x0f\x10'
694,2,347001.5,1.7121279999999999,0.0,0.0,20,4,12,0,True,8,False,False,0,b'\x00\x01\x02\x03\x04\x05\x06\x07\x08\t\n\x0b\x0c\r\x0e\x0f\x10'
695,1,348000.0,1.7121279999999999,0.0,0.0,20,4,12,0,True,8,False,False,0,b'\x00\x01\x02\x03\x04\x05\x06\x07\x08\t\n\x0b\x0c\r\x0e\x0f\x10'
696,2,348001.5,1.7121279999999999,0.0,0.0,20,4,12,0,True,8,False,False,0,b'\x00\x01\x02\x03\x04\x05\x06\x07\x08\t\n\x0b\x0c\r\x0e\x0f\x10'
697,1,349000.0,1.7121279999999999,0.0,0.0,20,4,12,0,True,8,False,False,0,b'\x00\x01\x02\x03\x04\x05\x06\x07\x08\t\n\x0b\x0c\r\x0e\x0f\x10'
698,2,349001.5,1.7121279999999999,0.0,0.0,20,4,12,0,True,8,False,False,0,b'\x00\x01\x02\x03\x04\x05\x06\x07\x08\t\n\x0b\x0c\r\x0e\x0f\x10'
699,1,350000.0,1.7121279999999999,0.0,0.0,20,4,12,0,True,8,False,False,0,b'\x00\x01\x02\x03\x04\x05\x06\x07\x08\t\n\x0b\x0c\r\x0e\x0f\x10'
700,2,350001.5,1.7121279999999999,0.0,0.0,20,4,12,0,True,8,False,False,0,b'\x00\x01\x02\x03\x04\x05\x06\x07\x08\t\n\x0b\x0c\r\x0e\x0f\x10'
701,1,351000.0,1.7121279999999999,0.0,0.0,20,4,12,0,True,8,False,False,0,b'\x00\x01\x02\x03\x04\x05\x06\x07\x08\t\n\x0b\x0c\r\x0e\x0f\x10'
702,2,351001.5,1.7121279999999999,0.0,0.0,20,4,12,0,True,8,False,False,0,b'\x00\x01\x02\x03\x04\x05\x06\x07\x08\t\n\x0b\x0c\r\x0e\x0f\x10'
703,1,352000.0,1.7121279999999999,0.0,0.0,20,4,12,0,True,8,False,False,0,b'\x00\x01\x02\x03\x04\x05\x06\x07\x08\t\n\x0b\x0c\r\x0e\x0f\x10'
704,2,352001.5,1.7121279999999999,0.0,0.0,20,4,12,0,True,8,False,False,0,b'\x00\x01\x02\x03\x04\x05\x06\x07\x08\t\n\x0b\x0c\r\x0e\x0f\x10'
705,1,353000.0,1.7121279999999999,0.0,0.0,20,4,12,0,True,8,False,False,0,b'\x00\x01\x02\x03\x04\x05\x06\x07\x08\t\n\x0b\x0c\r\x0e\x0f\x10'
706,2,353001.5,1.7121279999999999,0.0,0.0,20,4,12,0,True,8,False,False,0,b'\x00\x01\x02\x03\x04\x05\x06\x07\x08\t\n\x0b\x0c\r\x0e\x0f\x10'
707,1,354000.0,1.7121279999999999,0.0,0.0,20,4,12,0,True,8,False,False,0,b'\x00\x01\x02\x03\x04\x05\x06\x07\x08\t\n\x0b\x0c\r\x0e\x0f\x10'
708,2,354001.5,1.7121279999999999,0.0,0.0,20,4,12,0,True,8,False,False,0,b'\x00\x01\x02\x03\x04\x05\x06\x07\x08\t\n\x0b\x0c\r\x0e\x0f\x10'
709,1,355000.0,1.7121279999999999,0.0,0.0,20,4,12,0,True,8,False,False,0,b'\x00\x01\x02\x03\x04\x05\x06\x07\x08\t\n\x0b\x0c\r\x0e\x0f\x10'
710,2,355001.5,1.7121279999999999,0.0,0.0,20,4,12,0,True,8,False,False,0,b'\x00\x01\x02\x03\x04\x05\x06\x07\x08\t\n\x0b\x0c\r\x0e\x0f\x10'
711,1,356000.0,1.7121279999999999,0.0,0.0,20,4,12,0,True,8,False,False,0,b'\x00\x01\x02\x03\x04\x05\x06\x07\x08\t\n\x0b\x0c\r\x0e\x0f\x10'
712,2,356001.5,1.7121279999999999,0.0,0.0,20,4,12,0,True,8,False,False,0,b'\x00\x01\x02\x03\x04\x05\x06\x07\x08\t\n\x0b\x0c\r\x0e\x0f\x10'
713,1,357000.0,1.7121279999999999,0.0,0.0,20,4,12,0,True,8,False,False,0,b'\x00\x01\x02\x03\x04\x05\x06\x07\x08\t\n\x0b\x0c\r\x0e\x0f\x10'
714,2,357001.5,1.7121279999999999,0.0,0.0,20,4,12,0,True,8,False,False,0,b'\x00\x01\x02\x03\x04\x05\x06\x07\x08\t\n\x0b\x0c\r\x0e\x0f\x10'
715,1,358000.0,1.7121279999999999,0.0,0.0,20,4,12,0,True,8,False,False,0,b'\x00\x01\x02\x03\x04\x05\x06\x07\x08\t\n\x0b\x0c\r\x0e\x0f\x10'
716,2,358001.5,1.7121279999999999,0.0,0.0,20,4,12,0,True,8,False,False,0,b'\x00\x01\x02\x03\x04\x05\x06\x07\x08\t\n\x0b\x0c\r\x0e\x0f\x10'
717,1,359000.0,1.7121279999999999,0.0,0.0,20,4,12,0,True,8,False,False,0,b'\x00\x01\x02\x03\x04\x05\x06\x07\x08\t\n\x0b\x0c\r\x0e\x0f\x10'
718,2,359001.5,1.7121279999999999,0.0,0.0,20,4,12,0,True,8,False,False,0,b'\x00\x01\x02\x03\x04\x05\x06\x07\x08\t\n\x0b\x0c\r\x0e\x0f\x10'
719,1,360000.0,1.7121279999999999,0.0,0.0,20,4,12,0,True,8,False,False,0,b'\x00\x01\x02\x03\x04\x05\x06\x07\x08\t\n\x0b\x0c\r\x0e\x0f\x10'
720,2,360001.5,1.7121279999999999,0.0,0.0,20,4,12,0,True,8,False,False,0,b'\x00\x01\x02\x03\x04\x05\x06\x07\x08\t\n\x0b\x0c\r\x0e\x0f\x10'
721,1,361000.0,1.7121279999999999,0.0,0.0,20,4,12,0,True,8,False,False,0,b'\x00\x01\x02\x03\x04\x05\x06\x07\x08\t\n\x0b\x0c\r\x0e\x0f\x10'
722,2,361001.5,1.7121279999999999,0.0,0.0,20,4,12,0,True,8,False,False,0,b'\x00\x01\x02\x03\x04\x05\x06\x07\x08\t\n\x0b\x0c\r\x0e\x0f\x10'
723,1,362000.0,1.7121279999999999,0.0,0.0,20,4,12,0,True,8,False,False,0,b'\x00\x01\x02\x03\x04\x05\x06\x07\x08\t\n\x0b\x0c\r\x0e\x0f\x10'
724,2,362001.5,1.7121279999999999,0.0,0.0,20,4,12,0,True,8,False,False,0,b'\x00\x01\x02\x03\x04\x05\x06\x07\x08\t\n\x0b\x0c\r\x0e\x0f\x10'
725,1,363000.0,1.7121279999999999,0.0,0.0,20,4,12,0,True,8,False,False,0,b'\x00\x01\x02\x03\x04\x05\x06\x07\x08\t\n\x0b\x0c\r\x0e\x0f\x10'
726,2,363001.5,1.7121279999999999,0.0,0.0,20,4,12,0,True,8,False,False,0,b'\x00\x01\x02\x03\x04\x05\x06\x07\x08\t\n\x0b\x0c\r\x0e\x0f\x10'
727,1,364000.0,1.7121279999999999,0.0,0.0,20,4,12,0,True,8,False,False,0,b'\x00\x01\x02\x03\x04\x05\x06\x07\x08\t\n\x0b\x0c\r\x0e\x0f\x10'
728,2,364001.5,1.7121279999999999,0.0,0.0,20,4,12,0,True,8,False,False,0,b'\x00\x01\x02\x03\x04\x05\x06\x07\x08\t\n\x0b\x0c\r\x0e\x0f\x10'
729,1,365000.0,1.7121279999999999,0.0,0.0,20,4,12,0,True,8,False,False,0,b'\x00\x01\x02\x03\x04\x05\x06\x07\x08\t\n\x0b\x0c\r\x0e\x0f\x10'
730,2,365001.5,1.7121279999999999,0.0,0.0,20,4,12,0,True,8,False,False,0,b'\x00\x01\x02\x03\x04\x05\x06\x07\x08\t\n\x0b\x0c\r\x0e\x0f\x10'
731,1,366000.0,1.7121279999999999,0.0,0.0,20,4,12,0,True,8,False,False,0,b'\x00\x01\x02\x03\x04\x05\x06\x07\x08\t\n\x0b\x0c\r\x0e\x0f\x10'
732,2,366001.5,1.7121279999999999,0.0,0.0,20,4,12,0,True,8,False,False,0,b'\x00\x01\x02\x03\x04\x05\x06\x07\x08\t\n\x0b\x0c\r\x0e\x0f\x10'
733,1,367000.0,1.7121279999999999,0.0,0.0,20,4,12,0,True,8,False,False,0,b'\x00\x01\x02\x03\x04\x05\x06\x07\x08\t\n\x0b\x0c\r\x0e\x0f\x10'
734,2,367001.5,1.7121279999999999,0.0,0.0,20,4,12,0,True,8,False,False,0,b'\x00\x01\x02\x03\x04\x05\x06\x07\x08\t\n\x0b\x0c\r\x0e\x0f\x10'
735,1,368000.0,1.7121279999999999,0.0,0.0,20,4,12,0,True,8,False,False,0,b'\x00\x01\x02\x03\x04\x05\x06\x07\x08\t\n\x0b\x0c\r\x0e\x0f\x10'
736,2,368001.5,1.7121279999999999,0.0,0.0,20,4,12,0,True,8,False,False,0,b'\x00\x01\x02\x03\x04\x05\x06\x07\x08\t\n\x0b\x0c\r\x0e\x0f\x10'
737,1,369000.0,1.7121279999999999,0.0,0.0,20,4,12,0,True,8,False,False,0,b'\x00\x01\x02\x03\x04\x05\x06\x07\x08\t\n\x0b\x0c\r\x0e\x0f\x10'
738,2,369001.5,1.7121279999999999,0.0,0.0,20,4,12,0,True,8,False,False,0,b'\x00\x01\x02\x03\x04\x05\x06\x07\x08\t\n\x0b\x0c\r\x0e\x0f\x10'
739,1,370000.0,1.7121279999999999,0.0,0.0,20,4,12,0,True,8,False,False,0,b'\x00\x01\x02\x03\x04\x05\x06\x07\x08\t\n\x0b\x0c\r\x0e\x0f\x10'
740,2,370001.5,1.7121279999999999,0.0,0.0,20,4,12,0,True,8,False,False,0,b'\x00\x01\x02\x03\x04\x05\x06\x07\x08\t\n\x0b\x0c\r\x0e\x0f\x10'
741,1,371000.0,1.7121279999999999,0.0,0.0,20,4,12,0,True,8,False,False,0,b'\x00\x01\x02\x03\x04\x05\x06\x07\x08\t\n\x0b\x0c\r\x0e\x0f\x10'
742,2,371001.5,1.7121279999999999,0.0,0.0,20,4,12,0,True,8,False,False,0,b'\x00\x01\x02\x03\x04\x05\x06\x07\x08\t\n\x0b\x0c\r\x0e\x0f\x10'
743,1,372000.0,1.7121279999999999,0.0,0.0,20,4,12,0,True,8,False,False,0,b'\x00\x01\x02\x03\x04\x05\x06\x07\x08\t\n\x0b\x0c\r\x0e\x0f\x10'
744,2,372001.5,1.7121279999999999,0.0,0.0,20,4,12,0,True,8,False,False,0,b'\x00\x01\x02\x03\x04\x05\x06\x07\x08\t\n\x0b\x0c\r\x0e\x0f\x10'
745,1,373000.0,1.7121279999999999,0.0,0.0,20,4,12,0,True,8,False,False,0,b'\x00\x01\x02\x03\x04\x05\x06\x07\x08\t\n\x0b\x0c\r\x0e\x0f\x10'
746,2,373001.5,1.7121279999999999,0.0,0.0,20,4,12,0,True,8,False,False,0,b'\x00\x01\x02\x03\x04\x05\x06\x07\x08\t\n\x0b\x0c\r\x0e\x0f\x10'
747,1,374000.0,1.7121279999999999,0.0,0.0,20,4,12,0,True,8,False,False,0,b'\x00\x01\x02\x03\x04\x05\x06\x07\x08\t\n\x0b\x0c\r\x0e\x0f\x10'
748,2,374001.5,1.7121279999999999,0.0,0.0,20,4,12,0,True,8,False,False,0,b'\x00\x01\x02\x03\x04\x05\x06\x07\x08\t\n\x0b\x0c\r\x0e\x0f\x10'
749,1,375000.0,1.7121279999999999,0.0,0.0,20,4,12,0,True,8,False,False,0,b'\x00\x01\x02\x03\x04\x05\x06\x07\x08\t\n\x0b\x0c\r\x0e\x0f\x10'
750,2,375001.5,1.7121279999999999,0.0,0.0,20,4,12,0,True,8,False,False,0,b'\x00\x01\x02\x03\x04\x05\x06\x07\x08\t\n\x0b\x0c\r\x0e\x0f\x10'
751,1,376000.0,1.7121279999999999,0.0,0.0,20,4,12,0,True,8,False,False,0,b'\x00\x01\x02\x03\x04\x05\x06\x07\x08\t\n\x0b\x0c\r\x0e\x0f\x10'
752,2,376001.5,1.7121279999999999,0.0,0.0,20,4,12,0,True,8,False,False,0,b'\x00\x01\x02\x03\x04\x05\x06\x07\x08\t\n\x0b\x0c\r\x0e\x0f\x10'
753,1,377000.0,1.7121279999999999,0.0,0.0,20,4,12,0,True,8,False,False,0,b'\x00\x01\x02\x03\x04\x05\x06\x07\x08\t\n\x0b\x0c\r\x0e\x0f\x10'
754,2,377001.5,1.7121279999999999,0.0,0.0,20,4,12,0,True,8,False,False,0,b'\x00\x01\x02\x03\x04\x05\x06\x07\x08\t\n\x0b\x0c\r\x0e\x0f\x10'
755,1,378000.0,1.7121279999999999,0.0,0.0,20,4,12,0,True,8,False,False,0,b'\x00\x01\x02\x03\x04\x05\x06\x07\x08\t\n\x0b\x0c\r\x0e\x0f\x10'
756,2,378001.5,1.7121279999999999,0.0,0.0,20,4,12,0,True,8,False,False,0,b'\x00\x01\x02\x03\x04\x05\x06\x07\x08\t\n\x0b\x0c\r\x0e\x0f\x10'
757,1,379000.0,1.7121279999999999,0.0,0.0,20,4,12,0,True,8,False,False,0,b'\x00\x01\x02\x03\x04\x05\x06\x07\x08\t\n\x0b\x0c\r\x0e\x0f\x10'
758,2,379001.5,1.7121279999999999,0.0,0.0,20,4,12,0,True,8,False,False,0,b'\x00\x01\x02\x03\x04\x05\x06\x07\x08\t\n\x0b\x0c\r\x0e\x0f\x10'
759,1,380000.0,1.7121279999999999,0.0,0.0,20,4,12,0,True,8,False,False,0,b'\x00\x01\x02\x03\x04\x05\x06\x07\x08\t\n\x0b\x0c\r\x0e\x0f\x10'
760,2,380001.5,1.7121279999999999,0.0,0.0,20,4,12,0,True,8,False,False,0,b'\x00\x01\x02\x03\x04\x05\x06\x07\x08\t\n\x0b\x0c\r\x0e\x0f\x10'
761,1,381000.0,1.7121279999999999,0.0,0.0,20,4,12,0,True,8,False,False,0,b'\x00\x01\x02\x03\x04\x05\x06\x07\x08\t\n\x0b\x0c\r\x0e\x0f\x10'
762,2,381001.5,1.7121279999999999,0.0,0.0,20,4,12,0,True,8,False,False,0,b'\x00\x01\x02\x03\x04\x05\x06\x07\x08\t\n\x0b\x0c\r\x0e\x0f\x10'
763,1,382000.0,1.7121279999999999,0.0,0.0,20,4,12,0,True,8,False,False,0,b'\x00\x01\x02\x03\x04\x05\x06\x07\x08\t\n\x0b\x0c\r\x0e\x0f\x10'
764,2,382001.5,1.7121279999999999,0.0,0.0,20,4,12,0,True,8,False,False,0,b'\x00\x01\x02\x03\x04\x05\x06\x07\x08\t\n\x0b\x0c\r\x0e\x0f\x10'
765,1,383000.0,1.7121279999999999,0.0,0.0,20,4,12,0,True,8,False,False,0,b'\x00\x01\x02\x03\x04\x05\x06\x07\x08\t\n\x0b\x0c\r\x0e\x0f\x10'
766,2,383001.5,1.7121279999999999,0.0,0.0,20,4,12,0,True,8,False,False,0,b'\x00\x01\x02\x03\x04\x05\x06\x07\x08\t\n\x0b\x0c\r\x0e\x0f\x10'
767,1,384000.0,1.7121279999999999,0.0,0.0,20,4,12,0,True,8,False,False,0,b'\x00\x01\x02\x03\x04\x05\x06\x07\x08\t\n\x0b\x0c\r\x0e\x0f\x10'
768,2,384001.5,1.7121279999999999,0.0,0.0,20,4,12,0,True,8,False,False,0,b'\x00\x01\x02\x03\x04\x05\x06\x07\x08\t\n\x0b\x0c\r\x0e\x0f\x10'
769,1,385000.0,1.7121279999999999,0.0,0.0,20,4,12,0,True,8,False,False,0,b'\x00\x01\x02\x03\x04\x05\x06\x07\x08\t\n\x0b\x0c\r\x0e\x0f\x10'
770,2,385001.5,1.7121279999999999,0.0,0.0,20,4,12,0,True,8,False,False,0,b'\x00\x01\x02\x03\x04\x05\x06\x07\x08\t\n\x0b\x0c\r\x0e\x0f\x10'
771,1,386000.0,1.7121279999999999,0.0,0.0,20,4,12,0,True,8,False,False,0,b'\x00\x01\x02\x03\x04\x05\x06\x07\x08\t\n\x0b\x0c\r\x0e\x0f\x10'
772,2,386001.5,1.7121279999999999,0.0,0.0,20,4,12,0,True,8,False,False,0,b'\x00\x01\x02\x03\x04\x05\x06\x07\x08\t\n\x0b\x0c\r\x0e\x0f\x10'
773,1,387000.0,1.7121279999999999,0.0,0.0,20,4,12,0,True,8,False,False,0,b'\x00\x01\x02\x03\x04\x05\x06\x07\x08\t\n\x0b\x0c\r\x0e\x0f\x10'
774,2,387001.5,1.7121279999999999,0.0,0.0,20,4,12,0,True,8,False,False,0,b'\x00\x01\x02\x03\x04\x05\x06\x07\x08\t\n\x0b\x0c\r\x0e\x0f\x10'
775,1,388000.0,1.7121279999999999,0.0,0.0,20,4,12,0,True,8,False,False,0,b'\x00\x01\x02\x03\x04\x05\x06\x07\x08\t\n\x0b\x0c\r\x0e\x0f\x10'
776,2,388001.5,1.7121279999999999,0.0,0.0,20,4,12,0,True,8,False,False,0,b'\x00\x01\x02\x03\x04\x05\x06\x07\x08\t\n\x0b\x0c\r\x0e\x0f\x10'
777,1,389000.0,1.7121279999999999,0.0,0.0,20,4,12,0,True,8,False,False,0,b'\x00\x01\x02\x03\x04\x05\x06\x07\x08\t\n\x0b\x0c\r\x0e\x0f\x10'
778,2,389001.5,1.7121279999999999,0.0,0.0,20,4,12,0,True,8,False,False,0,b'\x00\x01\x02\x03\x04\x05\x06\x07\x08\t\n\x0b\x0c\r\x0e\x0f\x10'
779,1,390000.0,1.7121279999999999,0.0,0.0,20,4,12,0,True,8,False,False,0,b'\x00\x01\x02\x03\x04\x05\x06\x07\x08\t\n\x0b\x0c\r\x0e\x0f\x10'
780,2,390001.5,1.7121279999999999,0.0,0.0,20,4,12,0,True,8,False,False,0,b'\x00\x01\x02\x03\x04\x05\x06\x07\x08\t\n\x0b\x0c\r\x0e\x0f\x10'
781,1,391000.0,1.7121279999999999,0.0,0.0,20,4,12,0,True,8,False,False,0,b'\x00\x01\x02\x03\x04\x05\x06\x07\x08\t\n\x0b\x0c\r\x0e\x0f\x10'
782,2,391001.5,1.7121279999999999,0.0,0.0,20,4,12,0,True,8,False,False,0,b'\x00\x01\x02\x03\x04\x05\x06\x07\x08\t\n\x0b\x0c\r\x0e\x0f\x10'
783,1,392000.0,1.7121279999999999,0.0,0.0,20,4,12,0,True,8,False,False,0,b'\x00\x01\x02\x03\x04\x05\x06\x07\x08\t\n\x0b\x0c\r\x0e\x0f\x10'
784,2,392001.5,1.7121279999999999,0.0,0.0,20,4,12,0,True,8,False,False,0,b'\x00\x01\x02\x03\x04\x05\x06\x07\x08\t\n\x0b\x0c\r\x0e\x0f\x10'
785,1,393000.0,1.7121279999999999,0.0,0.0,20,4,12,0,True,8,False,False,0,b'\x00\x01\x02\x03\x04\x05\x06\x07\x08\t\n\x0b\x0c\r\x0e\x0f\x10'
786,2,393001.5,1.7121279999999999,0.0,0.0,20,4,12,0,True,8,False,False,0,b'\x00\x01\x02\x03\x04\x05\x06\x07\x08\t\n\x0b\x0c\r\x0e\x0f\x10'
787,1,394000.0,1.7121279999999999,0.0,0.0,20,4,12,0,True,8,False,False,0,b'\x00\x01\x02\x03\x04\x05\x06\x07\x08\t\n\x0b\x0c\r\x0e\x0f\x10'
788,2,394001.5,1.7121279999999999,0.0,0.0,20,4,12,0,True,8,False,False,0,b'\x00\x01\x02\x03\x04\x05\x06\x07\x08\t\n\x0b\x0c\r\x0e\x0f\x10'
789,1,395000.0,1.7121279999999999,0.0,0.0,20,4,12,0,True,8,False,False,0,b'\x00\x01\x02\x03\x04\x05\x06\x07\x08\t\n\x0b\x0c\r\x0e\x0f\x10'
790,2,395001.5,1.7121279999999999,0.0,0.0,20,4,12,0,True,8,False,False,0,b'\x00\x01\x02\x03\x04\x05\x06\x07\x08\t\n\x0b\x0c\r\x0e\x0f\x10'
791,1,396000.0,1.7121279999999999,0.0,0.0,20,4,12,0,True,8,False,False,0,b'\x00\x01\x02\x03\x04\x05\x06\x07\x08\t\n\x0b\x0c\r\x0e\x0f\x10'
792,2,396001.5,1.7121279999999999,0.0,0.0,20,4,12,0,True,8,False,False,0,b'\x00\x01\x02\x03\x04\x05\x06\x07\x08\t\n\x0b\x0c\r\x0e\x0f\x10'
793,1,397000.0,1.7121279999999999,0.0,0.0,20,4,12,0,True,8,False,False,0,b'\x00\x01\x02\x03\x04\x05\x06\x07\x08\t\n\x0b\x0c\r\x0e\x0f\x10'
794,2,397001.5,1.7121279999999999,0.0,0.0,20,4,12,0,True,8,False,False,0,b'\x00\x01\x02\x03\x04\x05\x06\x07\x08\t\n\x0b\x0c\r\x0e\x0f\x10'
795,1,398000.0,1.7121279999999999,0.0,0.0,20,4,12,0,True,8,False,False,0,b'\x00\x01\x02\x03\x04\x05\x06\x07\x08\t\n\x0b\x0c\r\x0e\x0f\x10'
796,2,398001.5,1.7121279999999999,0.0,0.0,20,4,12,0,True,8,False,False,0,b'\x00\x01\x02\x03\x04\x05\x06\x07\x08\t\n\x0b\x0c\r\x0e\x0f\x10'
797,1,399000.0,1.7121279999999999,0.0,0.0,20,4,12,0,True,8,False,False,0,b'\x00\x01\x02\x03\x04\x05\x06\x07\x08\t\n\x0b\x0c\r\x0e\x0f\x10'
798,2,399001.5,1.7121279999999999,0.0,0.0,20,4,12,0,True,8,False,False,0,b'\x00\x01\x02\x03\x04\x05\x06\x07\x08\t\n\x0b\x0c\r\x0e\x0f\x10'
799,1,400000.0,1.7121279999999999,0.0,0.0,20,4,12,0,True,8,False,False,0,b'\x00\x01\x02\x03\x04\x05\x06\x07\x08\t\n\x0b\x0c\r\x0e\x0f\x10'
800,2,400001.5,1.7121279999999999,0.0,0.0,20,4,12,0,True,8,False,False,0,b'\x00\x01\x02\x03\x04\x05\x06\x07\x08\t\n\x0b\x0c\r\x0e\x0f\x10'
801,1,401000.0,1.7121279999999999,0.0,0.0,20,4,12,0,True,8,False,False,0,b'\x00\x01\x02\x03\x04\x05\x06\x07\x08\t\n\x0b\x0c\r\x0e\x0f\x10'
802,2,401001.5,1.7121279999999999,0.0,0.0,20,4,12,0,True,8,False,False,0,b'\x00\x01\x02\x03\x04\x05\x06\x07\x08\t\n\x0b\x0c\r\x0e\x0f\x10'
803,1,402000.0,1.7121279999999999,0.0,0.0,20,4,12,0,True,8,False,False,0,b'\x00\x01\x02\x03\x04\x05\x06\x07\x08\t\n\x0b\x0c\r\x0e\x0f\x10'
804,2,402001.5,1.7121279999999999,0.0,0.0,20,4,12,0,True,8,False,False,0,b'\x00\x01\x02\x03\x04\x05\x06\x07\x08\t\n\x0b\x0c\r\x0e\x0f\x10'
805,1,403000.0,1.7121279999999999,0.0,0.0,20,4,12,0,True,8,False,False,0,b'\x00\x01\x02\x03\x04\x05\x06\x07\x08\t\n\x0b\x0c\r\x0e\x0f\x10'
806,2,403001.5,1.7121279999999999,0.0,0.0,20,4,12,0,True,8,False,False,0,b'\x00\x01\x02\x03\x04\x05\x06\x07\x08\t\n\x0b\x0c\r\x0e\x0f\x10'
807,1,404000.0,1.7121279999999999,0.0,0.0,20,4,12,0,True,8,False,False,0,b'\x00\x01\x02\x03\x04\x05\x06\x07\x08\t\n\x0b\x0c\r\x0e\x0f\x10'
808,2,404001.5,1.7121279999999999,0.0,0.0,20,4,12,0,True,8,False,False,0,b'\x00\x01\x02\x03\x04\x05\x06\x07\x08\t\n\x0b\x0c\r\x0e\x0f\x10'
809,1,405000.0,1.7121279999999999,0.0,0.0,20,4,12,0,True,8,False,False,0,b'\x00\x01\x02\x03\x04\x05\x06\x07\x08\t\n\x0b\x0c\r\x0e\x0f\x10'
810,2,405001.5,1.7121279999999999,0.0,0.0,20,4,12,0,True,8,False,False,0,b'\x00\x01\x02\x03\x04\x05\x06\x07\x08\t\n\x0b\x0c\r\x0e\x0f\x10'
811,1,406000.0,1.7121279999999999,0.0,0.0,20,4,12,0,True,8,False,False,0,b'\x00\x01\x02\x03\x04\x05\x06\x07\x08\t\n\x0b\x0c\r\x0e\x0f\x10'
812,2,406001.5,1.7121279999999999,0.0,0.0,20,4,12,0,True,8,False,False,0,b'\x00\x01\x02\x03\x04\x05\x06\x07\x08\t\n\x0b\x0c\r\x0e\x0f\x10'
813,1,407000.0,1.7121279999999999,0.0,0.0,20,4,12,0,True,8,False,False,0,b'\x00\x01\x02\x03\x04\x05\x06\x07\x08\t\n\x0b\x0c\r\x0e\x0f\x10'
814,2,407001.5,1.7121279999999999,0.0,0.0,20,4,12,0,True,8,False,False,0,b'\x00\x01\x02\x03\x04\x05\x06\x07\x08\t\n\x0b\x0c\r\x0e\x0f\x10'
815,1,408000.0,1.7121279999999999,0.0,0.0,20,4,12,0,True,8,False,False,0,b'\x00\x01\x02\x03\x04\x05\x06\x07\x08\t\n\x0b\x0c\r\x0e\x0f\x10'
816,2,408001.5,1.7121279999999999,0.0,0.0,20,4,12,0,True,8,False,False,0,b'\x00\x01\x02\x03\x04\x05\x06\x07\x08\t\n\x0b\x0c\r\x0e\x0f\x10'
817,1,409000.0,1.7121279999999999,0.0,0.0,20,4,12,0,True,8,False,False,0,b'\x00\x01\x02\x03\x04\x05\x06\x07\x08\t\n\x0b\x0c\r\x0e\x0f\x10'
818,2,409001.5,1.7121279999999999,0.0,0.0,20,4,12,0,True,8,False,False,0,b'\x00\x01\x02\x03\x04\x05\x06\x07\x08\t\n\x0b\x0c\r\x0e\x0f\x10'
819,1,410000.0,1.7121279999999999,0.0,0.0,20,4,12,0,True,8,False,False,0,b'\x00\x01\x02\x03\x04\x05\x06\x07\x08\t\n\x0b\x0c\r\x0e\x0f\x10'
820,2,410001.5,1.7121279999999999,0.0,0.0,20,4,12,0,True,8,False,False,0,b'\x00\x01\x02\x03\x04\x05\x06\x07\x08\t\n\x0b\x0c\r\x0e\x0f\x10'
821,1,411000.0,1.7121279999999999,0.0,0.0,20,4,12,0,True,8,False,False,0,b'\x00\x01\x02\x03\x04\x05\x06\x07\x08\t\n\x0b\x0c\r\x0e\x0f\x10'
822,2,411001.5,1.7121279999999999,0.0,0.0,20,4,12,0,True,8,False,False,0,b'\x00\x01\x02\x03\x04\x05\x06\x07\x08\t\n\x0b\x0c\r\x0e\x0f\x10'
823,1,412000.0,1.7121279999999999,0.0,0.0,20,4,12,0,True,8,False,False,0,b'\x00\x01\x02\x03\x04\x05\x06\x07\x08\t\n\x0b\x0c\r\x0e\x0f\x10'
824,2,412001.5,1.7121279999999999,0.0,0.0,20,4,12,0,True,8,False,False,0,b'\x00\x01\x02\x03\x04\x05\x06\x07\x08\t\n\x0b\x0c\r\x0e\x0f\x10'
825,1,413000.0,1.7121279999999999,0.0,0.0,20,4,12,0,True,8,False,False,0,b'\x00\x01\x02\x03\x04\x05\x06\x07\x08\t\n\x0b\x0c\r\x0e\x0f\x10'
826,2,413001.5,1.7121279999999999,0.0,0.0,20,4,12,0,True,8,False,False,0,b'\x00\x01\x02\x03\x04\x05\x06\x07\x08\t\n\x0b\x0c\r\x0e\x0f\x10'
827,1,414000.0,1.7121279999999999,0.0,0.0,20,4,12,0,True,8,False,False,0,b'\x00\x01\x02\x03\x04\x05\x06\x07\x08\t\n\x0b\x0c\r\x0e\x0f\x10'
828,2,414001.5,1.7121279999999999,0.0,0.0,20,4,12,0,True,8,False,False,0,b'\x00\x01\x02\x03\x04\x05\x06\x07\x08\t\n\x0b\x0c\r\x0e\x0f\x10'
829,1,415000.0,1.7121279999999999,0.0,0.0,20,4,12,0,True,8,False,False,0,b'\x00\x01\x02\x03\x04\x05\x06\x07\x08\t\n\x0b\x0c\r\x0e\x0f\x10'
830,2,415001.5,1.7121279999999999,0.0,0.0,20,4,12,0,True,8,False,False,0,b'\x00\x01\x02\x03\x04\x05\x06\x07\x08\t\n\x0b\x0c\r\x0e\x0f\x10'
831,1,416000.0,1.7121279999999999,0.0,0.0,20,4,12,0,True,8,False,False,0,b'\x00\x01\x02\x03\x04\x05\x06\x07\x08\t\n\x0b\x0c\r\x0e\x0f\x10'
832,2,416001.5,1.7121279999999999,0.0,0.0,20,4,12,0,True,8,False,False,0,b'\x00\x01\x02\x03\x04\x05\x06\x07\x08\t\n\x0b\x0c\r\x0e\x0f\x10'
833,1,417000.0,1.7121279999999999,0.0,0.0,20,4,12,0,True,8,False,False,0,b'\x00\x01\x02\x03\x04\x05\x06\x07\x08\t\n\x0b\x0c\r\x0e\x0f\x10'
834,2,417001.5,1.7121279999999999,0.0,0.0,20,4,12,0,True,8,False,False,0,b'\x00\x01\x02\x03\x04\x05\x06\x07\x08\t\n\x0b\x0c\r\x0e\x0f\x10'
835,1,418000.0,1.7121279999999999,0.0,0.0,20,4,12,0,True,8,False,False,0,b'\x00\x01\x02\x03\x04\x05\x06\x07\x08\t\n\x0b\x0c\r\x0e\x0f\x10'
836,2,418001.5,1.7121279999999999,0.0,0.0,20,4,12,0,True,8,False,False,0,b'\x00\x01\x02\x03\x04\x05\x06\x07\x08\t\n\x0b\x0c\r\x0e\x0f\x10'
837,1,419000.0,1.7121279999999999,0.0,0.0,20,4,12,0,True,8,False,False,0,b'\x00\x01\x02\x03\x04\x05\x06\x07\x08\t\n\x0b\x0c\r\x0e\x0f\x10'
838,2,419001.5,1.7121279999999999,0.0,0.0,20,4,12,0,True,8,False,False,0,b'\x00\x01\x02\x03\x04\x05\x06\x07\x08\t\n\x0b\x0c\r\x0e\x0f\x10'
839,1,420000.0,1.7121279999999999,0.0,0.0,20,4,12,0,True,8,False,False,0,b'\x00\x01\x02\x03\x04\x05\x06\x07\x08\t\n\x0b\x0c\r\x0e\x0f\x10'
840,2,420001.5,1.7121279999999999,0.0,0.0,20,4,12,0,True,8,False,False,0,b'\x00\x01\x02\x03\x04\x05\x06\x07\x08\t\n\x0b\x0c\r\x0e\x0f\x10'
841,1,421000.0,1.7121279999999999,0.0,0.0,20,4,12,0,True,8,False,False,0,b'\x00\x01\x02\x03\x04\x05\x06\x07\x08\t\n\x0b\x0c\r\x0e\x0f\x10'
842,2,421001.5,1.7121279999999999,0.0,0.0,20,4,12,0,True,8,False,False,0,b'\x00\x01\x02\x03\x04\x05\x06\x07\x08\t\n\x0b\x0c\r\x0e\x0f\x10'
843,1,422000.0,1.7121279999999999,0.0,0.0,20,4,12,0,True,8,False,False,0,b'\x00\x01\x02\x03\x04\x05\x06\x07\x08\t\n\x0b\x0c\r\x0e\x0f\x10'
844,2,422001.5,1.7121279999999999,0.0,0.0,20,4,12,0,True,8,False,False,0,b'\x00\x01\x02\x03\x04\x05\x06\x07\x08\t\n\x0b\x0c\r\x0e\x0f\x10'
845,1,423000.0,1.7121279999999999,0.0,0.0,20,4,12,0,True,8,False,False,0,b'\x00\x01\x02\x03\x04\x05\x06\x07\x08\t\n\x0b\x0c\r\x0e\x0f\x10'
846,2,423001.5,1.7121279999999999,0.0,0.0,20,4,12,0,True,8,False,False,0,b'\x00\x01\x02\x03\x04\x05\x06\x07\x08\t\n\x0b\x0c\r\x0e\x0f\x10'
847,1,424000.0,1.7121279999999999,0.0,0.0,20,4,12,0,True,8,False,False,0,b'\x00\x01\x02\x03\x04\x05\x06\x07\x08\t\n\x0b\x0c\r\x0e\x0f\x10'
848,2,424001.5,1.7121279999999999,0.0,0.0,20,4,12,0,True,8,False,False,0,b'\x00\x01\x02\x03\x04\x05\x06\x07\x08\t\n\x0b\x0c\r\x0e\x0f\x10'
849,1,425000.0,1.7121279999999999,0.0,0.0,20,4,12,0,True,8,False,False,0,b'\x00\x01\x02\x03\x04\x05\x06\x07\x08\t\n\x0b\x0c\r\x0e\x0f\x10'
850,2,425001.5,1.7121279999999999,0.0,0.0,20,4,12,0,True,8,False,False,0,b'\x00\x01\x02\x03\x04\x05\x06\x07\x08\t\n\x0b\x0c\r\x0e\x0f\x10'
851,1,426000.0,1.7121279999999999,0.0,0.0,20,4,12,0,True,8,False,False,0,b'\x00\x01\x02\x03\x04\x05\x06\x07\x08\t\n\x0b\x0c\r\x0e\x0f\x10'
852,2,426001.5,1.7121279999999999,0.0,0.0,20,4,12,0,True,8,False,False,0,b'\x00\x01\x02\x03\x04\x05\x06\x07\x08\t\n\x0b\x0c\r\x0e\x0f\x10'
853,1,427000.0,1.7121279999999999,0.0,0.0,20,4,12,0,True,8,False,False,0,b'\x00\x01\x02\x03\x04\x05\x06\x07\x08\t\n\x0b\x0c\r\x0e\x0f\x10'
854,2,427001.5,1.7121279999999999,0.0,0.0,20,4,12,0,True,8,False,False,0,b'\x00\x01\x02\x03\x04\x05\x06\x07\x08\t\n\x0b\x0c\r\x0e\x0f\x10'
855,1,428000.0,1.7121279999999999,0.0,0.0,20,4,12,0,True,8,False,False,0,b'\x00\x01\x02\x03\x04\x05\x06\x07\x08\t\n\x0b\x0c\r\x0e\x0f\x10'
856,2,428001.5,1.7121279999999999,0.0,0.0,20,4,12,0,True,8,False,False,0,b'\x00\x01\x02\x03\x04\x05\x06\x07\x08\t\n\x0b\x0c\r\x0e\x0f\x10'
857,1,429000.0,1.7121279999999999,0.0,0.0,20,4,12,0,True,8,False,False,0,b'\x00\x01\x02\x03\x04\x05\x06\x07\x08\t\n\x0b\x0c\r\x0e\x0f\x10'
858,2,429001.5,1.7121279999999999,0.0,0.0,20,4,12,0,True,8,False,False,0,b'\x00\x01\x02\x03\x04\x05\x06\x07\x08\t\n\x0b\x0c\r\x0e\x0f\x10'
859,1,430000.0,1.7121279999999999,0.0,0.0,20,4,12,0,True,8,False,False,0,b'\x00\x01\x02\x03\x04\x05\x06\x07\x08\t\n\x0b\x0c\r\x0e\x0f\x10'
860,2,430001.5,1.7121279999999999,0.0,0.0,20,4,12,0,True,8,False,False,0,b'\x00\x01\x02\x03\x04\x05\x06\x07\x08\t\n\x0b\x0c\r\x0e\x0f\x10'
861,1,431000.0,1.7121279999999999,0.0,0.0,20,4,12,0,True,8,False,False,0,b'\x00\x01\x02\x03\x04\x05\x06\x07\x08\t\n\x0b\x0c\r\x0e\x0f\x10'
862,2,431001.5,1.7121279999999999,0.0,0.0,20,4,12,0,True,8,False,False,0,b'\x00\x01\x02\x03\x04\x05\x06\x07\x08\t\n\x0b\x0c\r\x0e\x0f\x10'
863,1,432000.0,1.7121279999999999,0.0,0.0,20,4,12,0,True,8,False,False,0,b'\x00\x01\x02\x03\x04\x05\x06\x07\x08\t\n\x0b\x0c\r\x0e\x0f\x10'
864,2,432001.5,1.7121279999999999,0.0,0.0,20,4,12,0,True,8,False,False,0,b'\x00\x01\x02\x03\x04\x05\x06\x07\x08\t\n\x0b\x0c\r\x0e\x0f\x10'
865,1,433000.0,1.7121279999999999,0.0,0.0,20,4,12,0,True,8,False,False,0,b'\x00\x01\x02\x03\x04\x05\x06\x07\x08\t\n\x0b\x0c\r\x0e\x0f\x10'
866,2,433001.5,1.7121279999999999,0.0,0.0,20,4,12,0,True,8,False,False,0,b'\x00\x01\x02\x03\x04\x05\x06\x07\x08\t\n\x0b\x0c\r\x0e\x0f\x10'
867,1,434000.0,1.7121279999999999,0.0,0.0,20,4,12,0,True,8,False,False,0,b'\x00\x01\x02\x03\x04\x05\x06\x07\x08\t\n\x0b\x0c\r\x0e\x0f\x10'
868,2,434001.5,1.7121279999999999,0.0,0.0,20,4,12,0,True,8,False,False,0,b'\x00\x01\x02\x03\x04\x05\x06\x07\x08\t\n\x0b\x0c\r\x0e\x0f\x10'
869,1,435000.0,1.7121279999999999,0.0,0.0,20,4,12,0,True,8,False,False,0,b'\x00\x01\x02\x03\x04\x05\x06\x07\x08\t\n\x0b\x0c\r\x0e\x0f\x10'
870,2,435001.5,1.7121279999999999,0.0,0.0,20,4,12,0,True,8,False,False,0,b'\x00\x01\x02\x03\x04\x05\x06\x07\x08\t\n\x0b\x0c\r\x0e\x0f\x10'
871,1,436000.0,1.7121279999999999,0.0,0.0,20,4,12,0,True,8,False,False,0,b'\x00\x01\x02\x03\x04\x05\x06\x07\x08\t\n\x0b\x0c\r\x0e\x0f\x10'
872,2,436001.5,1.7121279999999999,0.0,0.0,20,4,12,0,True,8,False,False,0,b'\x00\x01\x02\x03\x04\x05\x06\x07\x08\t\n\x0b\x0c\r\x0e\x0f\x10'
873,1,437000.0,1.7121279999999999,0.0,0.0,20,4,12,0,True,8,False,False,0,b'\x00\x01\x02\x03\x04\x05\x06\x07\x08\t\n\x0b\x0c\r\x0e\x0f\x10'
874,2,437001.5,1.7121279999999999,0.0,0.0,20,4,12,0,True,8,False,False,0,b'\x00\x01\x02\x03\x04\x05\x06\x07\x08\t\n\x0b\x0c\r\x0e\x0f\x10'
875,1,438000.0,1.7121279999999999,0.0,0.0,20,4,12,0,True,8,False,False,0,b'\x00\x01\x02\x03\x04\x05\x06\x07\x08\t\n\x0b\x0c\r\x0e\x0f\x10'
876,2,438001.5,1.7121279999999999,0.0,0.0,20,4,12,0,True,8,False,False,0,b'\x00\x01\x02\x03\x04\x05\x06\x07\x08\t\n\x0b\x0c\r\x0e\x0f\x10'
877,1,439000.0,1.7121279999999999,0.0,0.0,20,4,12,0,True,8,False,False,0,b'\x00\x01\x02\x03\x04\x05\x06\x07\x08\t\n\x0b\x0c\r\x0e\x0f\x10'
878,2,439001.5,1.7121279999999999,0.0,0.0,20,4,12,0,True,8,False,False,0,b'\x00\x01\x02\x03\x04\x05\x06\x07\x08\t\n\x0b\x0c\r\x0e\x0f\x10'
879,1,440000.0,1.7121279999999999,0.0,0.0,20,4,12,0,True,8,False,False,0,b'\x00\x01\x02\x03\x04\x05\x06\x07\x08\t\n\x0b\x0c\r\x0e\x0f\x10'
880,2,440001.5,1.7121279999999999,0.0,0.0,20,4,12,0,True,8,False,False,0,b'\x00\x01\x02\x03\x04\x05\x06\x07\x08\t\n\x0b\x0c\r\x0e\x0f\x10'
881,1,441000.0,1.7121279999999999,0.0,0.0,20,4,12,0,True,8,False,False,0,b'\x00\x01\x02\x03\x04\x05\x06\x07\x08\t\n\x0b\x0c\r\x0e\x0f\x10'
882,2,441001.5,1.7121279999999999,0.0,0.0,20,4,12,0,True,8,False,False,0,b'\x00\x01\x02\x03\x04\x05\x06\x07\x08\t\n\x0b\x0c\r\x0e\x0f\x10'
883,1,442000.0,1.7121279999999999,0.0,0.0,20,4,12,0,True,8,False,False,0,b'\x00\x01\x02\x03\x04\x05\x06\x07\x08\t\n\x0b\x0c\r\x0e\x0f\x10'
884,2,442001.5,1.7121279999999999,0.0,0.0,20,4,12,0,True,8,False,False,0,b'\x00\x01\x02\x03\x04\x05\x06\x07\x08\t\n\x0b\x0c\r\x0e\x0f\x10'
885,1,443000.0,1.7121279999999999,0.0,0.0,20,4,12,0,True,8,False,False,0,b'\x00\x01\x02\x03\x04\x05\x06\x07\x08\t\n\x0b\x0c\r\x0e\x0f\x10'
886,2,443001.5,1.7121279999999999,0.0,0.0,20,4,12,0,True,8,False,False,0,b'\x00\x01\x02\x03\x04\x05\x06\x07\x08\t\n\x0b\x0c\r\x0e\x0f\x10'
887,1,444000.0,1.7121279999999999,0.0,0.0,20,4,12,0,True,8,False,False,0,b'\x00\x01\x02\x03\x04\x05\x06\x07\x08\t\n\x0b\x0c\r\x0e\x0f\x10'
888,2,444001.5,1.7121279999999999,0.0,0.0,20,4,12,0,True,8,False,False,0,b'\x00\x01\x02\x03\x04\x05\x06\x07\x08\t\n\x0b\x0c\r\x0e\x0f\x10'
889,1,445000.0,1.7121279999999999,0.0,0.0,20,4,12,0,True,8,False,False,0,b'\x00\x01\x02\x03\x04\x05\x06\x07\x08\t\n\x0b\x0c\r\x0e\x0f\x10'
890,2,445001.5,1.7121279999999999,0.0,0.0,20,4,12,0,True,8,False,False,0,b'\x00\x01\x02\x03\x04\x05\x06\x07\x08\t\n\x0b\x0c\r\x0e\x0f\x10'
891,1,446000.0,1.7121279999999999,0.0,0.0,20,4,12,0,True,8,False,False,0,b'\x00\x01\x02\x03\x04\x05\x06\x07\x08\t\n\x0b\x0c\r\x0e\x0f\x10'
892,2,446001.5,1.7121279999999999,0.0,0.0,20,4,12,0,True,8,False,False,0,b'\x00\x01\x02\x03\x04\x05\x06\x07\x08\t\n\x0b\x0c\r\x0e\x0f\x10'
893,1,447000.0,1.7121279999999999,0.0,0.0,20,4,12,0,True,8,False,False,0,b'\x00\x01\x02\x03\x04\x05\x06\x07\x08\t\n\x0b\x0c\r\x0e\x0f\x10'
894,2,447001.5,1.7121279999999999,0.0,0.0,20,4,12,0,True,8,False,False,0,b'\x00\x01\x02\x03\x04\x05\x06\x07\x08\t\n\x0b\x0c\r\x0e\x0f\x10'
895,1,448000.0,1.7121279999999999,0.0,0.0,20,4,12,0,True,8,False,False,0,b'\x00\x01\x02\x03\x04\x05\x06\x07\x08\t\n\x0b\x0c\r\x0e\x0f\x10'
896,2,448001.5,1.7121279999999999,0.0,0.0,20,4,12,0,True,8,False,False,0,b'\x00\x01\x02\x03\x04\x05\x06\x07\x08\t\n\x0b\x0c\r\x0e\x0f\x10'
897,1,449000.0,1.7121279999999999,0.0,0.0,20,4,12,0,True,8,False,False,0,b'\x00\x01\x02\x03\x04\x05\x06\x07\x08\t\n\x0b\x0c\r\x0e\x0f\x10'
898,2,449001.5,1.7121279999999999,0.0,0.0,20,4,12,0,True,8,False,False,0,b'\x00\x01\x02\x03\x04\x05\x06\x07\x08\t\n\x0b\x0c\r\x0e\x0f\x10'
899,1,450000.0,1.7121279999999999,0.0,0.0,20,4,12,0,True,8,False,False,0,b'\x00\x01\x02\x03\x04\x05\x06\x07\x08\t\n\x0b\x0c\r\x0e\x0f\x10'
900,2,450001.5,1.7121279999999999,0.0,0.0,20,4,12,0,True,8,False,False,0,b'\x00\x01\x02\x03\x04\x05\x06\x07\x08\t\n\x0b\x0c\r\x0e\x0f\x10'
901,1,451000.0,1.7121279999999999,0.0,0.0,20,4,12,0,True,8,False,False,0,b'\x00\x01\x02\x03\x04\x05\x06\x07\x08\t\n\x0b\x0c\r\x0e\x0f\x10'
902,2,451001.5,1.7121279999999999,0.0,0.0,20,4,12,0,True,8,False,False,0,b'\x00\x01\x02\x03\x04\x05\x06\x07\x08\t\n\x0b\x0c\r\x0e\x0f\x10'
903,1,452000.0,1.7121279999999999,0.0,0.0,20,4,12,0,True,8,False,False,0,b'\x00\x01\x02\x03\x04\x05\x06\x07\x08\t\n\x0b\x0c\r\x0e\x0f\x10'
904,2,452001.5,1.7121279999999999,0.0,0.0,20,4,12,0,True,8,False,False,0,b'\x00\x01\x02\x03\x04\x05\x06\x07\x08\t\n\x0b\x0c\r\x0e\x0f\x10'
905,1,453000.0,1.7121279999999999,0.0,0.0,20,4,12,0,True,8,False,False,0,b'\x00\x01\x02\x03\x04\x05\x06\x07\x08\t\n\x0b\x0c\r\x0e\x0f\x10'
906,2,453001.5,1.7121279999999999,0.0,0.0,20,4,12,0,True,8,False,False,0,b'\x00\x01\x02\x03\x04\x05\x06\x07\x08\t\n\x0b\x0c\r\x0e\x0f\x10'
907,1,454000.0,1.7121279999999999,0.0,0.0,20,4,12,0,True,8,False,False,0,b'\x00\x01\x02\x03\x04\x05\x06\x07\x08\t\n\x0b\x0c\r\x0e\x0f\x10'
908,2,454001.5,1.7121279999999999,0.0,0.0,20,4,12,0,True,8,False,False,0,b'\x00\x01\x02\x03\x04\x05\x06\x07\x08\t\n\x0b\x0c\r\x0e\x0f\x10'
909,1,455000.0,1.7121279999999999,0.0,0.0,20,4,12,0,True,8,False,False,0,b'\x00\x01\x02\x03\x04\x05\x06\x07\x08\t\n\x0b\x0c\r\x0e\x0f\x10'
910,2,455001.5,1.7121279999999999,0.0,0.0,20,4,12,0,True,8,False,False,0,b'\x00\x01\x02\x03\x04\x05\x06\x07\x08\t\n\x0b\x0c\r\x0e\x0f\x10'
911,1,456000.0,1.7121279999999999,0.0,0.0,20,4,12,0,True,8,False,False,0,b'\x00\x01\x02\x03\x04\x05\x06\x07\x08\t\n\x0b\x0c\r\x0e\x0f\x10'
912,2,456001.5,1.7121279999999999,0.0,0.0,20,4,12,0,True,8,False,False,0,b'\x00\x01\x02\x03\x04\x05\x06\x07\x08\t\n\x0b\x0c\r\x0e\x0f\x10'
913,1,457000.0,1.7121279999999999,0.0,0.0,20,4,12,0,True,8,False,False,0,b'\x00\x01\x02\x03\x04\x05\x06\x07\x08\t\n\x0b\x0c\r\x0e\x0f\x10'
914,2,457001.5,1.7121279999999999,0.0,0.0,20,4,12,0,True,8,False,False,0,b'\x00\x01\x02\x03\x04\x05\x06\x07\x08\t\n\x0b\x0c\r\x0e\x0f\x10'
915,1,458000.0,1.7121279999999999,0.0,0.0,20,4,12,0,True,8,False,False,0,b'\x00\x01\x02\x03\x04\x05\x06\x07\x08\t\n\x0b\x0c\r\x0e\x0f\x10'
916,2,458001.5,1.7121279999999999,0.0,0.0,20,4,12,0,True,8,False,False,0,b'\x00\x01\x02\x03\x04\x05\x06\x07\x08\t\n\x0b\x0c\r\x0e\x0f\x10'
917,1,459000.0,1.7121279999999999,0.0,0.0,20,4,12,0,True,8,False,False,0,b'\x00\x01\x02\x03\x04\x05\x06\x07\x08\t\n\x0b\x0c\r\x0e\x0f\x10'
918,2,459001.5,1.7121279999999999,0.0,0.0,20,4,12,0,True,8,False,False,0,b'\x00\x01\x02\x03\x04\x05\x06\x07\x08\t\n\x0b\x0c\r\x0e\x0f\x10'
919,1,460000.0,1.7121279999999999,0.0,0.0,20,4,12,0,True,8,False,False,0,b'\x00\x01\x02\x03\x04\x05\x06\x07\x08\t\n\x0b\x0c\r\x0e\x0f\x10'
920,2,460001.5,1.7121279999999999,0.0,0.0,20,4,12,0,True,8,False,False,0,b'\x00\x01\x02\x03\x04\x05\x06\x07\x08\t\n\x0b\x0c\r\x0e\x0f\x10'
921,1,461000.0,1.7121279999999999,0.0,0.0,20,4,12,0,True,8,False,False,0,b'\x00\x01\x02\x03\x04\x05\x06\x07\x08\t\n\x0b\x0c\r\x0e\x0f\x10'
922,2,461001.5,1.7121279999999999,0.0,0.0,20,4,12,0,True,8,False,False,0,b'\x00\x01\x02\x03\x04\x05\x06\x07\x08\t\n\x0b\x0c\r\x0e\x0f\x10'
923,1,462000.0,1.7121279999999999,0.0,0.0,20,4,12,0,True,8,False,False,0,b'\x00\x01\x02\x03\x04\x05\x06\x07\x08\t\n\x0b\x0c\r\x0e\x0f\x10'
924,2,462001.5,1.7121279999999999,0.0,0.0,20,4,12,0,True,8,False,False,0,b'\x00\x01\x02\x03\x04\x05\x06\x07\x08\t\n\x0b\x0c\r\x0e\x0f\x10'
925,1,463000.0,1.7121279999999999,0.0,0.0,20,4,12,0,True,8,False,False,0,b'\x00\x01\x02\x03\x04\x05\x06\x07\x08\t\n\x0b\x0c\r\x0e\x0f\x10'
926,2,463001.5,1.7121279999999999,0.0,0.0,20,4,12,0,True,8,False,False,0,b'\x00\x01\x02\x03\x04\x05\x06\x07\x08\t\n\x0b\x0c\r\x0e\x0f\x10'
927,1,464000.0,1.7121279999999999,0.0,0.0,20,4,12,0,True,8,False,False,0,b'\x00\x01\x02\x03\x04\x05\x06\x07\x08\t\n\x0b\x0c\r\x0e\x0f\x10'
928,2,464001.5,1.7121279999999999,0.0,0.0,20,4,12,0,True,8,False,False,0,b'\x00\x01\x02\x03\x04\x05\x06\x07\x08\t\n\x0b\x0c\r\x0e\x0f\x10'
929,1,465000.0,1.7121279999999999,0.0,0.0,20,4,12,0,True,8,False,False,0,b'\x00\x01\x02\x03\x04\x05\x06\x07\x08\t\n\x0b\x0c\r\x0e\x0f\x10'
930,2,465001.5,1.7121279999999999,0.0,0.0,20,4,12,0,True,8,False,False,0,b'\x00\x01\x02\x03\x04\x05\x06\x07\x08\t\n\x0b\x0c\r\x0e\x0f\x10'
931,1,466000.0,1.7121279999999999,0.0,0.0,20,4,12,0,True,8,False,False,0,b'\x00\x01\x02\x03\x04\x05\x06\x07\x08\t\n\x0b\x0c\r\x0e\x0f\x10'
932,2,466001.5,1.7121279999999999,0.0,0.0,20,4,12,0,True,8,False,False,0,b'\x00\x01\x02\x03\x04\x05\x06\x07\x08\t\n\x0b\x0c\r\x0e\x0f\x10'
933,1,467000.0,1.7121279999999999,0.0,0.0,20,4,12,0,True,8,False,False,0,b'\x00\x01\x02\x03\x04\x05\x06\x07\x08\t\n\x0b\x0c\r\x0e\x0f\x10'
934,2,467001.5,1.7121279999999999,0.0,0.0,20,4,12,0,True,8,False,False,0,b'\x00\x01\x02\x03\x04\x05\x06\x07\x08\t\n\x0b\x0c\r\x0e\x0f\x10'
935,1,468000.0,1.7121279999999999,0.0,0.0,20,4,12,0,True,8,False,False,0,b'\x00\x01\x02\x03\x04\x05\x06\x07\x08\t\n\x0b\x0c\r\x0e\x0f\x10'
936,2,468001.5,1.7121279999999999,0.0,0.0,20,4,12,0,True,8,False,False,0,b'\x00\x01\x02\x03\x04\x05\x06\x07\x08\t\n\x0b\x0c\r\x0e\x0f\x10'
937,1,469000.0,1.7121279999999999,0.0,0.0,20,4,12,0,True,8,False,False,0,b'\x00\x01\x02\x03\x04\x05\x06\x07\x08\t\n\x0b\x0c\r\x0e\x0f\x10'
938,2,469001.5,1.7121279999999999,0.0,0.0,20,4,12,0,True,8,False,False,0,b'\x00\x01\x02\x03\x04\x05\x06\x07\x08\t\n\x0b\x0c\r\x0e\x0f\x10'
939,1,470000.0,1.7121279999999999,0.0,0.0,20,4,12,0,True,8,False,False,0,b'\x00\x01\x02\x03\x04\x05\x06\x07\x08\t\n\x0b\x0c\r\x0e\x0f\x10'
940,2,470001.5,1.7121279999999999,0.0,0.0,20,4,12,0,True,8,False,False,0,b'\x00\x01\x02\x03\x04\x05\x06\x07\x08\t\n\x0b\x0c\r\x0e\x0f\x10'
941,1,471000.0,1.7121279999999999,0.0,0.0,20,4,12,0,True,8,False,False,0,b'\x00\x01\x02\x03\x04\x05\x06\x07\x08\t\n\x0b\x0c\r\x0e\x0f\x10'
942,2,471001.5,1.7121279999999999,0.0,0.0,20,4,12,0,True,8,False,False,0,b'\x00\x01\x02\x03\x04\x05\x06\x07\x08\t\n\x0b\x0c\r\x0e\x0f\x10'
943,1,472000.0,1.7121279999999999,0.0,0.0,20,4,12,0,True,8,False,False,0,b'\x00\x01\x02\x03\x04\x05\x06\x07\x08\t\n\x0b\x0c\r\x0e\x0f\x10'
944,2,472001.5,1.7121279999999999,0.0,0.0,20,4,12,0,True,8,False,False,0,b'\x00\x01\x02\x03\x04\x05\x06\x07\x08\t\n\x0b\x0c\r\x0e\x0f\x10'
945,1,473000.0,1.7121279999999999,0.0,0.0,20,4,12,0,True,8,False,False,0,b'\x00\x01\x02\x03\x04\x05\x06\x07\x08\t\n\x0b\x0c\r\x0e\x0f\x10'
946,2,473001.5,1.7121279999999999,0.0,0.0,20,4,12,0,True,8,False,False,0,b'\x00\x01\x02\x03\x04\x05\x06\x07\x08\t\n\x0b\x0c\r\x0e\x0f\x10'
947,1,474000.0,1.7121279999999999,0.0,0.0,20,4,12,0,True,8,False,False,0,b'\x00\x01\x02\x03\x04\x05\x06\x07\x08\t\n\x0b\x0c\r\x0e\x0f\x10'
948,2,474001.5,1.7121279999999999,0.0,0.0,20,4,12,0,True,8,False,False,0,b'\x00\x01\x02\x03\x04\x05\x06\x07\x08\t\n\x0b\x0c\r\x0e\x0f\x10'
949,1,475000.0,1.7121279999999999,0.0,0.0,20,4,12,0,True,8,False,False,0,b'\x00\x01\x02\x03\x04\x05\x06\x07\x08\t\n\x0b\x0c\r\x0e\x0f\x10'
950,2,475001.5,1.7121279999999999,0.0,0.0,20,4,12,0,True,8,False,False,0,b'\x00\x01\x02\x03\x04\x05\x06\x07\x08\t\n\x0b\x0c\r\x0e\x0f\x10'
951,1,476000.0,1.7121279999999999,0.0,0.0,20,4,12,0,True,8,False,False,0,b'\x00\x01\x02\x03\x04\x05\x06\x07\x08\t\n\x0b\x0c\r\x0e\x0f\x10'
952,2,476001.5,1.7121279999999999,0.0,0.0,20,4,12,0,True,8,False,False,0,b'\x00\x01\x02\x03\x04\x05\x06\x07\x08\t\n\x0b\x0c\r\x0e\x0f\x10'
953,1,477000.0,1.7121279999999999,0.0,0.0,20,4,12,0,True,8,False,False,0,b'\x00\x01\x02\x03\x04\x05\x06\x07\x08\t\n\x0b\x0c\r\x0e\x0f\x10'
954,2,477001.5,1.7121279999999999,0.0,0.0,20,4,12,0,True,8,False,False,0,b'\x00\x01\x02\x03\x04\x05\x06\x07\x08\t\n\x0b\x0c\r\x0e\x0f\x10'
955,1,478000.0,1.7121279999999999,0.0,0.0,20,4,12,0,True,8,False,False,0,b'\x00\x01\x02\x03\x04\x05\x06\x07\x08\t\n\x0b\x0c\r\x0e\x0f\x10'
956,2,478001.5,1.7121279999999999,0.0,0.0,20,4,12,0,True,8,False,False,0,b'\x00\x01\x02\x03\x04\x05\x06\x07\x08\t\n\x0b\x0c\r\x0e\x0f\x10'
957,1,479000.0,1.7121279999999999,0.0,0.0,20,4,12,0,True,8,False,False,0,b'\x00\x01\x02\x03\x04\x05\x06\x07\x08\t\n\x0b\x0c\r\x0e\x0f\x10'
958,2,479001.5,1.7121279999999999,0.0,0.0,20,4,12,0,True,8,False,False,0,b'\x00\x01\x02\x03\x04\x05\x06\x07\x08\t\n\x0b\x0c\r\x0e\x0f\x10'
959,1,480000.0,1.7121279999999999,0.0,0.0,20,4,12,0,True,8,False,False,0,b'\x00\x01\x02\x03\x04\x05\x06\x07\x08\t\n\x0b\x0c\r\x0e\x0f\x10'
960,2,480001.5,1.7121279999999999,0.0,0.0,20,4,12,0,True,8,False,False,0,b'\x00\x01\x02\x03\x04\x05\x06\x07\x08\t\n\x0b\x0c\r\x0e\x0f\x10'
961,1,481000.0,1.7121279999999999,0.0,0.0,20,4,12,0,True,8,False,False,0,b'\x00\x01\x02\x03\x04\x05\x06\x07\x08\t\n\x0b\x0c\r\x0e\x0f\x10'
962,2,481001.5,1.7121279999999999,0.0,0.0,20,4,12,0,True,8,False,False,0,b'\x00\x01\x02\x03\x04\x05\x06\x07\x08\t\n\x0b\x0c\r\x0e\x0f\x10'
963,1,482000.0,1.7121279999999999,0.0,0.0,20,4,12,0,True,8,False,False,0,b'\x00\x01\x02\x03\x04\x05\x06\x07\x08\t\n\x0b\x0c\r\x0e\x0f\x10'
964,2,482001.5,1.7121279999999999,0.0,0.0,20,4,12,0,True,8,False,False,0,b'\x00\x01\x02\x03\x04\x05\x06\x07\x08\t\n\x0b\x0c\r\x0e\x0f\x10'
965,1,483000.0,1.7121279999999999,0.0,0.0,20,4,12,0,True,8,False,False,0,b'\x00\x01\x02\x03\x04\x05\x06\x07\x08\t\n\x0b\x0c\r\x0e\x0f\x10'
966,2,483001.5,1.7121279999999999,0.0,0.0,20,4,12,0,True,8,False,False,0,b'\x00\x01\x02\x03\x04\x05\x06\x07\x08\t\n\x0b\x0c\r\x0e\x0f\x10'
967,1,484000.0,1.7121279999999999,0.0,0.0,20,4,12,0,True,8,False,False,0,b'\x00\x01\x02\x03\x04\x05\x06\x07\x08\t\n\x0b\x0c\r\x0e\x0f\x10'
968,2,484001.5,1.7121279999999999,0.0,0.0,20,4,12,0,True,8,False,False,0,b'\x00\x01\x02\x03\x04\x05\x06\x07\x08\t\n\x0b\x0c\r\x0e\x0f\x10'
969,1,485000.0,1.7121279999999999,0.0,0.0,20,4,12,0,True,8,False,False,0,b'\x00\x01\x02\x03\x04\x05\x06\x07\x08\t\n\x0b\x0c\r\x0e\x0f\x10'
970,2,485001.5,1.7121279999999999,0.0,0.0,20,4,12,0,True,8,False,False,0,b'\x00\x01\x02\x03\x04\x05\x06\x07\x08\t\n\x0b\x0c\r\x0e\x0f\x10'
971,1,486000.0,1.7121279999999999,0.0,0.0,20,4,12,0,True,8,False,False,0,b'\x00\x01\x02\x03\x04\x05\x06\x07\x08\t\n\x0b\x0c\r\x0e\x0f\x10'
972,2,486001.5,1.7121279999999999,0.0,0.0,20,4,12,0,True,8,False,False,0,b'\x00\x01\x02\x03\x04\x05\x06\x07\x08\t\n\x0b\x0c\r\x0e\x0f\x10'
973,1,487000.0,1.7121279999999999,0.0,0.0,20,4,12,0,True,8,False,False,0,b'\x00\x01\x02\x03\x04\x05\x06\x07\x08\t\n\x0b\x0c\r\x0e\x0f\x10'
974,2,487001.5,1.7121279999999999,0.0,0.0,20,4,12,0,True,8,False,False,0,b'\x00\x01\x02\x03\x04\x05\x06\x07\x08\t\n\x0b\x0c\r\x0e\x0f\x10'
975,1,488000.0,1.7121279999999999,0.0,0.0,20,4,12,0,True,8,False,False,0,b'\x00\x01\x02\x03\x04\x05\x06\x07\x08\t\n\x0b\x0c\r\x0e\x0f\x10'
976,2,488001.5,1.7121279999999999,0.0,0.0,20,4,12,0,True,8,False,False,0,b'\x00\x01\x02\x03\x04\x05\x06\x07\x08\t\n\x0b\x0c\r\x0e\x0f\x10'
977,1,489000.0,1.7121279999999999,0.0,0.0,20,4,12,0,True,8,False,False,0,b'\x00\x01\x02\x03\x04\x05\x06\x07\x08\t\n\x0b\x0c\r\x0e\x0f\x10'
978,2,489001.5,1.7121279999999999,0.0,0.0,20,4,12,0,True,8,False,False,0,b'\x00\x01\x02\x03\x04\x05\x06\x07\x08\t\n\x0b\x0c\r\x0e\x0f\x10'
979,1,490000.0,1.7121279999999999,0.0,0.0,20,4,12,0,True,8,False,False,0,b'\x00\x01\x02\x03\x04\x05\x06\x07\x08\t\n\x0b\x0c\r\x0e\x0f\x10'
980,2,490001.5,1.7121279999999999,0.0,0.0,20,4,12,0,True,8,False,False,0,b'\x00\x01\x02\x03\x04\x05\x06\x07\x08\t\n\x0b\x0c\r\x0e\x0f\x10'
981,1,491000.0,1.7121279999999999,0.0,0.0,20,4,12,0,True,8,False,False,0,b'\x00\x01\x02\x03\x04\x05\x06\x07\x08\t\n\x0b\x0c\r\x0e\x0f\x10'
982,2,491001.5,1.7121279999999999,0.0,0.0,20,4,12,0,True,8,False,False,0,b'\x00\x01\x02\x03\x04\x05\x06\x07\x08\t\n\x0b\x0c\r\x0e\x0f\x10'
983,1,492000.0,1.7121279999999999,0.0,0.0,20,4,12,0,True,8,False,False,0,b'\x00\x01\x02\x03\x04\x05\x06\x07\x08\t\n\x0b\x0c\r\x0e\x0f\x10'
984,2,492001.5,1.7121279999999999,0.0,0.0,20,4,12,0,True,8,False,False,0,b'\x00\x01\x02\x03\x04\x05\x06\x07\x08\t\n\x0b\x0c\r\x0e\x0f\x10'
985,1,493000.0,1.7121279999999999,0.0,0.0,20,4,12,0,True,8,False,False,0,b'\x00\x01\x02\x03\x04\x05\x06\x07\x08\t\n\x0b\x0c\r\x0e\x0f\x10'
986,2,493001.5,1.7121279999999999,0.0,0.0,20,4,12,0,True,8,False,False,0,b'\x00\x01\x02\x03\x04\x05\x06\x07\x08\t\n\x0b\x0c\r\x0e\x0f\x10'
987,1,494000.0,1.7121279999999999,0.0,0.0,20,4,12,0,True,8,False,False,0,b'\x00\x01\x02\x03\x04\x05\x06\x07\x08\t\n\x0b\x0c\r\x0e\x0f\x10'
988,2,494001.5,1.7121279999999999,0.0,0.0,20,4,12,0,True,8,False,False,0,b'\x00\x01\x02\x03\x04\x05\x06\x07\x08\t\n\x0b\x0c\r\x0e\x0f\x10'
989,1,495000.0,1.7121279999999999,0.0,0.0,20,4,12,0,True,8,False,False,0,b'\x00\x01\x02\x03\x04\x05\x06\x07\x08\t\n\x0b\x0c\r\x0e\x0f\x10'
990,2,495001.5,1.7121279999999999,0.0,0.0,20,4,12,0,True,8,False,False,0,b'\x00\x01\x02\x03\x04\x05\x06\x07\x08\t\n\x0b\x0c\r\x0e\x0f\x10'
991,1,496000.0,1.7121279999999999,0.0,0.0,20,4,12,0,True,8,False,False,0,b'\x00\x01\x02\x03\x04\x05\x06\x07\x08\t\n\x0b\x0c\r\x0e\x0f\x10'
992,2,496001.5,1.7121279999999999,0.0,0.0,20,4,12,0,True,8,False,False,0,b'\x00\x01\x02\x03\x04\x05\x06\x07\x08\t\n\x0b\x0c\r\x0e\x0f\x10'
993,1,497000.0,1.7121279999999999,0.0,0.0,20,4,12,0,True,8,False,False,0,b'\x00\x01\x02\x03\x04\x05\x06\x07\x08\t\n\x0b\x0c\r\x0e\x0f\x10'
994,2,497001.5,1.7121279999999999,0.0,0.0,20,4,12,0,True,8,False,False,0,b'\x00\x01\x02\x03\x04\x05\x06\x07\x08\t\n\x0b\x0c\r\x0e\x0f\x10'
995,1,498000.0,1.7121279999999999,0.0,0.0,20,4,12,0,True,8,False,False,0,b'\x00\x01\x02\x03\x04\x05\x06\x07\x08\t\n\x0b\x0c\r\x0e\x0f\x10'
996,2,498001.5,1.7121279999999999,0.0,0.0,20,4,12,0,True,8,False,False,0,b'\x00\x01\x02\x03\x04\x05\x06\x07\x08\t\n\x0b\x0c\r\x0e\x0f\x10'
997,1,499000.0,1.7121279999999999,0.0,0.0,20,4,12,0,True,8,False,False,0,b'\x00\x01\x02\x03\x04\x05\x06\x07\x08\t\n\x0b\x0c\r\x0e\x0f\x10'
998,2,499001.5,1.7121279999999999,0.0,0.0,20,4,12,0,True,8,False,False,0,b'\x00\x01\x02\x03\x04\x05\x06\x07\x08\t\n\x0b\x0c\r\x0e\x0f\x10'
999,1,500000.0,1.7121279999999999,0.0,0.0,20,4,12,0,True,8,False,False,0,b'\x00\x01\x02\x03\x04\x05\x06\x07\x08\t\n\x0b\x0c\r\x0e\x0f\x10'
1000,2,500001.5,1.7121279999999999,0.0,0.0,20,4,12,0,True,8,False,False,0,b'\x00\x01\x02\x03\x04\x05\x06\x07\x08\t\n\x0b\x0c\r\x0e\x0f\x10'
1001,1,501000.0,1.7121279999999999,0.0,0.0,20,4,12,0,True,8,False,False,0,b'\x00\x01\x02\x03\x04\x05\x06\x07\x08\t\n\x0b\x0c\r\x0e\x0f\x10'
1002,2,501001.5,1.7121279999999999,0.0,0.0,20,4,12,0,True,8,False,False,0,b'\x00\x01\x02\x03\x04\x05\x06\x07\x08\t\n\x0b\x0c\r\x0e\x0f\x10'
1003,1,502000.0,1.7121279999999999,0.0,0.0,20,4,12,0,True,8,False,False,0,b'\x00\x01\x02\x03\x04\x05\x06\x07\x08\t\n\x0b\x0c\r\x0e\x0f\x10'
1004,2,502001.5,1.7121279999999999,0.0,0.0,20,4,12,0,True,8,False,False,0,b'\x00\x01\x02\x03\x04\x05\x06\x07\x08\t\n\x0b\x0c\r\x0e\x0f\x10'
1005,1,503000.0,1.7121279999999999,0.0,0.0,20,4,12,0,True,8,False,False,0,b'\x00\x01\x02\x03\x04\x05\x06\x07\x08\t\n\x0b\x0c\r\x0e\x0f\x10'
1006,2,503001.5,1.7121279999999999,0.0,0.0,20,4,12,0,True,8,False,False,0,b'\x00\x01\x02\x03\x04\x05\x06\x07\x08\t\n\x0b\x0c\r\x0e\x0f\x10'
1007,1,504000.0,1.7121279999999999,0.0,0.0,20,4,12,0,True,8,False,False,0,b'\x00\x01\x02\x03\x04\x05\x06\x07\x08\t\n\x0b\x0c\r\x0e\x0f\x10'
1008,2,504001.5,1.7121279999999999,0.0,0.0,20,4,12,0,True,8,False,False,0,b'\x00\x01\x02\x03\x04\x05\x06\x07\x08\t\n\x0b\x0c\r\x0e\x0f\x10'
1009,1,505000.0,1.7121279999999999,0.0,0.0,20,4,12,0,True,8,False,False,0,b'\x00\x01\x02\x03\x04\x05\x06\x07\x08\t\n\x0b\x0c\r\x0e\x0f\x10'
1010,2,505001.5,1.7121279999999999,0.0,0.0,20,4,12,0,True,8,False,False,0,b'\x00\x01\x02\x03\x04\x05\x06\x07\x08\t\n\x0b\x0c\r\x0e\x0f\x10'
1011,1,506000.0,1.7121279999999999,0.0,0.0,20,4,12,0,True,8,False,False,0,b'\x00\x01\x02\x03\x04\x05\x06\x07\x08\t\n\x0b\x0c\r\x0e\x0f\x10'
1012,2,506001.5,1.7121279999999999,0.0,0.0,20,4,12,0,True,8,False,False,0,b'\x00\x01\x02\x03\x04\x05\x06\x07\x08\t\n\x0b\x0c\r\x0e\x0f\x10'
1013,1,507000.0,1.7121279999999999,0.0,0.0,20,4,12,0,True,8,False,False,0,b'\x00\x01\x02\x03\x04\x05\x06\x07\x08\t\n\x0b\x0c\r\x0e\x0f\x10'
1014,2,507001.5,1.7121279999999999,0.0,0.0,20,4,12,0,True,8,False,False,0,b'\x00\x01\x02\x03\x04\x05\x06\x07\x08\t\n\x0b\x0c\r\x0e\x0f\x10'
1015,1,508000.0,1.7121279999999999,0.0,0.0,20,4,12,0,True,8,False,False,0,b'\x00\x01\x02\x03\x04\x05\x06\x07\x08\t\n\x0b\x0c\r\x0e\x0f\x10'
1016,2,508001.5,1.7121279999999999,0.0,0.0,20,4,12,0,True,8,False,False,0,b'\x00\x01\x02\x03\x04\x05\x06\x07\x08\t\n\x0b\x0c\r\x0e\x0f\x10'
1017,1,509000.0,1.7121279999999999,0.0,0.0,20,4,12,0,True,8,False,False,0,b'\x00\x01\x02\x03\x04\x05\x06\x07\x08\t\n\x0b\x0c\r\x0e\x0f\x10'
1018,2,509001.5,1.7121279999999999,0.0,0.0,20,4,12,0,True,8,False,False,0,b'\x00\x01\x02\x03\x04\x05\x06\x07\x08\t\n\x0b\x0c\r\x0e\x0f\x10'
1019,1,510000.0,1.7121279999999999,0.0,0.0,20,4,12,0,True,8,False,False,0,b'\x00\x01\x02\x03\x04\x05\x06\x07\x08\t\n\x0b\x0c\r\x0e\x0f\x10'
1020,2,510001.5,1.7121279999999999,0.0,0.0,20,4,12,0,True,8,False,False,0,b'\x00\x01\x02\x03\x04\x05\x06\x07\x08\t\n\x0b\x0c\r\x0e\x0f\x10'
1021,1,511000.0,1.7121279999999999,0.0,0.0,20,4,12,0,True,8,False,False,0,b'\x00\x01\x02\x03\x04\x05\x06\x07\x08\t\n\x0b\x0c\r\x0e\x0f\x10'
1022,2,511001.5,1.7121279999999999,0.0,0.0,20,4,12,0,True,8,False,False,0,b'\x00\x01\x02\x03\x04\x05\x06\x07\x08\t\n\x0b\x0c\r\x0e\x0f\x10'
1023,1,512000.0,1.7121279999999999,0.0,0.0,20,4,12,0,True,8,False,False,0,b'\x00\x01\x02\x03\x04\x05\x06\x07\x08\t\n\x0b\x0c\r\x0e\x0f\x10'
1024,2,512001.5,1.7121279999999999,0.0,0.0,20,4,12,0,True,8,False,False,0,b'\x00\x01\x02\x03\x04\x05\x06\x07\x08\t\n\x0b\x0c\r\x0e\x0f\x10'
1025,1,513000.0,1.7121279999999999,0.0,0.0,20,4,12,0,True,8,False,False,0,b'\x00\x01\x02\x03\x04\x05\x06\x07\x08\t\n\x0b\x0c\r\x0e\x0f\x10'
1026,2,513001.5,1.7121279999999999,0.0,0.0,20,4,12,0,True,8,False,False,0,b'\x00\x01\x02\x03\x04\x05\x06\x07\x08\t\n\x0b\x0c\r\x0e\x0f\x10'
1027,1,514000.0,1.7121279999999999,0.0,0.0,20,4,12,0,True,8,False,False,0,b'\x00\x01\x02\x03\x04\x05\x06\x07\x08\t\n\x0b\x0c\r\x0e\x0f\x10'
1028,2,514001.5,1.7121279999999999,0.0,0.0,20,4,12,0,True,8,False,False,0,b'\x00\x01\x02\x03\x04\x05\x06\x07\x08\t\n\x0b\x0c\r\x0e\x0f\x10'
1029,1,515000.0,1.7121279999999999,0.0,0.0,20,4,12,0,True,8,False,False,0,b'\x00\x01\x02\x03\x04\x05\x06\x07\x08\t\n\x0b\x0c\r\x0e\x0f\x10'
1030,2,515001.5,1.7121279999999999,0.0,0.0,20,4,12,0,True,8,False,False,0,b'\x00\x01\x02\x03\x04\x05\x06\x07\x08\t\n\x0b\x0c\r\x0e\x0f\x10'
1031,1,516000.0,1.7121279999999999,0.0,0.0,20,4,12,0,True,8,False,False,0,b'\x00\x01\x02\x03\x04\x05\x06\x07\x08\t\n\x0b\x0c\r\x0e\x0f\x10'
1032,2,516001.5,1.7121279999999999,0.0,0.0,20,4,12,0,True,8,False,False,0,b'\x00\x01\x02\x03\x04\x05\x06\x07\x08\t\n\x0b\x0c\r\x0e\x0f\x10'
1033,1,517000.0,1.7121279999999999,0.0,0.0,20,4,12,0,True,8,False,False,0,b'\x00\x01\x02\x03\x04\x05\x06\x07\x08\t\n\x0b\x0c\r\x0e\x0f\x10'
1034,2,517001.5,1.7121279999999999,0.0,0.0,20,4,12,0,True,8,False,False,0,b'\x00\x01\x02\x03\x04\x05\x06\x07\x08\t\n\x0b\x0c\r\x0e\x0f\x10'
1035,1,518000.0,1.7121279999999999,0.0,0.0,20,4,12,0,True,8,False,False,0,b'\x00\x01\x02\x03\x04\x05\x06\x07\x08\t\n\x0b\x0c\r\x0e\x0f\x10'
1036,2,518001.5,1.7121279999999999,0.0,0.0,20,4,12,0,True,8,False,False,0,b'\x00\x01\x02\x03\x04\x05\x06\x07\x08\t\n\x0b\x0c\r\x0e\x0f\x10'
1037,1,519000.0,1.7121279999999999,0.0,0.0,20,4,12,0,True,8,False,False,0,b'\x00\x01\x02\x03\x04\x05\x06\x07\x08\t\n\x0b\x0c\r\x0e\x0f\x10'
1038,2,519001.5,1.7121279999999999,0.0,0.0,20,4,12,0,True,8,False,False,0,b'\x00\x01\x02\x03\x04\x05\x06\x07\x08\t\n\x0b\x0c\r\x0e\x0f\x10'
1039,1,520000.0,1.7121279999999999,0.0,0.0,20,4,12,0,True,8,False,False,0,b'\x00\x01\x02\x03\x04\x05\x06\x07\x08\t\n\x0b\x0c\r\x0e\x0f\x10'
1040,2,520001.5,1.7121279999999999,0.0,0.0,20,4,12,0,True,8,False,False,0,b'\x00\x01\x02\x03\x04\x05\x06\x07\x08\t\n\x0b\x0c\r\x0e\x0f\x10'
1041,1,521000.0,1.7121279999999999,0.0,0.0,20,4,12,0,True,8,False,False,0,b'\x00\x01\x02\x03\x04\x05\x06\x07\x08\t\n\x0b\x0c\r\x0e\x0f\x10'
1042,2,521001.5,1.7121279999999999,0.0,0.0,20,4,12,0,True,8,False,False,0,b'\x00\x01\x02\x03\x04\x05\x06\x07\x08\t\n\x0b\x0c\r\x0e\x0f\x10'
1043,1,522000.0,1.7121279999999999,0.0,0.0,20,4,12,0,True,8,False,False,0,b'\x00\x01\x02\x03\x04\x05\x06\x07\x08\t\n\x0b\x0c\r\x0e\x0f\x10'
1044,2,522001.5,1.7121279999999999,0.0,0.0,20,4,12,0,True,8,False,False,0,b'\x00\x01\x02\x03\x04\x05\x06\x07\x08\t\n\x0b\x0c\r\x0e\x0f\x10'
1045,1,523000.0,1.7121279999999999,0.0,0.0,20,4,12,0,True,8,False,False,0,b'\x00\x01\x02\x03\x04\x05\x06\x07\x08\t\n\x0b\x0c\r\x0e\x0f\x10'
1046,2,523001.5,1.7121279999999999,0.0,0.0,20,4,12,0,True,8,False,False,0,b'\x00\x01\x02\x03\x04\x05\x06\x07\x08\t\n\x0b\x0c\r\x0e\x0f\x10'
1047,1,524000.0,1.7121279999999999,0.0,0.0,20,4,12,0,True,8,False,False,0,b'\x00\x01\x02\x03\x04\x05\x06\x07\x08\t\n\x0b\x0c\r\x0e\x0f\x10'
1048,2,524001.5,1.7121279999999999,0.0,0.0,20,4,12,0,True,8,False,False,0,b'\x00\x01\x02\x03\x04\x05\x06\x07\x08\t\n\x0b\x0c\r\x0e\x0f\x10'
1049,1,525000.0,1.7121279999999999,0.0,0.0,20,4,12,0,True,8,False,False,0,b'\x00\x01\x02\x03\x04\x05\x06\x07\x08\t\n\x0b\x0c\r\x0e\x0f\x10'
1050,2,525001.5,1.7121279999999999,0.0,0.0,20,4,12,0,True,8,False,False,0,b'\x00\x01\x02\x03\x04\x05\x06\x07\x08\t\n\x0b\x0c\r\x0e\x0f\x10'
1051,1,526000.0,1.7121279999999999,0.0,0.0,20,4,12,0,True,8,False,False,0,b'\x00\x01\x02\x03\x04\x05\x06\x07\x08\t\n\x0b\x0c\r\x0e\x0f\x10'
1052,2,526001.5,1.7121279999999999,0.0,0.0,20,4,12,0,True,8,False,False,0,b'\x00\x01\x02\x03\x04\x05\x06\x07\x08\t\n\x0b\x0c\r\x0e\x0f\x10'
1053,1,527000.0,1.7121279999999999,0.0,0.0,20,4,12,0,True,8,False,False,0,b'\x00\x01\x02\x03\x04\x05\x06\x07\x08\t\n\x0b\x0c\r\x0e\x0f\x10'
1054,2,527001.5,1.7121279999999999,0.0,0.0,20,4,12,0,True,8,False,False,0,b'\x00\x01\x02\x03\x04\x05\x06\x07\x08\t\n\x0b\x0c\r\x0e\x0f\x10'
1055,1,528000.0,1.7121279999999999,0.0,0.0,20,4,12,0,True,8,False,False,0,b'\x00\x01\x02\x03\x04\x05\x06\x07\x08\t\n\x0b\x0c\r\x0e\x0f\x10'
1056,2,528001.5,1.7121279999999999,0.0,0.0,20,4,12,0,True,8,False,False,0,b'\x00\x01\x02\x03\x04\x05\x06\x07\x08\t\n\x0b\x0c\r\x0e\x0f\x10'
1057,1,529000.0,1.7121279999999999,0.0,0.0,20,4,12,0,True,8,False,False,0,b'\x00\x01\x02\x03\x04\x05\x06\x07\x08\t\n\x0b\x0c\r\x0e\x0f\x10'
1058,2,529001.5,1.7121279999999999,0.0,0.0,20,4,12,0,True,8,False,False,0,b'\x00\x01\x02\x03\x04\x05\x06\x07\x08\t\n\x0b\x0c\r\x0e\x0f\x10'
1059,1,530000.0,1.7121279999999999,0.0,0.0,20,4,12,0,True,8,False,False,0,b'\x00\x01\x02\x03\x04\x05\x06\x07\x08\t\n\x0b\x0c\r\x0e\x0f\x10'
1060,2,530001.5,1.7121279999999999,0.0,0.0,20,4,12,0,True,8,False,False,0,b'\x00\x01\x02\x03\x04\x05\x06\x07\x08\t\n\x0b\x0c\r\x0e\x0f\x10'
1061,1,531000.0,1.7121279999999999,0.0,0.0,20,4,12,0,True,8,False,False,0,b'\x00\x01\x02\x03\x04\x05\x06\x07\x08\t\n\x0b\x0c\r\x0e\x0f\x10'
1062,2,531001.5,1.7121279999999999,0.0,0.0,20,4,12,0,True,8,False,False,0,b'\x00\x01\x02\x03\x04\x05\x06\x07\x08\t\n\x0b\x0c\r\x0e\x0f\x10'
1063,1,532000.0,1.7121279999999999,0.0,0.0,20,4,12,0,True,8,False,False,0,b'\x00\x01\x02\x03\x04\x05\x06\x07\x08\t\n\x0b\x0c\r\x0e\x0f\x10'
1064,2,532001.5,1.7121279999999999,0.0,0.0,20,4,12,0,True,8,False,False,0,b'\x00\x01\x02\x03\x04\x05\x06\x07\x08\t\n\x0b\x0c\r\x0e\x0f\x10'
1065,1,533000.0,1.7121279999999999,0.0,0.0,20,4,12,0,True,8,False,False,0,b'\x00\x01\x02\x03\x04\x05\x06\x07\x08\t\n\x0b\x0c\r\x0e\x0f\x10'
1066,2,533001.5,1.7121279999999999,0.0,0.0,20,4,12,0,True,8,False,False,0,b'\x00\x01\x02\x03\x04\x05\x06\x07\x08\t\n\x0b\x0c\r\x0e\x0f\x10'
1067,1,534000.0,1.7121279999999999,0.0,0.0,20,4,12,0,True,8,False,False,0,b'\x00\x01\x02\x03\x04\x05\x06\x07\x08\t\n\x0b\x0c\r\x0e\x0f\x10'
1068,2,534001.5,1.7121279999999999,0.0,0.0,20,4,12,0,True,8,False,False,0,b'\x00\x01\x02\x03\x04\x05\x06\x07\x08\t\n\x0b\x0c\r\x0e\x0f\x10'
1069,1,535000.0,1.7121279999999999,0.0,0.0,20,4,12,0,True,8,False,False,0,b'\x00\x01\x02\x03\x04\x05\x06\x07\x08\t\n\x0b\x0c\r\x0e\x0f\x10'
1070,2,535001.5,1.7121279999999999,0.0,0.0,20,4,12,0,True,8,False,False,0,b'\x00\x01\x02\x03\x04\x05\x06\x07\x08\t\n\x0b\x0c\r\x0e\x0f\x10'
1071,1,536000.0,1.7121279999999999,0.0,0.0,20,4,12,0,True,8,False,False,0,b'\x00\x01\x02\x03\x04\x05\x06\x07\x08\t\n\x0b\x0c\r\x0e\x0f\x10'
1072,2,536001.5,1.7121279999999999,0.0,0.0,20,4,12,0,True,8,False,False,0,b'\x00\x01\x02\x03\x04\x05\x06\x07\x08\t\n\x0b\x0c\r\x0e\x0f\x10'
1073,1,537000.0,1.7121279999999999,0.0,0.0,20,4,12,0,True,8,False,False,0,b'\x00\x01\x02\x03\x04\x05\x06\x07\x08\t\n\x0b\x0c\r\x0e\x0f\x10'
1074,2,537001.5,1.7121279999999999,0.0,0.0,20,4,12,0,True,8,False,False,0,b'\x00\x01\x02\x03\x04\x05\x06\x07\x08\t\n\x0b\x0c\r\x0e\x0f\x10'
1075,1,538000.0,1.7121279999999999,0.0,0.0,20,4,12,0,True,8,False,False,0,b'\x00\x01\x02\x03\x04\x05\x06\x07\x08\t\n\x0b\x0c\r\x0e\x0f\x10'
1076,2,538001.5,1.7121279999999999,0.0,0.0,20,4,12,0,True,8,False,False,0,b'\x00\x01\x02\x03\x04\x05\x06\x07\x08\t\n\x0b\x0c\r\x0e\x0f\x10'
1077,1,539000.0,1.7121279999999999,0.0,0.0,20,4,12,0,True,8,False,False,0,b'\x00\x01\x02\x03\x04\x05\x06\x07\x08\t\n\x0b\x0c\r\x0e\x0f\x10'
1078,2,539001.5,1.7121279999999999,0.0,0.0,20,4,12,0,True,8,False,False,0,b'\x00\x01\x02\x03\x04\x05\x06\x07\x08\t\n\x0b\x0c\r\x0e\x0f\x10'
1079,1,540000.0,1.7121279999999999,0.0,0.0,20,4,12,0,True,8,False,False,0,b'\x00\x01\x02\x03\x04\x05\x06\x07\x08\t\n\x0b\x0c\r\x0e\x0f\x10'
1080,2,540001.5,1.7121279999999999,0.0,0.0,20,4,12,0,True,8,False,False,0,b'\x00\x01\x02\x03\x04\x05\x06\x07\x08\t\n\x0b\x0c\r\x0e\x0f\x10'
1081,1,541000.0,1.7121279999999999,0.0,0.0,20,4,12,0,True,8,False,False,0,b'\x00\x01\x02\x03\x04\x05\x06\x07\x08\t\n\x0b\x0c\r\x0e\x0f\x10'
1082,2,541001.5,1.7121279999999999,0.0,0.0,20,4,12,0,True,8,False,False,0,b'\x00\x01\x02\x03\x04\x05\x06\x07\x08\t\n\x0b\x0c\r\x0e\x0f\x10'
1083,1,542000.0,1.7121279999999999,0.0,0.0,20,4,12,0,True,8,False,False,0,b'\x00\x01\x02\x03\x04\x05\x06\x07\x08\t\n\x0b\x0c\r\x0e\x0f\x10'
1084,2,542001.5,1.7121279999999999,0.0,0.0,20,4,12,0,True,8,False,False,0,b'\x00\x01\x02\x03\x04\x05\x06\x07\x08\t\n\x0b\x0c\r\x0e\x0f\x10'
1085,1,543000.0,1.7121279999999999,0.0,0.0,20,4,12,0,True,8,False,False,0,b'\x00\x01\x02\x03\x04\x05\x06\x07\x08\t\n\x0b\x0c\r\x0e\x0f\x10'
1086,2,543001.5,1.7121279999999999,0.0,0.0,20,4,12,0,True,8,False,False,0,b'\x00\x01\x02\x03\x04\x05\x06\x07\x08\t\n\x0b\x0c\r\x0e\x0f\x10'
1087,1,544000.0,1.7121279999999999,0.0,0.0,20,4,12,0,True,8,False,False,0,b'\x00\x01\x02\x03\x04\x05\x06\x07\x08\t\n\x0b\x0c\r\x0e\x0f\x10'
1088,2,544001.5,1.7121279999999999,0.0,0.0,20,4,12,0,True,8,False,False,0,b'\x00\x01\x02\x03\x04\x05\x06\x07\x08\t\n\x0b\x0c\r\x0e\x0f\x10'
1089,1,545000.0,1.7121279999999999,0.0,0.0,20,4,12,0,True,8,False,False,0,b'\x00\x01\x02\x03\x04\x05\x06\x07\x08\t\n\x0b\x0c\r\x0e\x0f\x10'
1090,2,545001.5,1.7121279999999999,0.0,0.0,20,4,12,0,True,8,False,False,0,b'\x00\x01\x02\x03\x04\x05\x06\x07\x08\t\n\x0b\x0c\r\x0e\x0f\x10'
1091,1,546000.0,1.7121279999999999,0.0,0.0,20,4,12,0,True,8,False,False,0,b'\x00\x01\x02\x03\x04\x05\x06\x07\x08\t\n\x0b\x0c\r\x0e\x0f\x10'
1092,2,546001.5,1.7121279999999999,0.0,0.0,20,4,12,0,True,8,False,False,0,b'\x00\x01\x02\x03\x04\x05\x06\x07\x08\t\n\x0b\x0c\r\x0e\x0f\x10'
1093,1,547000.0,1.7121279999999999,0.0,0.0,20,4,12,0,True,8,False,False,0,b'\x00\x01\x02\x03\x04\x05\x06\x07\x08\t\n\x0b\x0c\r\x0e\x0f\x10'
1094,2,547001.5,1.7121279999999999,0.0,0.0,20,4,12,0,True,8,False,False,0,b'\x00\x01\x02\x03\x04\x05\x06\x07\x08\t\n\x0b\x0c\r\x0e\x0f\x10'
1095,1,548000.0,1.7121279999999999,0.0,0.0,20,4,12,0,True,8,False,False,0,b'\x00\x01\x02\x03\x04\x05\x06\x07\x08\t\n\x0b\x0c\r\x0e\x0f\x10'
1096,2,548001.5,1.7121279999999999,0.0,0.0,20,4,12,0,True,8,False,False,0,b'\x00\x01\x02\x03\x04\x05\x06\x07\x08\t\n\x0b\x0c\r\x0e\x0f\x10'
1097,1,549000.0,1.7121279999999999,0.0,0.0,20,4,12,0,True,8,False,False,0,b'\x00\x01\x02\x03\x04\x05\x06\x07\x08\t\n\x0b\x0c\r\x0e\x0f\x10'
1098,2,549001.5,1.7121279999999999,0.0,0.0,20,4,12,0,True,8,False,False,0,b'\x00\x01\x02\x03\x04\x05\x06\x07\x08\t\n\x0b\x0c\r\x0e\x0f\x10'
1099,1,550000.0,1.7121279999999999,0.0,0.0,20,4,12,0,True,8,False,False,0,b'\x00\x01\x02\x03\x04\x05\x06\x07\x08\t\n\x0b\x0c\r\x0e\x0f\x10'
1100,2,550001.5,1.7121279999999999,0.0,0.0,20,4,12,0,True,8,False,False,0,b'\x00\x01\x02\x03\x04\x05\x06\x07\x08\t\n\x0b\x0c\r\x0e\x0f\x10'
1101,1,551000.0,1.7121279999999999,0.0,0.0,20,4,12,0,True,8,False,False,0,b'\x00\x01\x02\x03\x04\x05\x06\x07\x08\t\n\x0b\x0c\r\x0e\x0f\x10'
1102,2,551001.5,1.7121279999999999,0.0,0.0,20,4,12,0,True,8,False,False,0,b'\x00\x01\x02\x03\x04\x05\x06\x07\x08\t\n\x0b\x0c\r\x0e\x0f\x10'
1103,1,552000.0,1.7121279999999999,0.0,0.0,20,4,12,0,True,8,False,False,0,b'\x00\x01\x02\x03\x04\x05\x06\x07\x08\t\n\x0b\x0c\r\x0e\x0f\x10'
1104,2,552001.5,1.7121279999999999,0.0,0.0,20,4,12,0,True,8,False,False,0,b'\x00\x01\x02\x03\x04\x05\x06\x07\x08\t\n\x0b\x0c\r\x0e\x0f\x10'
1105,1,553000.0,1.7121279999999999,0.0,0.0,20,4,12,0,True,8,False,False,0,b'\x00\x01\x02\x03\x04\x05\x06\x07\x08\t\n\x0b\x0c\r\x0e\x0f\x10'
1106,2,553001.5,1.7121279999999999,0.0,0.0,20,4,12,0,True,8,False,False,0,b'\x00\x01\x02\x03\x04\x05\x06\x07\x08\t\n\x0b\x0c\r\x0e\x0f\x10'
1107,1,554000.0,1.7121279999999999,0.0,0.0,20,4,12,0,True,8,False,False,0,b'\x00\x01\x02\x03\x04\x05\x06\x07\x08\t\n\x0b\x0c\r\x0e\x0f\x10'
1108,2,554001.5,1.7121279999999999,0.0,0.0,20,4,12,0,True,8,False,False,0,b'\x00\x01\x02\x03\x04\x05\x06\x07\x08\t\n\x0b\x0c\r\x0e\x0f\x10'
1109,1,555000.0,1.7121279999999999,0.0,0.0,20,4,12,0,True,8,False,False,0,b'\x00\x01\x02\x03\x04\x05\x06\x07\x08\t\n\x0b\x0c\r\x0e\x0f\x10'
1110,2,555001.5,1.7121279999999999,0.0,0.0,20,4,12,0,True,8,False,False,0,b'\x00\x01\x02\x03\x04\x05\x06\x07\x08\t\n\x0b\x0c\r\x0e\x0f\x10'
1111,1,556000.0,1.7121279999999999,0.0,0.0,20,4,12,0,True,8,False,False,0,b'\x00\x01\x02\x03\x04\x05\x06\x07\x08\t\n\x0b\x0c\r\x0e\x0f\x10'
1112,2,556001.5,1.7121279999999999,0.0,0.0,20,4,12,0,True,8,False,False,0,b'\x00\x01\x02\x03\x04\x05\x06\x07\x08\t\n\x0b\x0c\r\x0e\x0f\x10'
1113,1,557000.0,1.7121279999999999,0.0,0.0,20,4,12,0,True,8,False,False,0,b'\x00\x01\x02\x03\x04\x05\x06\x07\x08\t\n\x0b\x0c\r\x0e\x0f\x10'
1114,2,557001.5,1.7121279999999999,0.0,0.0,20,4,12,0,True,8,False,False,0,b'\x00\x01\x02\x03\x04\x05\x06\x07\x08\t\n\x0b\x0c\r\x0e\x0f\x10'
1115,1,558000.0,1.7121279999999999,0.0,0.0,20,4,12,0,True,8,False,False,0,b'\x00\x01\x02\x03\x04\x05\x06\x07\x08\t\n\x0b\x0c\r\x0e\x0f\x10'
1116,2,558001.5,1.7121279999999999,0.0,0.0,20,4,12,0,True,8,False,False,0,b'\x00\x01\x02\x03\x04\x05\x06\x07\x08\t\n\x0b\x0c\r\x0e\x0f\x10'
1117,1,559000.0,1.7121279999999999,0.0,0.0,20,4,12,0,True,8,False,False,0,b'\x00\x01\x02\x03\x04\x05\x06\x07\x08\t\n\x0b\x0c\r\x0e\x0f\x10'
1118,2,559001.5,1.7121279999999999,0.0,0.0,20,4,12,0,True,8,False,False,0,b'\x00\x01\x02\x03\x04\x05\x06\x07\x08\t\n\x0b\x0c\r\x0e\x0f\x10'
1119,1,560000.0,1.7121279999999999,0.0,0.0,20,4,12,0,True,8,False,False,0,b'\x00\x01\x02\x03\x04\x05\x06\x07\x08\t\n\x0b\x0c\r\x0e\x0f\x10'
1120,2,560001.5,1.7121279999999999,0.0,0.0,20,4,12,0,True,8,False,False,0,b'\x00\x01\x02\x03\x04\x05\x06\x07\x08\t\n\x0b\x0c\r\x0e\x0f\x10'
1121,1,561000.0,1.7121279999999999,0.0,0.0,20,4,12,0,True,8,False,False,0,b'\x00\x01\x02\x03\x04\x05\x06\x07\x08\t\n\x0b\x0c\r\x0e\x0f\x10'
1122,2,561001.5,1.7121279999999999,0.0,0.0,20,4,12,0,True,8,False,False,0,b'\x00\x01\x02\x03\x04\x05\x06\x07\x08\t\n\x0b\x0c\r\x0e\x0f\x10'
1123,1,562000.0,1.7121279999999999,0.0,0.0,20,4,12,0,True,8,False,False,0,b'\x00\x01\x02\x03\x04\x05\x06\x07\x08\t\n\x0b\x0c\r\x0e\x0f\x10'
1124,2,562001.5,1.7121279999999999,0.0,0.0,20,4,12,0,True,8,False,False,0,b'\x00\x01\x02\x03\x04\x05\x06\x07\x08\t\n\x0b\x0c\r\x0e\x0f\x10'
1125,1,563000.0,1.7121279999999999,0.0,0.0,20,4,12,0,True,8,False,False,0,b'\x00\x01\x02\x03\x04\x05\x06\x07\x08\t\n\x0b\x0c\r\x0e\x0f\x10'
1126,2,563001.5,1.7121279999999999,0.0,0.0,20,4,12,0,True,8,False,False,0,b'\x00\x01\x02\x03\x04\x05\x06\x07\x08\t\n\x0b\x0c\r\x0e\x0f\x10'
1127,1,564000.0,1.7121279999999999,0.0,0.0,20,4,12,0,True,8,False,False,0,b'\x00\x01\x02\x03\x04\x05\x06\x07\x08\t\n\x0b\x0c\r\x0e\x0f\x10'
1128,2,564001.5,1.7121279999999999,0.0,0.0,20,4,12,0,True,8,False,False,0,b'\x00\x01\x02\x03\x04\x05\x06\x07\x08\t\n\x0b\x0c\r\x0e\x0f\x10'
1129,1,565000.0,1.7121279999999999,0.0,0.0,20,4,12,0,True,8,False,False,0,b'\x00\x01\x02\x03\x04\x05\x06\x07\x08\t\n\x0b\x0c\r\x0e\x0f\x10'
1130,2,565001.5,1.7121279999999999,0.0,0.0,20,4,12,0,True,8,False,False,0,b'\x00\x01\x02\x03\x04\x05\x06\x07\x08\t\n\x0b\x0c\r\x0e\x0f\x10'
1131,1,566000.0,1.7121279999999999,0.0,0.0,20,4,12,0,True,8,False,False,0,b'\x00\x01\x02\x03\x04\x05\x06\x07\x08\t\n\x0b\x0c\r\x0e\x0f\x10'
1132,2,566001.5,1.7121279999999999,0.0,0.0,20,4,12,0,True,8,False,False,0,b'\x00\x01\x02\x03\x04\x05\x06\x07\x08\t\n\x0b\x0c\r\x0e\x0f\x10'
1133,1,567000.0,1.7121279999999999,0.0,0.0,20,4,12,0,True,8,False,False,0,b'\x00\x01\x02\x03\x04\x05\x06\x07\x08\t\n\x0b\x0c\r\x0e\x0f\x10'
1134,2,567001.5,1.7121279999999999,0.0,0.0,20,4,12,0,True,8,False,False,0,b'\x00\x01\x02\x03\x04\x05\x06\x07\x08\t\n\x0b\x0c\r\x0e\x0f\x10'
1135,1,568000.0,1.7121279999999999,0.0,0.0,20,4,12,0,True,8,False,False,0,b'\x00\x01\x02\x03\x04\x05\x06\x07\x08\t\n\x0b\x0c\r\x0e\x0f\x10'
1136,2,568001.5,1.7121279999999999,0.0,0.0,20,4,12,0,True,8,False,False,0,b'\x00\x01\x02\x03\x04\x05\x06\x07\x08\t\n\x0b\x0c\r\x0e\x0f\x10'
1137,1,569000.0,1.7121279999999999,0.0,0.0,20,4,12,0,True,8,False,False,0,b'\x00\x01\x02\x03\x04\x05\x06\x07\x08\t\n\x0b\x0c\r\x0e\x0f\x10'
1138,2,569001.5,1.7121279999999999,0.0,0.0,20,4,12,0,True,8,False,False,0,b'\x00\x01\x02\x03\x04\x05\x06\x07\x08\t\n\x0b\x0c\r\x0e\x0f\x10'
1139,1,570000.0,1.7121279999999999,0.0,0.0,20,4,12,0,True,8,False,False,0,b'\x00\x01\x02\x03\x04\x05\x06\x07\x08\t\n\x0b\x0c\r\x0e\x0f\x10'
1140,2,570001.5,1.7121279999999999,0.0,0.0,20,4,12,0,True,8,False,False,0,b'\x00\x01\x02\x03\x04\x05\x06\x07\x08\t\n\x0b\x0c\r\x0e\x0f\x10'
1141,1,571000.0,1.7121279999999999,0.0,0.0,20,4,12,0,True,8,False,False,0,b'\x00\x01\x02\x03\x04\x05\x06\x07\x08\t\n\x0b\x0c\r\x0e\x0f\x10'
1142,2,571001.5,1.7121279999999999,0.0,0.0,20,4,12,0,True,8,False,False,0,b'\x00\x01\x02\x03\x04\x05\x06\x07\x08\t\n\x0b\x0c\r\x0e\x0f\x10'
1143,1,572000.0,1.7121279999999999,0.0,0.0,20,4,12,0,True,8,False,False,0,b'\x00\x01\x02\x03\x04\x05\x06\x07\x08\t\n\x0b\x0c\r\x0e\x0f\x10'
1144,2,572001.5,1.7121279999999999,0.0,0.0,20,4,12,0,True,8,False,False,0,b'\x00\x01\x02\x03\x04\x05\x06\x07\x08\t\n\x0b\x0c\r\x0e\x0f\x10'
1145,1,573000.0,1.7121279999999999,0.0,0.0,20,4,12,0,True,8,False,False,0,b'\x00\x01\x02\x03\x04\x05\x06\x07\x08\t\n\x0b\x0c\r\x0e\x0f\x10'
1146,2,573001.5,1.7121279999999999,0.0,0.0,20,4,12,0,True,8,False,False,0,b'\x00\x01\x02\x03\x04\x05\x06\x07\x08\t\n\x0b\x0c\r\x0e\x0f\x10'
1147,1,574000.0,1.7121279999999999,0.0,0.0,20,4,12,0,True,8,False,False,0,b'\x00\x01\x02\x03\x04\x05\x06\x07\x08\t\n\x0b\x0c\r\x0e\x0f\x10'
1148,2,574001.5,1.7121279999999999,0.0,0.0,20,4,12,0,True,8,False,False,0,b'\x00\x01\x02\x03\x04\x05\x06\x07\x08\t\n\x0b\x0c\r\x0e\x0f\x10'
1149,1,575000.0,1.7121279999999999,0.0,0.0,20,4,12,0,True,8,False,False,0,b'\x00\x01\x02\x03\x04\x05\x06\x07\x08\t\n\x0b\x0c\r\x0e\x0f\x10'
1150,2,575001.5,1.7121279999999999,0.0,0.0,20,4,12,0,True,8,False,False,0,b'\x00\x01\x02\x03\x04\x05\x06\x07\x08\t\n\x0b\x0c\r\x0e\x0f\x10'
1151,1,576000.0,1.7121279999999999,0.0,0.0,20,4,12,0,True,8,False,False,0,b'\x00\x01\x02\x03\x04\x05\x06\x07\x08\t\n\x0b\x0c\r\x0e\x0f\x10'
1152,2,576001.5,1.7121279999999999,0.0,0.0,20,4,12,0,True,8,False,False,0,b'\x00\x01\x02\x03\x04\x05\x06\x07\x08\t\n\x0b\x0c\r\x0e\x0f\x10'
1153,1,577000.0,1.7121279999999999,0.0,0.0,20,4,12,0,True,8,False,False,0,b'\x00\x01\x02\x03\x04\x05\x06\x07\x08\t\n\x0b\x0c\r\x0e\x0f\x10'
1154,2,577001.5,1.7121279999999999,0.0,0.0,20,4,12,0,True,8,False,False,0,b'\x00\x01\x02\x03\x04\x05\x06\x07\x08\t\n\x0b\x0c\r\x0e\x0f\x10'
1155,1,578000.0,1.7121279999999999,0.0,0.0,20,4,12,0,True,8,False,False,0,b'\x00\x01\x02\x03\x04\x05\x06\x07\x08\t\n\x0b\x0c\r\x0e\x0f\x10'
1156,2,578001.5,1.7121279999999999,0.0,0.0,20,4,12,0,True,8,False,False,0,b'\x00\x01\x02\x03\x04\x05\x06\x07\x08\t\n\x0b\x0c\r\x0e\x0f\x10'
1157,1,579000.0,1.7121279999999999,0.0,0.0,20,4,12,0,True,8,False,False,0,b'\x00\x01\x02\x03\x04\x05\x06\x07\x08\t\n\x0b\x0c\r\x0e\x0f\x10'
1158,2,579001.5,1.7121279999999999,0.0,0.0,20,4,12,0,True,8,False,False,0,b'\x00\x01\x02\x03\x04\x05\x06\x07\x08\t\n\x0b\x0c\r\x0e\x0f\x10'
1159,1,580000.0,1.7121279999999999,0.0,0.0,20,4,12,0,True,8,False,False,0,b'\x00\x01\x02\x03\x04\x05\x06\x07\x08\t\n\x0b\x0c\r\x0e\x0f\x10'
1160,2,580001.5,1.7121279999999999,0.0,0.0,20,4,12,0,True,8,False,False,0,b'\x00\x01\x02\x03\x04\x05\x06\x07\x08\t\n\x0b\x0c\r\x0e\x0f\x10'
1161,1,581000.0,1.7121279999999999,0.0,0.0,20,4,12,0,True,8,False,False,0,b'\x00\x01\x02\x03\x04\x05\x06\x07\x08\t\n\x0b\x0c\r\x0e\x0f\x10'
1162,2,581001.5,1.7121279999999999,0.0,0.0,20,4,12,0,True,8,False,False,0,b'\x00\x01\x02\x03\x04\x05\x06\x07\x08\t\n\x0b\x0c\r\x0e\x0f\x10'
1163,1,582000.0,1.7121279999999999,0.0,0.0,20,4,12,0,True,8,False,False,0,b'\x00\x01\x02\x03\x04\x05\x06\x07\x08\t\n\x0b\x0c\r\x0e\x0f\x10'
1164,2,582001.5,1.7121279999999999,0.0,0.0,20,4,12,0,True,8,False,False,0,b'\x00\x01\x02\x03\x04\x05\x06\x07\x08\t\n\x0b\x0c\r\x0e\x0f\x10'
1165,1,583000.0,1.7121279999999999,0.0,0.0,20,4,12,0,True,8,False,False,0,b'\x00\x01\x02\x03\x04\x05\x06\x07\x08\t\n\x0b\x0c\r\x0e\x0f\x10'
1166,2,583001.5,1.7121279999999999,0.0,0.0,20,4,12,0,True,8,False,False,0,b'\x00\x01\x02\x03\x04\x05\x06\x07\x08\t\n\x0b\x0c\r\x0e\x0f\x10'
1167,1,584000.0,1.7121279999999999,0.0,0.0,20,4,12,0,True,8,False,False,0,b'\x00\x01\x02\x03\x04\x05\x06\x07\x08\t\n\x0b\x0c\r\x0e\x0f\x10'
1168,2,584001.5,1.7121279999999999,0.0,0.0,20,4,12,0,True,8,False,False,0,b'\x00\x01\x02\x03\x04\x05\x06\x07\x08\t\n\x0b\x0c\r\x0e\x0f\x10'
1169,1,585000.0,1.7121279999999999,0.0,0.0,20,4,12,0,True,8,False,False,0,b'\x00\x01\x02\x03\x04\x05\x06\x07\x08\t\n\x0b\x0c\r\x0e\x0f\x10'
1170,2,585001.5,1.7121279999999999,0.0,0.0,20,4,12,0,True,8,False,False,0,b'\x00\x01\x02\x03\x04\x05\x06\x07\x08\t\n\x0b\x0c\r\x0e\x0f\x10'
1171,1,586000.0,1.7121279999999999,0.0,0.0,20,4,12,0,True,8,False,False,0,b'\x00\x01\x02\x03\x04\x05\x06\x07\x08\t\n\x0b\x0c\r\x0e\x0f\x10'
1172,2,586001.5,1.7121279999999999,0.0,0.0,20,4,12,0,True,8,False,False,0,b'\x00\x01\x02\x03\x04\x05\x06\x07\x08\t\n\x0b\x0c\r\x0e\x0f\x10'
1173,1,587000.0,1.7121279999999999,0.0,0.0,20,4,12,0,True,8,False,False,0,b'\x00\x01\x02\x03\x04\x05\x06\x07\x08\t\n\x0b\x0c\r\x0e\x0f\x10'
1174,2,587001.5,1.7121279999999999,0.0,0.0,20,4,12,0,True,8,False,False,0,b'\x00\x01\x02\x03\x04\x05\x06\x07\x08\t\n\x0b\x0c\r\x0e\x0f\x10'
1175,1,588000.0,1.7121279999999999,0.0,0.0,20,4,12,0,True,8,False,False,0,b'\x00\x01\x02\x03\x04\x05\x06\x07\x08\t\n\x0b\x0c\r\x0e\x0f\x10'
1176,2,588001.5,1.7121279999999999,0.0,0.0,20,4,12,0,True,8,False,False,0,b'\x00\x01\x02\x03\x04\x05\x06\x07\x08\t\n\x0b\x0c\r\x0e\x0f\x10'
1177,1,589000.0,1.7121279999999999,0.0,0.0,20,4,12,0,True,8,False,False,0,b'\x00\x01\x02\x03\x04\x05\x06\x07\x08\t\n\x0b\x0c\r\x0e\x0f\x10'
1178,2,589001.5,1.7121279999999999,0.0,0.0,20,4,12,0,True,8,False,False,0,b'\x00\x01\x02\x03\x04\x05\x06\x07\x08\t\n\x0b\x0c\r\x0e\x0f\x10'
1179,1,590000.0,1.7121279999999999,0.0,0.0,20,4,12,0,True,8,False,False,0,b'\x00\x01\x02\x03\x04\x05\x06\x07\x08\t\n\x0b\x0c\r\x0e\x0f\x10'
1180,2,590001.5,1.7121279999999999,0.0,0.0,20,4,12,0,True,8,False,False,0,b'\x00\x01\x02\x03\x04\x05\x06\x07\x08\t\n\x0b\x0c\r\x0e\x0f\x10'
1181,1,591000.0,1.7121279999999999,0.0,0.0,20,4,12,0,True,8,False,False,0,b'\x00\x01\x02\x03\x04\x05\x06\x07\x08\t\n\x0b\x0c\r\x0e\x0f\x10'
1182,2,591001.5,1.7121279999999999,0.0,0.0,20,4,12,0,True,8,False,False,0,b'\x00\x01\x02\x03\x04\x05\x06\x07\x08\t\n\x0b\x0c\r\x0e\x0f\x10'
1183,1,592000.0,1.7121279999999999,0.0,0.0,20,4,12,0,True,8,False,False,0,b'\x00\x01\x02\x03\x04\x05\x06\x07\x08\t\n\x0b\x0c\r\x0e\x0f\x10'
1184,2,592001.5,1.7121279999999999,0.0,0.0,20,4,12,0,True,8,False,False,0,b'\x00\x01\x02\x03\x04\x05\x06\x07\x08\t\n\x0b\x0c\r\x0e\x0f\x10'
1185,1,593000.0,1.7121279999999999,0.0,0.0,20,4,12,0,True,8,False,False,0,b'\x00\x01\x02\x03\x04\x05\x06\x07\x08\t\n\x0b\x0c\r\x0e\x0f\x10'
1186,2,593001.5,1.7121279999999999,0.0,0.0,20,4,12,0,True,8,False,False,0,b'\x00\x01\x02\x03\x04\x05\x06\x07\x08\t\n\x0b\x0c\r\x0e\x0f\x10'
1187,1,594000.0,1.7121279999999999,0.0,0.0,20,4,12,0,True,8,False,False,0,b'\x00\x01\x02\x03\x04\x05\x06\x07\x08\t\n\x0b\x0c\r\x0e\x0f\x10'
1188,2,594001.5,1.7121279999999999,0.0,0.0,20,4,12,0,True,8,False,False,0,b'\x00\x01\x02\x03\x04\x05\x06\x07\x08\t\n\x0b\x0c\r\x0e\x0f\x10'
1189,1,595000.0,1.7121279999999999,0.0,0.0,20,4,12,0,True,8,False,False,0,b'\x00\x01\x02\x03\x04\x05\x06\x07\x08\t\n\x0b\x0c\r\x0e\x0f\x10'
1190,2,595001.5,1.7121279999999999,0.0,0.0,20,4,12,0,True,8,False,False,0,b'\x00\x01\x02\x03\x04\x05\x06\x07\x08\t\n\x0b\x0c\r\x0e\x0f\x10'
1191,1,596000.0,1.7121279999999999,0.0,0.0,20,4,12,0,True,8,False,False,0,b'\x00\x01\x02\x03\x04\x05\x06\x07\x08\t\n\x0b\x0c\r\x0e\x0f\x10'
1192,2,596001.5,1.7121279999999999,0.0,0.0,20,4,12,0,True,8,False,False,0,b'\x00\x01\x02\x03\x04\x05\x06\x07\x08\t\n\x0b\x0c\r\x0e\x0f\x10'
1193,1,597000.0,1.7121279999999999,0.0,0.0,20,4,12,0,True,8,False,False,0,b'\x00\x01\x02\x03\x04\x05\x06\x07\x08\t\n\x0b\x0c\r\x0e\x0f\x10'
1194,2,597001.5,1.7121279999999999,0.0,0.0,20,4,12,0,True,8,False,False,0,b'\x00\x01\x02\x03\x04\x05\x06\x07\x08\t\n\x0b\x0c\r\x0e\x0f\x10'
1195,1,598000.0,1.7121279999999999,0.0,0.0,20,4,12,0,True,8,False,False,0,b'\x00\x01\x02\x03\x04\x05\x06\x07\x08\t\n\x0b\x0c\r\x0e\x0f\x10'
1196,2,598001.5,1.7121279999999999,0.0,0.0,20,4,12,0,True,8,False,False,0,b'\x00\x01\x02\x03\x04\x05\x06\x07\x08\t\n\x0b\x0c\r\x0e\x0f\x10'
1197,1,599000.0,1.7121279999999999,0.0,0.0,20,4,12,0,True,8,False,False,0,b'\x00\x01\x02\x03\x04\x05\x06\x07\x08\t\n\x0b\x0c\r\x0e\x0f\x10'
1198,2,599001.5,1.7121279999999999,0.0,0.0,20,4,12,0,True,8,False,False,0,b'\x00\x01\x02\x03\x04\x05\x06\x07\x08\t\n\x0b\x0c\r\x0e\x0f\x10'
1199,1,600000.0,1.7121279999999999,0.0,0.0,20,4,12,0,True,8,False,False,0,b'\x00\x01\x02\x03\x04\x05\x06\x07\x08\t\n\x0b\x0c\r\x0e\x0f\x10'
1200,2,600001.5,1.7121279999999999,0.0,0.0,20,4,12,0,True,8,False,False,0,b'\x00\x01\x02\x03\x04\x05\x06\x07\x08\t\n\x0b\x0c\r\x0e\x0f\x10'
1201,1,601000.0,1.7121279999999999,0.0,0.0,20,4,12,0,True,8,False,False,0,b'\x00\x01\x02\x03\x04\x05\x06\x07\x08\t\n\x0b\x0c\r\x0e\x0f\x10'
1202,2,601001.5,1.7121279999999999,0.0,0.0,20,4,12,0,True,8,False,False,0,b'\x00\x01\x02\x03\x04\x05\x06\x07\x08\t\n\x0b\x0c\r\x0e\x0f\x10'
1203,1,602000.0,1.7121279999999999,0.0,0.0,20,4,12,0,True,8,False,False,0,b'\x00\x01\x02\x03\x04\x05\x06\x07\x08\t\n\x0b\x0c\r\x0e\x0f\x10'
1204,2,602001.5,1.7121279999999999,0.0,0.0,20,4,12,0,True,8,False,False,0,b'\x00\x01\x02\x03\x04\x05\x06\x07\x08\t\n\x0b\x0c\r\x0e\x0f\x10'
1205,1,603000.0,1.7121279999999999,0.0,0.0,20,4,12,0,True,8,False,False,0,b'\x00\x01\x02\x03\x04\x05\x06\x07\x08\t\n\x0b\x0c\r\x0e\x0f\x10'
1206,2,603001.5,1.7121279999999999,0.0,0.0,20,4,12,0,True,8,False,False,0,b'\x00\x01\x02\x03\x04\x05\x06\x07\x08\t\n\x0b\x0c\r\x0e\x0f\x10'
1207,1,604000.0,1.7121279999999999,0.0,0.0,20,4,12,0,True,8,False,False,0,b'\x00\x01\x02\x03\x04\x05\x06\x07\x08\t\n\x0b\x0c\r\x0e\x0f\x10'
1208,2,604001.5,1.7121279999999999,0.0,0.0,20,4,12,0,True,8,False,False,0,b'\x00\x01\x02\x03\x04\x05\x06\x07\x08\t\n\x0b\x0c\r\x0e\x0f\x10'
1209,1,605000.0,1.7121279999999999,0.0,0.0,20,4,12,0,True,8,False,False,0,b'\x00\x01\x02\x03\x04\x05\x06\x07\x08\t\n\x0b\x0c\r\x0e\x0f\x10'
1210,2,605001.5,1.7121279999999999,0.0,0.0,20,4,12,0,True,8,False,False,0,b'\x00\x01\x02\x03\x04\x05\x06\x07\x08\t\n\x0b\x0c\r\x0e\x0f\x10'
1211,1,606000.0,1.7121279999999999,0.0,0.0,20,4,12,0,True,8,False,False,0,b'\x00\x01\x02\x03\x04\x05\x06\x07\x08\t\n\x0b\x0c\r\x0e\x0f\x10'
1212,2,606001.5,1.7121279999999999,0.0,0.0,20,4,12,0,True,8,False,False,0,b'\x00\x01\x02\x03\x04\x05\x06\x07\x08\t\n\x0b\x0c\r\x0e\x0f\x10'
1213,1,607000.0,1.7121279999999999,0.0,0.0,20,4,12,0,True,8,False,False,0,b'\x00\x01\x02\x03\x04\x05\x06\x07\x08\t\n\x0b\x0c\r\x0e\x0f\x10'
1214,2,607001.5,1.7121279999999999,0.0,0.0,20,4,12,0,True,8,False,False,0,b'\x00\x01\x02\x03\x04\x05\x06\x07\x08\t\n\x0b\x0c\r\x0e\x0f\x10'
1215,1,608000.0,1.7121279999999999,0.0,0.0,20,4,12,0,True,8,False,False,0,b'\x00\x01\x02\x03\x04\x05\x06\x07\x08\t\n\x0b\x0c\r\x0e\x0f\x10'
1216,2,608001.5,1.7121279999999999,0.0,0.0,20,4,12,0,True,8,False,False,0,b'\x00\x01\x02\x03\x04\x05\x06\x07\x08\t\n\x0b\x0c\r\x0e\x0f\x10'
1217,1,609000.0,1.7121279999999999,0.0,0.0,20,4,12,0,True,8,False,False,0,b'\x00\x01\x02\x03\x04\x05\x06\x07\x08\t\n\x0b\x0c\r\x0e\x0f\x10'
1218,2,609001.5,1.7121279999999999,0.0,0.0,20,4,12,0,True,8,False,False,0,b'\x00\x01\x02\x03\x04\x05\x06\x07\x08\t\n\x0b\x0c\r\x0e\x0f\x10'
1219,1,610000.0,1.7121279999999999,0.0,0.0,20,4,12,0,True,8,False,False,0,b'\x00\x01\x02\x03\x04\x05\x06\x07\x08\t\n\x0b\x0c\r\x0e\x0f\x10'
1220,2,610001.5,1.7121279999999999,0.0,0.0,20,4,12,0,True,8,False,False,0,b'\x00\x01\x02\x03\x04\x05\x06\x07\x08\t\n\x0b\x0c\r\x0e\x0f\x10'
1221,1,611000.0,1.7121279999999999,0.0,0.0,20,4,12,0,True,8,False,False,0,b'\x00\x01\x02\x03\x04\x05\x06\x07\x08\t\n\x0b\x0c\r\x0e\x0f\x10'
1222,2,611001.5,1.7121279999999999,0.0,0.0,20,4,12,0,True,8,False,False,0,b'\x00\x01\x02\x03\x04\x05\x06\x07\x08\t\n\x0b\x0c\r\x0e\x0f\x10'
1223,1,612000.0,1.7121279999999999,0.0,0.0,20,4,12,0,True,8,False,False,0,b'\x00\x01\x02\x03\x04\x05\x06\x07\x08\t\n\x0b\x0c\r\x0e\x0f\x10'
1224,2,612001.5,1.7121279999999999,0.0,0.0,20,4,12,0,True,8,False,False,0,b'\x00\x01\x02\x03\x04\x05\x06\x07\x08\t\n\x0b\x0c\r\x0e\x0f\x10'
1225,1,613000.0,1.7121279999999999,0.0,0.0,20,4,12,0,True,8,False,False,0,b'\x00\x01\x02\x03\x04\x05\x06\x07\x08\t\n\x0b\x0c\r\x0e\x0f\x10'
1226,2,613001.5,1.7121279999999999,0.0,0.0,20,4,12,0,True,8,False,False,0,b'\x00\x01\x02\x03\x04\x05\x06\x07\x08\t\n\x0b\x0c\r\x0e\x0f\x10'
1227,1,614000.0,1.7121279999999999,0.0,0.0,20,4,12,0,True,8,False,False,0,b'\x00\x01\x02\x03\x04\x05\x06\x07\x08\t\n\x0b\x0c\r\x0e\x0f\x10'
1228,2,614001.5,1.7121279999999999,0.0,0.0,20,4,12,0,True,8,False,False,0,b'\x00\x01\x02\x03\x04\x05\x06\x07\x08\t\n\x0b\x0c\r\x0e\x0f\x10'
1229,1,615000.0,1.7121279999999999,0.0,0.0,20,4,12,0,True,8,False,False,0,b'\x00\x01\x02\x03\x04\x05\x06\x07\x08\t\n\x0b\x0c\r\x0e\x0f\x10'
1230,2,615001.5,1.7121279999999999,0.0,0.0,20,4,12,0,True,8,False,False,0,b'\x00\x01\x02\x03\x04\x05\x06\x07\x08\t\n\x0b\x0c\r\x0e\x0f\x10'
1231,1,616000.0,1.7121279999999999,0.0,0.0,20,4,12,0,True,8,False,False,0,b'\x00\x01\x02\x03\x04\x05\x06\x07\x08\t\n\x0b\x0c\r\x0e\x0f\x10'
1232,2,616001.5,1.7121279999999999,0.0,0.0,20,4,12,0,True,8,False,False,0,b'\x00\x01\x02\x03\x04\x05\x06\x07\x08\t\n\x0b\x0c\r\x0e\x0f\x10'
1233,1,617000.0,1.7121279999999999,0.0,0.0,20,4,12,0,True,8,False,False,0,b'\x00\x01\x02\x03\x04\x05\x06\x07\x08\t\n\x0b\x0c\r\x0e\x0f\x10'
1234,2,617001.5,1.7121279999999999,0.0,0.0,20,4,12,0,True,8,False,False,0,b'\x00\x01\x02\x03\x04\x05\x06\x07\x08\t\n\x0b\x0c\r\x0e\x0f\x10'
1235,1,618000.0,1.7121279999999999,0.0,0.0,20,4,12,0,True,8,False,False,0,b'\x00\x01\x02\x03\x04\x05\x06\x07\x08\t\n\x0b\x0c\r\x0e\x0f\x10'
1236,2,618001.5,1.7121279999999999,0.0,0.0,20,4,12,0,True,8,False,False,0,b'\x00\x01\x02\x03\x04\x05\x06\x07\x08\t\n\x0b\x0c\r\x0e\x0f\x10'
1237,1,619000.0,1.7121279999999999,0.0,0.0,20,4,12,0,True,8,False,False,0,b'\x00\x01\x02\x03\x04\x05\x06\x07\x08\t\n\x0b\x0c\r\x0e\x0f\x10'
1238,2,619001.5,1.7121279999999999,0.0,0.0,20,4,12,0,True,8,False,False,0,b'\x00\x01\x02\x03\x04\x05\x06\x07\x08\t\n\x0b\x0c\r\x0e\x0f\x10'
1239,1,620000.0,1.7121279999999999,0.0,0.0,20,4,12,0,True,8,False,False,0,b'\x00\x01\x02\x03\x04\x05\x06\x07\x08\t\n\x0b\x0c\r\x0e\x0f\x10'
1240,2,620001.5,1.7121279999999999,0.0,0.0,20,4,12,0,True,8,False,False,0,b'\x00\x01\x02\x03\x04\x05\x06\x07\x08\t\n\x0b\x0c\r\x0e\x0f\x10'
1241,1,621000.0,1.7121279999999999,0.0,0.0,20,4,12,0,True,8,False,False,0,b'\x00\x01\x02\x03\x04\x05\x06\x07\x08\t\n\x0b\x0c\r\x0e\x0f\x10'
1242,2,621001.5,1.7121279999999999,0.0,0.0,20,4,12,0,True,8,False,False,0,b'\x00\x01\x02\x03\x04\x05\x06\x07\x08\t\n\x0b\x0c\r\x0e\x0f\x10'
1243,1,622000.0,1.7121279999999999,0.0,0.0,20,4,12,0,True,8,False,False,0,b'\x00\x01\x02\x03\x04\x05\x06\x07\x08\t\n\x0b\x0c\r\x0e\x0f\x10'
1244,2,622001.5,1.7121279999999999,0.0,0.0,20,4,12,0,True,8,False,False,0,b'\x00\x01\x02\x03\x04\x05\x06\x07\x08\t\n\x0b\x0c\r\x0e\x0f\x10'
1245,1,623000.0,1.7121279999999999,0.0,0.0,20,4,12,0,True,8,False,False,0,b'\x00\x01\x02\x03\x04\x05\x06\x07\x08\t\n\x0b\x0c\r\x0e\x0f\x10'
1246,2,623001.5,1.7121279999999999,0.0,0.0,20,4,12,0,True,8,False,False,0,b'\x00\x01\x02\x03\x04\x05\x06\x07\x08\t\n\x0b\x0c\r\x0e\x0f\x10'
1247,1,624000.0,1.7121279999999999,0.0,0.0,20,4,12,0,True,8,False,False,0,b'\x00\x01\x02\x03\x04\x05\x06\x07\x08\t\n\x0b\x0c\r\x0e\x0f\x10'
1248,2,624001.5,1.7121279999999999,0.0,0.0,20,4,12,0,True,8,False,False,0,b'\x00\x01\x02\x03\x04\x05\x06\x07\x08\t\n\x0b\x0c\r\x0e\x0f\x10'
1249,1,625000.0,1.7121279999999999,0.0,0.0,20,4,12,0,True,8,False,False,0,b'\x00\x01\x02\x03\x04\x05\x06\x07\x08\t\n\x0b\x0c\r\x0e\x0f\x10'
1250,2,625001.5,1.7121279999999999,0.0,0.0,20,4,12,0,True,8,False,False,0,b'\x00\x01\x02\x03\x04\x05\x06\x07\x08\t\n\x0b\x0c\r\x0e\x0f\x10'
1251,1,626000.0,1.7121279999999999,0.0,0.0,20,4,12,0,True,8,False,False,0,b'\x00\x01\x02\x03\x04\x05\x06\x07\x08\t\n\x0b\x0c\r\x0e\x0f\x10'
1252,2,626001.5,1.7121279999999999,0.0,0.0,20,4,12,0,True,8,False,False,0,b'\x00\x01\x02\x03\x04\x05\x06\x07\x08\t\n\x0b\x0c\r\x0e\x0f\x10'
1253,1,627000.0,1.7121279999999999,0.0,0.0,20,4,12,0,True,8,False,False,0,b'\x00\x01\x02\x03\x04\x05\x06\x07\x08\t\n\x0b\x0c\r\x0e\x0f\x10'
1254,2,627001.5,1.7121279999999999,0.0,0.0,20,4,12,0,True,8,False,False,0,b'\x00\x01\x02\x03\x04\x05\x06\x07\x08\t\n\x0b\x0c\r\x0e\x0f\x10'
1255,1,628000.0,1.7121279999999999,0.0,0.0,20,4,12,0,True,8,False,False,0,b'\x00\x01\x02\x03\x04\x05\x06\x07\x08\t\n\x0b\x0c\r\x0e\x0f\x10'
1256,2,628001.5,1.7121279999999999,0.0,0.0,20,4,12,0,True,8,False,False,0,b'\x00\x01\x02\x03\x04\x05\x06\x07\x08\t\n\x0b\x0c\r\x0e\x0f\x10'
1257,1,629000.0,1.7121279999999999,0.0,0.0,20,4,12,0,True,8,False,False,0,b'\x00\x01\x02\x03\x04\x05\x06\x07\x08\t\n\x0b\x0c\r\x0e\x0f\x10'
1258,2,629001.5,1.7121279999999999,0.0,0.0,20,4,12,0,True,8,False,False,0,b'\x00\x01\x02\x03\x04\x05\x06\x07\x08\t\n\x0b\x0c\r\x0e\x0f\x10'
1259,1,630000.0,1.7121279999999999,0.0,0.0,20,4,12,0,True,8,False,False,0,b'\x00\x01\x02\x03\x04\x05\x06\x07\x08\t\n\x0b\x0c\r\x0e\x0f\x10'
1260,2,630001.5,1.7121279999999999,0.0,0.0,20,4,12,0,True,8,False,False,0,b'\x00\x01\x02\x03\x04\x05\x06\x07\x08\t\n\x0b\x0c\r\x0e\x0f\x10'
1261,1,631000.0,1.7121279999999999,0.0,0.0,20,4,12,0,True,8,False,False,0,b'\x00\x01\x02\x03\x04\x05\x06\x07\x08\t\n\x0b\x0c\r\x0e\x0f\x10'
1262,2,631001.5,1.7121279999999999,0.0,0.0,20,4,12,0,True,8,False,False,0,b'\x00\x01\x02\x03\x04\x05\x06\x07\x08\t\n\x0b\x0c\r\x0e\x0f\x10'
1263,1,632000.0,1.7121279999999999,0.0,0.0,20,4,12,0,True,8,False,False,0,b'\x00\x01\x02\x03\x04\x05\x06\x07\x08\t\n\x0b\x0c\r\x0e\x0f\x10'
1264,2,632001.5,1.7121279999999999,0.0,0.0,20,4,12,0,True,8,False,False,0,b'\x00\x01\x02\x03\x04\x05\x06\x07\x08\t\n\x0b\x0c\r\x0e\x0f\x10'
1265,1,633000.0,1.7121279999999999,0.0,0.0,20,4,12,0,True,8,False,False,0,b'\x00\x01\x02\x03\x04\x05\x06\x07\x08\t\n\x0b\x0c\r\x0e\x0f\x10'
1266,2,633001.5,1.7121279999999999,0.0,0.0,20,4,12,0,True,8,False,False,0,b'\x00\x01\x02\x03\x04\x05\x06\x07\x08\t\n\x0b\x0c\r\x0e\x0f\x10'
1267,1,634000.0,1.7121279999999999,0.0,0.0,20,4,12,0,True,8,False,False,0,b'\x00\x01\x02\x03\x04\x05\x06\x07\x08\t\n\x0b\x0c\r\x0e\x0f\x10'
1268,2,634001.5,1.7121279999999999,0.0,0.0,20,4,12,0,True,8,False,False,0,b'\x00\x01\x02\x03\x04\x05\x06\x07\x08\t\n\x0b\x0c\r\x0e\x0f\x10'
1269,1,635000.0,1.7121279999999999,0.0,0.0,20,4,12,0,True,8,False,False,0,b'\x00\x01\x02\x03\x04\x05\x06\x07\x08\t\n\x0b\x0c\r\x0e\x0f\x10'
1270,2,635001.5,1.7121279999999999,0.0,0.0,20,4,12,0,True,8,False,False,0,b'\x00\x01\x02\x03\x04\x05\x06\x07\x08\t\n\x0b\x0c\r\x0e\x0f\x10'
1271,1,636000.0,1.7121279999999999,0.0,0.0,20,4,12,0,True,8,False,False,0,b'\x00\x01\x02\x03\x04\x05\x06\x07\x08\t\n\x0b\x0c\r\x0e\x0f\x10'
1272,2,636001.5,1.7121279999999999,0.0,0.0,20,4,12,0,True,8,False,False,0,b'\x00\x01\x02\x03\x04\x05\x06\x07\x08\t\n\x0b\x0c\r\x0e\x0f\x10'
1273,1,637000.0,1.7121279999999999,0.0,0.0,20,4,12,0,True,8,False,False,0,b'\x00\x01\x02\x03\x04\x05\x06\x07\x08\t\n\x0b\x0c\r\x0e\x0f\x10'
1274,2,637001.5,1.7121279999999999,0.0,0.0,20,4,12,0,True,8,False,False,0,b'\x00\x01\x02\x03\x04\x05\x06\x07\x08\t\n\x0b\x0c\r\x0e\x0f\x10'
1275,1,638000.0,1.7121279999999999,0.0,0.0,20,4,12,0,True,8,False,False,0,b'\x00\x01\x02\x03\x04\x05\x06\x07\x08\t\n\x0b\x0c\r\x0e\x0f\x10'
1276,2,638001.5,1.7121279999999999,0.0,0.0,20,4,12,0,True,8,False,False,0,b'\x00\x01\x02\x03\x04\x05\x06\x07\x08\t\n\x0b\x0c\r\x0e\x0f\x10'
1277,1,639000.0,1.7121279999999999,0.0,0.0,20,4,12,0,True,8,False,False,0,b'\x00\x01\x02\x03\x04\x05\x06\x07\x08\t\n\x0b\x0c\r\x0e\x0f\x10'
1278,2,639001.5,1.7121279999999999,0.0,0.0,20,4,12,0,True,8,False,False,0,b'\x00\x01\x02\x03\x04\x05\x06\x07\x08\t\n\x0b\x0c\r\x0e\x0f\x10'
1279,1,640000.0,1.7121279999999999,0.0,0.0,20,4,12,0,True,8,False,False,0,b'\x00\x01\x02\x03\x04\x05\x06\x07\x08\t\n\x0b\x0c\r\x0e\x0f\x10'
1280,2,640001.5,1.7121279999999999,0.0,0.0,20,4,12,0,True,8,False,False,0,b'\x00\x01\x02\x03\x04\x05\x06\x07\x08\t\n\x0b\x0c\r\x0e\x0f\x10'
1281,1,641000.0,1.7121279999999999,0.0,0.0,20,4,12,0,True,8,False,False,0,b'\x00\x01\x02\x03\x04\x05\x06\x07\x08\t\n\x0b\x0c\r\x0e\x0f\x10'
1282,2,641001.5,1.7121279999999999,0.0,0.0,20,4,12,0,True,8,False,False,0,b'\x00\x01\x02\x03\x04\x05\x06\x07\x08\t\n\x0b\x0c\r\x0e\x0f\x10'
1283,1,642000.0,1.7121279999999999,0.0,0.0,20,4,12,0,True,8,False,False,0,b'\x00\x01\x02\x03\x04\x05\x06\x07\x08\t\n\x0b\x0c\r\x0e\x0f\x10'
1284,2,642001.5,1.7121279999999999,0.0,0.0,20,4,12,0,True,8,False,False,0,b'\x00\x01\x02\x03\x04\x05\x06\x07\x08\t\n\x0b\x0c\r\x0e\x0f\x10'
1285,1,643000.0,1.7121279999999999,0.0,0.0,20,4,12,0,True,8,False,False,0,b'\x00\x01\x02\x03\x04\x05\x06\x07\x08\t\n\x0b\x0c\r\x0e\x0f\x10'
1286,2,643001.5,1.7121279999999999,0.0,0.0,20,4,12,0,True,8,False,False,0,b'\x00\x01\x02\x03\x04\x05\x06\x07\x08\t\n\x0b\x0c\r\x0e\x0f\x10'
1287,1,644000.0,1.7121279999999999,0.0,0.0,20,4,12,0,True,8,False,False,0,b'\x00\x01\x02\x03\x04\x05\x06\x07\x08\t\n\x0b\x0c\r\x0e\x0f\x10'
1288,2,644001.5,1.7121279999999999,0.0,0.0,20,4,12,0,True,8,False,False,0,b'\x00\x01\x02\x03\x04\x05\x06\x07\x08\t\n\x0b\x0c\r\x0e\x0f\x10'
1289,1,645000.0,1.7121279999999999,0.0,0.0,20,4,12,0,True,8,False,False,0,b'\x00\x01\x02\x03\x04\x05\x06\x07\x08\t\n\x0b\x0c\r\x0e\x0f\x10'
1290,2,645001.5,1.7121279999999999,0.0,0.0,20,4,12,0,True,8,False,False,0,b'\x00\x01\x02\x03\x04\x05\x06\x07\x08\t\n\x0b\x0c\r\x0e\x0f\x10'
1291,1,646000.0,1.7121279999999999,0.0,0.0,20,4,12,0,True,8,False,False,0,b'\x00\x01\x02\x03\x04\x05\x06\x07\x08\t\n\x0b\x0c\r\x0e\x0f\x10'
1292,2,646001.5,1.7121279999999999,0.0,0.0,20,4,12,0,True,8,False,False,0,b'\x00\x01\x02\x03\x04\x05\x06\x07\x08\t\n\x0b\x0c\r\x0e\x0f\x10'
1293,1,647000.0,1.7121279999999999,0.0,0.0,20,4,12,0,True,8,False,False,0,b'\x00\x01\x02\x03\x04\x05\x06\x07\x08\t\n\x0b\x0c\r\x0e\x0f\x10'
1294,2,647001.5,1.7121279999999999,0.0,0.0,20,4,12,0,True,8,False,False,0,b'\x00\x01\x02\x03\x04\x05\x06\x07\x08\t\n\x0b\x0c\r\x0e\x0f\x10'
1295,1,648000.0,1.7121279999999999,0.0,0.0,20,4,12,0,True,8,False,False,0,b'\x00\x01\x02\x03\x04\x05\x06\x07\x08\t\n\x0b\x0c\r\x0e\x0f\x10'
1296,2,648001.5,1.7121279999999999,0.0,0.0,20,4,12,0,True,8,False,False,0,b'\x00\x01\x02\x03\x04\x05\x06\x07\x08\t\n\x0b\x0c\r\x0e\x0f\x10'
1297,1,649000.0,1.7121279999999999,0.0,0.0,20,4,12,0,True,8,False,False,0,b'\x00\x01\x02\x03\x04\x05\x06\x07\x08\t\n\x0b\x0c\r\x0e\x0f\x10'
1298,2,649001.5,1.7121279999999999,0.0,0.0,20,4,12,0,True,8,False,False,0,b'\x00\x01\x02\x03\x04\x05\x06\x07\x08\t\n\x0b\x0c\r\x0e\x0f\x10'
1299,1,650000.0,1.7121279999999999,0.0,0.0,20,4,12,0,True,8,False,False,0,b'\x00\x01\x02\x03\x04\x05\x06\x07\x08\t\n\x0b\x0c\r\x0e\x0f\x10'
1300,2,650001.5,1.7121279999999999,0.0,0.0,20,4,12,0,True,8,False,False,0,b'\x00\x01\x02\x03\x04\x05\x06\x07\x08\t\n\x0b\x0c\r\x0e\x0f\x10'
1301,1,651000.0,1.7121279999999999,0.0,0.0,20,4,12,0,True,8,False,False,0,b'\x00\x01\x02\x03\x04\x05\x06\x07\x08\t\n\x0b\x0c\r\x0e\x0f\x10'
1302,2,651001.5,1.7121279999999999,0.0,0.0,20,4,12,0,True,8,False,False,0,b'\x00\x01\x02\x03\x04\x05\x06\x07\x08\t\n\x0b\x0c\r\x0e\x0f\x10'
1303,1,652000.0,1.7121279999999999,0.0,0.0,20,4,12,0,True,8,False,False,0,b'\x00\x01\x02\x03\x04\x05\x06\x07\x08\t\n\x0b\x0c\r\x0e\x0f\x10'
1304,2,652001.5,1.7121279999999999,0.0,0.0,20,4,12,0,True,8,False,False,0,b'\x00\x01\x02\x03\x04\x05\x06\x07\x08\t\n\x0b\x0c\r\x0e\x0f\x10'
1305,1,653000.0,1.7121279999999999,0.0,0.0,20,4,12,0,True,8,False,False,0,b'\x00\x01\x02\x03\x04\x05\x06\x07\x08\t\n\x0b\x0c\r\x0e\x0f\x10'
1306,2,653001.5,1.7121279999999999,0.0,0.0,20,4,12,0,True,8,False,False,0,b'\x00\x01\x02\x03\x04\x05\x06\x07\x08\t\n\x0b\x0c\r\x0e\x0f\x10'
1307,1,654000.0,1.7121279999999999,0.0,0.0,20,4,12,0,True,8,False,False,0,b'\x00\x01\x02\x03\x04\x05\x06\x07\x08\t\n\x0b\x0c\r\x0e\x0f\x10'
1308,2,654001.5,1.7121279999999999,0.0,0.0,20,4,12,0,True,8,False,False,0,b'\x00\x01\x02\x03\x04\x05\x06\x07\x08\t\n\x0b\x0c\r\x0e\x0f\x10'
1309,1,655000.0,1.7121279999999999,0.0,0.0,20,4,12,0,True,8,False,False,0,b'\x00\x01\x02\x03\x04\x05\x06\x07\x08\t\n\x0b\x0c\r\x0e\x0f\x10'
1310,2,655001.5,1.7121279999999999,0.0,0.0,20,4,12,0,True,8,False,False,0,b'\x00\x01\x02\x03\x04\x05\x06\x07\x08\t\n\x0b\x0c\r\x0e\x0f\x10'
1311,1,656000.0,1.7121279999999999,0.0,0.0,20,4,12,0,True,8,False,False,0,b'\x00\x01\x02\x03\x04\x05\x06\x07\x08\t\n\x0b\x0c\r\x0e\x0f\x10'
1312,2,656001.5,1.7121279999999999,0.0,0.0,20,4,12,0,True,8,False,False,0,b'\x00\x01\x02\x03\x04\x05\x06\x07\x08\t\n\x0b\x0c\r\x0e\x0f\x10'
1313,1,657000.0,1.7121279999999999,0.0,0.0,20,4,12,0,True,8,False,False,0,b'\x00\x01\x02\x03\x04\x05\x06\x07\x08\t\n\x0b\x0c\r\x0e\x0f\x10'
1314,2,657001.5,1.7121279999999999,0.0,0.0,20,4,12,0,True,8,False,False,0,b'\x00\x01\x02\x03\x04\x05\x06\x07\x08\t\n\x0b\x0c\r\x0e\x0f\x10'
1315,1,658000.0,1.7121279999999999,0.0,0.0,20,4,12,0,True,8,False,False,0,b'\x00\x01\x02\x03\x04\x05\x06\x07\x08\t\n\x0b\x0c\r\x0e\x0f\x10'
1316,2,658001.5,1.7121279999999999,0.0,0.0,20,4,12,0,True,8,False,False,0,b'\x00\x01\x02\x03\x04\x05\x06\x07\x08\t\n\x0b\x0c\r\x0e\x0f\x10'
1317,1,659000.0,1.7121279999999999,0.0,0.0,20,4,12,0,True,8,False,False,0,b'\x00\x01\x02\x03\x04\x05\x06\x07\x08\t\n\x0b\x0c\r\x0e\x0f\x10'
1318,2,659001.5,1.7121279999999999,0.0,0.0,20,4,12,0,True,8,False,False,0,b'\x00\x01\x02\x03\x04\x05\x06\x07\x08\t\n\x0b\x0c\r\x0e\x0f\x10'
1319,1,660000.0,1.7121279999999999,0.0,0.0,20,4,12,0,True,8,False,False,0,b'\x00\x01\x02\x03\x04\x05\x06\x07\x08\t\n\x0b\x0c\r\x0e\x0f\x10'
1320,2,660001.5,1.7121279999999999,0.0,0.0,20,4,12,0,True,8,False,False,0,b'\x00\x01\x02\x03\x04\x05\x06\x07\x08\t\n\x0b\x0c\r\x0e\x0f\x10'
1321,1,661000.0,1.7121279999999999,0.0,0.0,20,4,12,0,True,8,False,False,0,b'\x00\x01\x02\x03\x04\x05\x06\x07\x08\t\n\x0b\x0c\r\x0e\x0f\x10'
1322,2,661001.5,1.7121279999999999,0.0,0.0,20,4,12,0,True,8,False,False,0,b'\x00\x01\x02\x03\x04\x05\x06\x07\x08\t\n\x0b\x0c\r\x0e\x0f\x10'
1323,1,662000.0,1.7121279999999999,0.0,0.0,20,4,12,0,True,8,False,False,0,b'\x00\x01\x02\x03\x04\x05\x06\x07\x08\t\n\x0b\x0c\r\x0e\x0f\x10'
1324,2,662001.5,1.7121279999999999,0.0,0.0,20,4,12,0,True,8,False,False,0,b'\x00\x01\x02\x03\x04\x05\x06\x07\x08\t\n\x0b\x0c\r\x0e\x0f\x10'
1325,1,663000.0,1.7121279999999999,0.0,0.0,20,4,12,0,True,8,False,False,0,b'\x00\x01\x02\x03\x04\x05\x06\x07\x08\t\n\x0b\x0c\r\x0e\x0f\x10'
1326,2,663001.5,1.7121279999999999,0.0,0.0,20,4,12,0,True,8,False,False,0,b'\x00\x01\x02\x03\x04\x05\x06\x07\x08\t\n\x0b\x0c\r\x0e\x0f\x10'
1327,1,664000.0,1.7121279999999999,0.0,0.0,20,4,12,0,True,8,False,False,0,b'\x00\x01\x02\x03\x04\x05\x06\x07\x08\t\n\x0b\x0c\r\x0e\x0f\x10'
1328,2,664001.5,1.7121279999999999,0.0,0.0,20,4,12,0,True,8,False,False,0,b'\x00\x01\x02\x03\x04\x05\x06\x07\x08\t\n\x0b\x0c\r\x0e\x0f\x10'
1329,1,665000.0,1.7121279999999999,0.0,0.0,20,4,12,0,True,8,False,False,0,b'\x00\x01\x02\x03\x04\x05\x06\x07\x08\t\n\x0b\x0c\r\x0e\x0f\x10'
1330,2,665001.5,1.7121279999999999,0.0,0.0,20,4,12,0,True,8,False,False,0,b'\x00\x01\x02\x03\x04\x05\x06\x07\x08\t\n\x0b\x0c\r\x0e\x0f\x10'
1331,1,666000.0,1.7121279999999999,0.0,0.0,20,4,12,0,True,8,False,False,0,b'\x00\x01\x02\x03\x04\x05\x06\x07\x08\t\n\x0b\x0c\r\x0e\x0f\x10'
1332,2,666001.5,1.7121279999999999,0.0,0.0,20,4,12,0,True,8,False,False,0,b'\x00\x01\x02\x03\x04\x05\x06\x07\x08\t\n\x0b\x0c\r\x0e\x0f\x10'
1333,1,667000.0,1.7121279999999999,0.0,0.0,20,4,12,0,True,8,False,False,0,b'\x00\x01\x02\x03\x04\x05\x06\x07\x08\t\n\x0b\x0c\r\x0e\x0f\x10'
1334,2,667001.5,1.7121279999999999,0.0,0.0,20,4,12,0,True,8,False,False,0,b'\x00\x01\x02\x03\x04\x05\x06\x07\x08\t\n\x0b\x0c\r\x0e\x0f\x10'
1335,1,668000.0,1.7121279999999999,0.0,0.0,20,4,12,0,True,8,False,False,0,b'\x00\x01\x02\x03\x04\x05\x06\x07\x08\t\n\x0b\x0c\r\x0e\x0f\x10'
1336,2,668001.5,1.7121279999999999,0.0,0.0,20,4,12,0,True,8,False,False,0,b'\x00\x01\x02\x03\x04\x05\x06\x07\x08\t\n\x0b\x0c\r\x0e\x0f\x10'
1337,1,669000.0,1.7121279999999999,0.0,0.0,20,4,12,0,True,8,False,False,0,b'\x00\x01\x02\x03\x04\x05\x06\x07\x08\t\n\x0b\x0c\r\x0e\x0f\x10'
1338,2,669001.5,1.7121279999999999,0.0,0.0,20,4,12,0,True,8,False,False,0,b'\x00\x01\x02\x03\x04\x05\x06\x07\x08\t\n\x0b\x0c\r\x0e\x0f\x10'
1339,1,670000.0,1.7121279999999999,0.0,0.0,20,4,12,0,True,8,False,False,0,b'\x00\x01\x02\x03\x04\x05\x06\x07\x08\t\n\x0b\x0c\r\x0e\x0f\x10'
1340,2,670001.5,1.7121279999999999,0.0,0.0,20,4,12,0,True,8,False,False,0,b'\x00\x01\x02\x03\x04\x05\x06\x07\x08\t\n\x0b\x0c\r\x0e\x0f\x10'
1341,1,671000.0,1.7121279999999999,0.0,0.0,20,4,12,0,True,8,False,False,0,b'\x00\x01\x02\x03\x04\x05\x06\x07\x08\t\n\x0b\x0c\r\x0e\x0f\x10'
1342,2,671001.5,1.7121279999999999,0.0,0.0,20,4,12,0,True,8,False,False,0,b'\x00\x01\x02\x03\x04\x05\x06\x07\x08\t\n\x0b\x0c\r\x0e\x0f\x10'
1343,1,672000.0,1.7121279999999999,0.0,0.0,20,4,12,0,True,8,False,False,0,b'\x00\x01\x02\x03\x04\x05\x06\x07\x08\t\n\x0b\x0c\r\x0e\x0f\x10'
1344,2,672001.5,1.7121279999999999,0.0,0.0,20,4,12,0,True,8,False,False,0,b'\x00\x01\x02\x03\x04\x05\x06\x07\x08\t\n\x0b\x0c\r\x0e\x0f\x10'
1345,1,673000.0,1.7121279999999999,0.0,0.0,20,4,12,0,True,8,False,False,0,b'\x00\x01\x02\x03\x04\x05\x06\x07\x08\t\n\x0b\x0c\r\x0e\x0f\x10'
1346,2,673001.5,1.7121279999999999,0.0,0.0,20,4,12,0,True,8,False,False,0,b'\x00\x01\x02\x03\x04\x05\x06\x07\x08\t\n\x0b\x0c\r\x0e\x0f\x10'
1347,1,674000.0,1.7121279999999999,0.0,0.0,20,4,12,0,True,8,False,False,0,b'\x00\x01\x02\x03\x04\x05\x06\x07\x08\t\n\x0b\x0c\r\x0e\x0f\x10'
1348,2,674001.5,1.7121279999999999,0.0,0.0,20,4,12,0,True,8,False,False,0,b'\x00\x01\x02\x03\x04\x05\x06\x07\x08\t\n\x0b\x0c\r\x0e\x0f\x10'
1349,1,675000.0,1.7121279999999999,0.0,0.0,20,4,12,0,True,8,False,False,0,b'\x00\x01\x02\x03\x04\x05\x06\x07\x08\t\n\x0b\x0c\r\x0e\x0f\x10'
1350,2,675001.5,1.7121279999999999,0.0,0.0,20,4,12,0,True,8,False,False,0,b'\x00\x01\x02\x03\x04\x05\x06\x07\x08\t\n\x0b\x0c\r\x0e\x0f\x10'
1351,1,676000.0,1.7121279999999999,0.0,0.0,20,4,12,0,True,8,False,False,0,b'\x00\x01\x02\x03\x04\x05\x06\x07\x08\t\n\x0b\x0c\r\x0e\x0f\x10'
1352,2,676001.5,1.7121279999999999,0.0,0.0,20,4,12,0,True,8,False,False,0,b'\x00\x01\x02\x03\x04\x05\x06\x07\x08\t\n\x0b\x0c\r\x0e\x0f\x10'
1353,1,677000.0,1.7121279999999999,0.0,0.0,20,4,12,0,True,8,False,False,0,b'\x00\x01\x02\x03\x04\x05\x06\x07\x08\t\n\x0b\x0c\r\x0e\x0f\x10'
1354,2,677001.5,1.7121279999999999,0.0,0.0,20,4,12,0,True,8,False,False,0,b'\x00\x01\x02\x03\x04\x05\x06\x07\x08\t\n\x0b\x0c\r\x0e\x0f\x10'
1355,1,678000.0,1.7121279999999999,0.0,0.0,20,4,12,0,True,8,False,False,0,b'\x00\x01\x02\x03\x04\x05\x06\x07\x08\t\n\x0b\x0c\r\x0e\x0f\x10'
1356,2,678001.5,1.7121279999999999,0.0,0.0,20,4,12,0,True,8,False,False,0,b'\x00\x01\x02\x03\x04\x05\x06\x07\x08\t\n\x0b\x0c\r\x0e\x0f\x10'
1357,1,679000.0,1.7121279999999999,0.0,0.0,20,4,12,0,True,8,False,False,0,b'\x00\x01\x02\x03\x04\x05\x06\x07\x08\t\n\x0b\x0c\r\x0e\x0f\x10'
1358,2,679001.5,1.7121279999999999,0.0,0.0,20,4,12,0,True,8,False,False,0,b'\x00\x01\x02\x03\x04\x05\x06\x07\x08\t\n\x0b\x0c\r\x0e\x0f\x10'
1359,1,680000.0,1.7121279999999999,0.0,0.0,20,4,12,0,True,8,False,False,0,b'\x00\x01\x02\x03\x04\x05\x06\x07\x08\t\n\x0b\x0c\r\x0e\x0f\x10'
1360,2,680001.5,1.7121279999999999,0.0,0.0,20,4,12,0,True,8,False,False,0,b'\x00\x01\x02\x03\x04\x05\x06\x07\x08\t\n\x0b\x0c\r\x0e\x0f\x10'
1361,1,681000.0,1.7121279999999999,0.0,0.0,20,4,12,0,True,8,False,False,0,b'\x00\x01\x02\x03\x04\x05\x06\x07\x08\t\n\x0b\x0c\r\x0e\x0f\x10'
1362,2,681001.5,1.7121279999999999,0.0,0.0,20,4,12,0,True,8,False,False,0,b'\x00\x01\x02\x03\x04\x05\x06\x07\x08\t\n\x0b\x0c\r\x0e\x0f\x10'
1363,1,682000.0,1.7121279999999999,0.0,0.0,20,4,12,0,True,8,False,False,0,b'\x00\x01\x02\x03\x04\x05\x06\x07\x08\t\n\x0b\x0c\r\x0e\x0f\x10'
1364,2,682001.5,1.7121279999999999,0.0,0.0,20,4,12,0,True,8,False,False,0,b'\x00\x01\x02\x03\x04\x05\x06\x07\x08\t\n\x0b\x0c\r\x0e\x0f\x10'
1365,1,683000.0,1.7121279999999999,0.0,0.0,20,4,12,0,True,8,False,False,0,b'\x00\x01\x02\x03\x04\x05\x06\x07\x08\t\n\x0b\x0c\r\x0e\x0f\x10'
1366,2,683001.5,1.7121279999999999,0.0,0.0,20,4,12,0,True,8,False,False,0,b'\x00\x01\x02\x03\x04\x05\x06\x07\x08\t\n\x0b\x0c\r\x0e\x0f\x10'
1367,1,684000.0,1.7121279999999999,0.0,0.0,20,4,12,0,True,8,False,False,0,b'\x00\x01\x02\x03\x04\x05\x06\x07\x08\t\n\x0b\x0c\r\x0e\x0f\x10'
1368,2,684001.5,1.7121279999999999,0.0,0.0,20,4,12,0,True,8,False,False,0,b'\x00\x01\x02\x03\x04\x05\x06\x07\x08\t\n\x0b\x0c\r\x0e\x0f\x10'
1369,1,685000.0,1.7121279999999999,0.0,0.0,20,4,12,0,True,8,False,False,0,b'\x00\x01\x02\x03\x04\x05\x06\x07\x08\t\n\x0b\x0c\r\x0e\x0f\x10'
1370,2,685001.5,1.7121279999999999,0.0,0.0,20,4,12,0,True,8,False,False,0,b'\x00\x01\x02\x03\x04\x05\x06\x07\x08\t\n\x0b\x0c\r\x0e\x0f\x10'
1371,1,686000.0,1.7121279999999999,0.0,0.0,20,4,12,0,True,8,False,False,0,b'\x00\x01\x02\x03\x04\x05\x06\x07\x08\t\n\x0b\x0c\r\x0e\x0f\x10'
1372,2,686001.5,1.7121279999999999,0.0,0.0,20,4,12,0,True,8,False,False,0,b'\x00\x01\x02\x03\x04\x05\x06\x07\x08\t\n\x0b\x0c\r\x0e\x0f\x10'
1373,1,687000.0,1.7121279999999999,0.0,0.0,20,4,12,0,True,8,False,False,0,b'\x00\x01\x02\x03\x04\x05\x06\x07\x08\t\n\x0b\x0c\r\x0e\x0f\x10'
1374,2,687001.5,1.7121279999999999,0.0,0.0,20,4,12,0,True,8,False,False,0,b'\x00\x01\x02\x03\x04\x05\x06\x07\x08\t\n\x0b\x0c\r\x0e\x0f\x10'
1375,1,688000.0,1.7121279999999999,0.0,0.0,20,4,12,0,True,8,False,False,0,b'\x00\x01\x02\x03\x04\x05\x06\x07\x08\t\n\x0b\x0c\r\x0e\x0f\x10'
1376,2,688001.5,1.7121279999999999,0.0,0.0,20,4,12,0,True,8,False,False,0,b'\x00\x01\x02\x03\x04\x05\x06\x07\x08\t\n\x0b\x0c\r\x0e\x0f\x10'
1377,1,689000.0,1.7121279999999999,0.0,0.0,20,4,12,0,True,8,False,False,0,b'\x00\x01\x02\x03\x04\x05\x06\x07\x08\t\n\x0b\x0c\r\x0e\x0f\x10'
1378,2,689001.5,1.7121279999999999,0.0,0.0,20,4,12,0,True,8,False,False,0,b'\x00\x01\x02\x03\x04\x05\x06\x07\x08\t\n\x0b\x0c\r\x0e\x0f\x10'
1379,1,690000.0,1.7121279999999999,0.0,0.0,20,4,12,0,True,8,False,False,0,b'\x00\x01\x02\x03\x04\x05\x06\x07\x08\t\n\x0b\x0c\r\x0e\x0f\x10'
1380,2,690001.5,1.7121279999999999,0.0,0.0,20,4,12,0,True,8,False,False,0,b'\x00\x01\x02\x03\x04\x05\x06\x07\x08\t\n\x0b\x0c\r\x0e\x0f\x10'
1381,1,691000.0,1.7121279999999999,0.0,0.0,20,4,12,0,True,8,False,False,0,b'\x00\x01\x02\x03\x04\x05\x06\x07\x08\t\n\x0b\x0c\r\x0e\x0f\x10'
1382,2,691001.5,1.7121279999999999,0.0,0.0,20,4,12,0,True,8,False,False,0,b'\x00\x01\x02\x03\x04\x05\x06\x07\x08\t\n\x0b\x0c\r\x0e\x0f\x10'
1383,1,692000.0,1.7121279999999999,0.0,0.0,20,4,12,0,True,8,False,False,0,b'\x00\x01\x02\x03\x04\x05\x06\x07\x08\t\n\x0b\x0c\r\x0e\x0f\x10'
1384,2,692001.5,1.7121279999999999,0.0,0.0,20,4,12,0,True,8,False,False,0,b'\x00\x01\x02\x03\x04\x05\x06\x07\x08\t\n\x0b\x0c\r\x0e\x0f\x10'
1385,1,693000.0,1.7121279999999999,0.0,0.0,20,4,12,0,True,8,False,False,0,b'\x00\x01\x02\x03\x04\x05\x06\x07\x08\t\n\x0b\x0c\r\x0e\x0f\x10'
1386,2,693001.5,1.7121279999999999,0.0,0.0,20,4,12,0,True,8,False,False,0,b'\x00\x01\x02\x03\x04\x05\x06\x07\x08\t\n\x0b\x0c\r\x0e\x0f\x10'
1387,1,694000.0,1.7121279999999999,0.0,0.0,20,4,12,0,True,8,False,False,0,b'\x00\x01\x02\x03\x04\x05\x06\x07\x08\t\n\x0b\x0c\r\x0e\x0f\x10'
1388,2,694001.5,1.7121279999999999,0.0,0.0,20,4,12,0,True,8,False,False,0,b'\x00\x01\x02\x03\x04\x05\x06\x07\x08\t\n\x0b\x0c\r\x0e\x0f\x10'
1389,1,695000.0,1.7121279999999999,0.0,0.0,20,4,12,0,True,8,False,False,0,b'\x00\x01\x02\x03\x04\x05\x06\x07\x08\t\n\x0b\x0c\r\x0e\x0f\x10'
1390,2,695001.5,1.7121279999999999,0.0,0.0,20,4,12,0,True,8,False,False,0,b'\x00\x01\x02\x03\x04\x05\x06\x07\x08\t\n\x0b\x0c\r\x0e\x0f\x10'
1391,1,696000.0,1.7121279999999999,0.0,0.0,20,4,12,0,True,8,False,False,0,b'\x00\x01\x02\x03\x04\x05\x06\x07\x08\t\n\x0b\x0c\r\x0e\x0f\x10'
1392,2,696001.5,1.7121279999999999,0.0,0.0,20,4,12,0,True,8,False,False,0,b'\x00\x01\x02\x03\x04\x05\x06\x07\x08\t\n\x0b\x0c\r\x0e\x0f\x10'
1393,1,697000.0,1.7121279999999999,0.0,0.0,20,4,12,0,True,8,False,False,0,b'\x00\x01\x02\x03\x04\x05\x06\x07\x08\t\n\x0b\x0c\r\x0e\x0f\x10'
1394,2,697001.5,1.7121279999999999,0.0,0.0,20,4,12,0,True,8,False,False,0,b'\x00\x01\x02\x03\x04\x05\x06\x07\x08\t\n\x0b\x0c\r\x0e\x0f\x10'
1395,1,698000.0,1.7121279999999999,0.0,0.0,20,4,12,0,True,8,False,False,0,b'\x00\x01\x02\x03\x04\x05\x06\x07\x08\t\n\x0b\x0c\r\x0e\x0f\x10'
1396,2,698001.5,1.7121279999999999,0.0,0.0,20,4,12,0,True,8,False,False,0,b'\x00\x01\x02\x03\x04\x05\x06\x07\x08\t\n\x0b\x0c\r\x0e\x0f\x10'
1397,1,699000.0,1.7121279999999999,0.0,0.0,20,4,12,0,True,8,False,False,0,b'\x00\x01\x02\x03\x04\x05\x06\x07\x08\t\n\x0b\x0c\r\x0e\x0f\x10'
1398,2,699001.5,1.7121279999999999,0.0,0.0,20,4,12,0,True,8,False,False,0,b'\x00\x01\x02\x03\x04\x05\x06\x07\x08\t\n\x0b\x0c\r\x0e\x0f\x10'
1399,1,700000.0,1.7121279999999999,0.0,0.0,20,4,12,0,True,8,False,False,0,b'\x00\x01\x02\x03\x04\x05\x06\x07\x08\t\n\x0b\x0c\r\x0e\x0f\x10'
1400,2,700001.5,1.7121279999999999,0.0,0.0,20,4,12,0,True,8,False,False,0,b'\x00\x01\x02\x03\x04\x05\x06\x07\x08\t\n\x0b\x0c\r\x0e\x0f\x10'
1401,1,701000.0,1.7121279999999999,0.0,0.0,20,4,12,0,True,8,False,False,0,b'\x00\x01\x02\x03\x04\x05\x06\x07\x08\t\n\x0b\x0c\r\x0e\x0f\x10'
1402,2,701001.5,1.7121279999999999,0.0,0.0,20,4,12,0,True,8,False,False,0,b'\x00\x01\x02\x03\x04\x05\x06\x07\x08\t\n\x0b\x0c\r\x0e\x0f\x10'
1403,1,702000.0,1.7121279999999999,0.0,0.0,20,4,12,0,True,8,False,False,0,b'\x00\x01\x02\x03\x04\x05\x06\x07\x08\t\n\x0b\x0c\r\x0e\x0f\x10'
1404,2,702001.5,1.7121279999999999,0.0,0.0,20,4,12,0,True,8,False,False,0,b'\x00\x01\x02\x03\x04\x05\x06\x07\x08\t\n\x0b\x0c\r\x0e\x0f\x10'
1405,1,703000.0,1.7121279999999999,0.0,0.0,20,4,12,0,True,8,False,False,0,b'\x00\x01\x02\x03\x04\x05\x06\x07\x08\t\n\x0b\x0c\r\x0e\x0f\x10'
1406,2,703001.5,1.7121279999999999,0.0,0.0,20,4,12,0,True,8,False,False,0,b'\x00\x01\x02\x03\x04\x05\x06\x07\x08\t\n\x0b\x0c\r\x0e\x0f\x10'
1407,1,704000.0,1.7121279999999999,0.0,0.0,20,4,12,0,True,8,False,False,0,b'\x00\x01\x02\x03\x04\x05\x06\x07\x08\t\n\x0b\x0c\r\x0e\x0f\x10'
1408,2,704001.5,1.7121279999999999,0.0,0.0,20,4,12,0,True,8,False,False,0,b'\x00\x01\x02\x03\x04\x05\x06\x07\x08\t\n\x0b\x0c\r\x0e\x0f\x10'
1409,1,705000.0,1.7121279999999999,0.0,0.0,20,4,12,0,True,8,False,False,0,b'\x00\x01\x02\x03\x04\x05\x06\x07\x08\t\n\x0b\x0c\r\x0e\x0f\x10'
1410,2,705001.5,1.7121279999999999,0.0,0.0,20,4,12,0,True,8,False,False,0,b'\x00\x01\x02\x03\x04\x05\x06\x07\x08\t\n\x0b\x0c\r\x0e\x0f\x10'
1411,1,706000.0,1.7121279999999999,0.0,0.0,20,4,12,0,True,8,False,False,0,b'\x00\x01\x02\x03\x04\x05\x06\x07\x08\t\n\x0b\x0c\r\x0e\x0f\x10'
1412,2,706001.5,1.7121279999999999,0.0,0.0,20,4,12,0,True,8,False,False,0,b'\x00\x01\x02\x03\x04\x05\x06\x07\x08\t\n\x0b\x0c\r\x0e\x0f\x10'
1413,1,707000.0,1.7121279999999999,0.0,0.0,20,4,12,0,True,8,False,False,0,b'\x00\x01\x02\x03\x04\x05\x06\x07\x08\t\n\x0b\x0c\r\x0e\x0f\x10'
1414,2,707001.5,1.7121279999999999,0.0,0.0,20,4,12,0,True,8,False,False,0,b'\x00\x01\x02\x03\x04\x05\x06\x07\x08\t\n\x0b\x0c\r\x0e\x0f\x10'
1415,1,708000.0,1.7121279999999999,0.0,0.0,20,4,12,0,True,8,False,False,0,b'\x00\x01\x02\x03\x04\x05\x06\x07\x08\t\n\x0b\x0c\r\x0e\x0f\x10'
1416,2,708001.5,1.7121279999999999,0.0,0.0,20,4,12,0,True,8,False,False,0,b'\x00\x01\x02\x03\x04\x05\x06\x07\x08\t\n\x0b\x0c\r\x0e\x0f\x10'
1417,1,709000.0,1.7121279999999999,0.0,0.0,20,4,12,0,True,8,False,False,0,b'\x00\x01\x02\x03\x04\x05\x06\x07\x08\t\n\x0b\x0c\r\x0e\x0f\x10'
1418,2,709001.5,1.7121279999999999,0.0,0.0,20,4,12,0,True,8,False,False,0,b'\x00\x01\x02\x03\x04\x05\x06\x07\x08\t\n\x0b\x0c\r\x0e\x0f\x10'
1419,1,710000.0,1.7121279999999999,0.0,0.0,20,4,12,0,True,8,False,False,0,b'\x00\x01\x02\x03\x04\x05\x06\x07\x08\t\n\x0b\x0c\r\x0e\x0f\x10'
1420,2,710001.5,1.7121279999999999,0.0,0.0,20,4,12,0,True,8,False,False,0,b'\x00\x01\x02\x03\x04\x05\x06\x07\x08\t\n\x0b\x0c\r\x0e\x0f\x10'
1421,1,711000.0,1.7121279999999999,0.0,0.0,20,4,12,0,True,8,False,False,0,b'\x00\x01\x02\x03\x04\x05\x06\x07\x08\t\n\x0b\x0c\r\x0e\x0f\x10'
1422,2,711001.5,1.7121279999999999,0.0,0.0,20,4,12,0,True,8,False,False,0,b'\x00\x01\x02\x03\x04\x05\x06\x07\x08\t\n\x0b\x0c\r\x0e\x0f\x10'
1423,1,712000.0,1.7121279999999999,0.0,0.0,20,4,12,0,True,8,False,False,0,b'\x00\x01\x02\x03\x04\x05\x06\x07\x08\t\n\x0b\x0c\r\x0e\x0f\x10'
1424,2,712001.5,1.7121279999999999,0.0,0.0,20,4,12,0,True,8,False,False,0,b'\x00\x01\x02\x03\x04\x05\x06\x07\x08\t\n\x0b\x0c\r\x0e\x0f\x10'
1425,1,713000.0,1.7121279999999999,0.0,0.0,20,4,12,0,True,8,False,False,0,b'\x00\x01\x02\x03\x04\x05\x06\x07\x08\t\n\x0b\x0c\r\x0e\x0f\x10'
1426,2,713001.5,1.7121279999999999,0.0,0.0,20,4,12,0,True,8,False,False,0,b'\x00\x01\x02\x03\x04\x05\x06\x07\x08\t\n\x0b\x0c\r\x0e\x0f\x10'
1427,1,714000.0,1.7121279999999999,0.0,0.0,20,4,12,0,True,8,False,False,0,b'\x00\x01\x02\x03\x04\x05\x06\x07\x08\t\n\x0b\x0c\r\x0e\x0f\x10'
1428,2,714001.5,1.7121279999999999,0.0,0.0,20,4,12,0,True,8,False,False,0,b'\x00\x01\x02\x03\x04\x05\x06\x07\x08\t\n\x0b\x0c\r\x0e\x0f\x10'
1429,1,715000.0,1.7121279999999999,0.0,0.0,20,4,12,0,True,8,False,False,0,b'\x00\x01\x02\x03\x04\x05\x06\x07\x08\t\n\x0b\x0c\r\x0e\x0f\x10'
1430,2,715001.5,1.7121279999999999,0.0,0.0,20,4,12,0,True,8,False,False,0,b'\x00\x01\x02\x03\x04\x05\x06\x07\x08\t\n\x0b\x0c\r\x0e\x0f\x10'
1431,1,716000.0,1.7121279999999999,0.0,0.0,20,4,12,0,True,8,False,False,0,b'\x00\x01\x02\x03\x04\x05\x06\x07\x08\t\n\x0b\x0c\r\x0e\x0f\x10'
1432,2,716001.5,1.7121279999999999,0.0,0.0,20,4,12,0,True,8,False,False,0,b'\x00\x01\x02\x03\x04\x05\x06\x07\x08\t\n\x0b\x0c\r\x0e\x0f\x10'
1433,1,717000.0,1.7121279999999999,0.0,0.0,20,4,12,0,True,8,False,False,0,b'\x00\x01\x02\x03\x04\x05\x06\x07\x08\t\n\x0b\x0c\r\x0e\x0f\x10'
1434,2,717001.5,1.7121279999999999,0.0,0.0,20,4,12,0,True,8,False,False,0,b'\x00\x01\x02\x03\x04\x05\x06\x07\x08\t\n\x0b\x0c\r\x0e\x0f\x10'
1435,1,718000.0,1.7121279999999999,0.0,0.0,20,4,12,0,True,8,False,False,0,b'\x00\x01\x02\x03\x04\x05\x06\x07\x08\t\n\x0b\x0c\r\x0e\x0f\x10'
1436,2,718001.5,1.7121279999999999,0.0,0.0,20,4,12,0,True,8,False,False,0,b'\x00\x01\x02\x03\x04\x05\x06\x07\x08\t\n\x0b\x0c\r\x0e\x0f\x10'
1437,1,719000.0,1.7121279999999999,0.0,0.0,20,4,12,0,True,8,False,False,0,b'\x00\x01\x02\x03\x04\x05\x06\x07\x08\t\n\x0b\x0c\r\x0e\x0f\x10'
1438,2,719001.5,1.7121279999999999,0.0,0.0,20,4,12,0,True,8,False,False,0,b'\x00\x01\x02\x03\x04\x05\x06\x07\x08\t\n\x0b\x0c\r\x0e\x0f\x10'
1439,1,720000.0,1.7121279999999999,0.0,0.0,20,4,12,0,True,8,False,False,0,b'\x00\x01\x02\x03\x04\x05\x06\x07\x08\t\n\x0b\x0c\r\x0e\x0f\x10'
1440,2,720001.5,1.7121279999999999,0.0,0.0,20,4,12,0,True,8,False,False,0,b'\x00\x01\x02\x03\x04\x05\x06\x07\x08\t\n\x0b\x0c\r\x0e\x0f\x10'
1441,1,721000.0,1.7121279999999999,0.0,0.0,20,4,12,0,True,8,False,False,0,b'\x00\x01\x02\x03\x04\x05\x06\x07\x08\t\n\x0b\x0c\r\x0e\x0f\x10'
1442,2,721001.5,1.7121279999999999,0.0,0.0,20,4,12,0,True,8,False,False,0,b'\x00\x01\x02\x03\x04\x05\x06\x07\x08\t\n\x0b\x0c\r\x0e\x0f\x10'
1443,1,722000.0,1.7121279999999999,0.0,0.0,20,4,12,0,True,8,False,False,0,b'\x00\x01\x02\x03\x04\x05\x06\x07\x08\t\n\x0b\x0c\r\x0e\x0f\x10'
1444,2,722001.5,1.7121279999999999,0.0,0.0,20,4,12,0,True,8,False,False,0,b'\x00\x01\x02\x03\x04\x05\x06\x07\x08\t\n\x0b\x0c\r\x0e\x0f\x10'
1445,1,723000.0,1.7121279999999999,0.0,0.0,20,4,12,0,True,8,False,False,0,b'\x00\x01\x02\x03\x04\x05\x06\x07\x08\t\n\x0b\x0c\r\x0e\x0f\x10'
1446,2,723001.5,1.7121279999999999,0.0,0.0,20,4,12,0,True,8,False,False,0,b'\x00\x01\x02\x03\x04\x05\x06\x07\x08\t\n\x0b\x0c\r\x0e\x0f\x10'
1447,1,724000.0,1.7121279999999999,0.0,0.0,20,4,12,0,True,8,False,False,0,b'\x00\x01\x02\x03\x04\x05\x06\x07\x08\t\n\x0b\x0c\r\x0e\x0f\x10'
1448,2,724001.5,1.7121279999999999,0.0,0.0,20,4,12,0,True,8,False,False,0,b'\x00\x01\x02\x03\x04\x05\x06\x07\x08\t\n\x0b\x0c\r\x0e\x0f\x10'
1449,1,725000.0,1.7121279999999999,0.0,0.0,20,4,12,0,True,8,False,False,0,b'\x00\x01\x02\x03\x04\x05\x06\x07\x08\t\n\x0b\x0c\r\x0e\x0f\x10'
1450,2,725001.5,1.7121279999999999,0.0,0.0,20,4,12,0,True,8,False,False,0,b'\x00\x01\x02\x03\x04\x05\x06\x07\x08\t\n\x0b\x0c\r\x0e\x0f\x10'
1451,1,726000.0,1.7121279999999999,0.0,0.0,20,4,12,0,True,8,False,False,0,b'\x00\x01\x02\x03\x04\x05\x06\x07\x08\t\n\x0b\x0c\r\x0e\x0f\x10'
1452,2,726001.5,1.7121279999999999,0.0,0.0,20,4,12,0,True,8,False,False,0,b'\x00\x01\x02\x03\x04\x05\x06\x07\x08\t\n\x0b\x0c\r\x0e\x0f\x10'
1453,1,727000.0,1.7121279999999999,0.0,0.0,20,4,12,0,True,8,False,False,0,b'\x00\x01\x02\x03\x04\x05\x06\x07\x08\t\n\x0b\x0c\r\x0e\x0f\x10'
1454,2,727001.5,1.7121279999999999,0.0,0.0,20,4,12,0,True,8,False,False,0,b'\x00\x01\x02\x03\x04\x05\x06\x07\x08\t\n\x0b\x0c\r\x0e\x0f\x10'
1455,1,728000.0,1.7121279999999999,0.0,0.0,20,4,12,0,True,8,False,False,0,b'\x00\x01\x02\x03\x04\x05\x06\x07\x08\t\n\x0b\x0c\r\x0e\x0f\x10'
1456,2,728001.5,1.7121279999999999,0.0,0.0,20,4,12,0,True,8,False,False,0,b'\x00\x01\x02\x03\x04\x05\x06\x07\x08\t\n\x0b\x0c\r\x0e\x0f\x10'
1457,1,729000.0,1.7121279999999999,0.0,0.0,20,4,12,0,True,8,False,False,0,b'\x00\x01\x02\x03\x04\x05\x06\x07\x08\t\n\x0b\x0c\r\x0e\x0f\x10'
1458,2,729001.5,1.7121279999999999,0.0,0.0,20,4,12,0,True,8,False,False,0,b'\x00\x01\x02\x03\x04\x05\x06\x07\x08\t\n\x0b\x0c\r\x0e\x0f\x10'
1459,1,730000.0,1.7121279999999999,0.0,0.0,20,4,12,0,True,8,False,False,0,b'\x00\x01\x02\x03\x04\x05\x06\x07\x08\t\n\x0b\x0c\r\x0e\x0f\x10'
1460,2,730001.5,1.7121279999999999,0.0,0.0,20,4,12,0,True,8,False,False,0,b'\x00\x01\x02\x03\x04\x05\x06\x07\x08\t\n\x0b\x0c\r\x0e\x0f\x10'
1461,1,731000.0,1.7121279999999999,0.0,0.0,20,4,12,0,True,8,False,False,0,b'\x00\x01\x02\x03\x04\x05\x06\x07\x08\t\n\x0b\x0c\r\x0e\x0f\x10'
1462,2,731001.5,1.7121279999999999,0.0,0.0,20,4,12,0,True,8,False,False,0,b'\x00\x01\x02\x03\x04\x05\x06\x07\x08\t\n\x0b\x0c\r\x0e\x0f\x10'
1463,1,732000.0,1.7121279999999999,0.0,0.0,20,4,12,0,True,8,False,False,0,b'\x00\x01\x02\x03\x04\x05\x06\x07\x08\t\n\x0b\x0c\r\x0e\x0f\x10'
1464,2,732001.5,1.7121279999999999,0.0,0.0,20,4,12,0,True,8,False,False,0,b'\x00\x01\x02\x03\x04\x05\x06\x07\x08\t\n\x0b\x0c\r\x0e\x0f\x10'
1465,1,733000.0,1.7121279999999999,0.0,0.0,20,4,12,0,True,8,False,False,0,b'\x00\x01\x02\x03\x04\x05\x06\x07\x08\t\n\x0b\x0c\r\x0e\x0f\x10'
1466,2,733001.5,1.7121279999999999,0.0,0.0,20,4,12,0,True,8,False,False,0,b'\x00\x01\x02\x03\x04\x05\x06\x07\x08\t\n\x0b\x0c\r\x0e\x0f\x10'
1467,1,734000.0,1.7121279999999999,0.0,0.0,20,4,12,0,True,8,False,False,0,b'\x00\x01\x02\x03\x04\x05\x06\x07\x08\t\n\x0b\x0c\r\x0e\x0f\x10'
1468,2,734001.5,1.7121279999999999,0.0,0.0,20,4,12,0,True,8,False,False,0,b'\x00\x01\x02\x03\x04\x05\x06\x07\x08\t\n\x0b\x0c\r\x0e\x0f\x10'
1469,1,735000.0,1.7121279999999999,0.0,0.0,20,4,12,0,True,8,False,False,0,b'\x00\x01\x02\x03\x04\x05\x06\x07\x08\t\n\x0b\x0c\r\x0e\x0f\x10'
1470,2,735001.5,1.7121279999999999,0.0,0.0,20,4,12,0,True,8,False,False,0,b'\x00\x01\x02\x03\x04\x05\x06\x07\x08\t\n\x0b\x0c\r\x0e\x0f\x10'
1471,1,736000.0,1.7121279999999999,0.0,0.0,20,4,12,0,True,8,False,False,0,b'\x00\x01\x02\x03\x04\x05\x06\x07\x08\t\n\x0b\x0c\r\x0e\x0f\x10'
1472,2,736001.5,1.7121279999999999,0.0,0.0,20,4,12,0,True,8,False,False,0,b'\x00\x01\x02\x03\x04\x05\x06\x07\x08\t\n\x0b\x0c\r\x0e\x0f\x10'
1473,1,737000.0,1.7121279999999999,0.0,0.0,20,4,12,0,True,8,False,False,0,b'\x00\x01\x02\x03\x04\x05\x06\x07\x08\t\n\x0b\x0c\r\x0e\x0f\x10'
1474,2,737001.5,1.7121279999999999,0.0,0.0,20,4,12,0,True,8,False,False,0,b'\x00\x01\x02\x03\x04\x05\x06\x07\x08\t\n\x0b\x0c\r\x0e\x0f\x10'
1475,1,738000.0,1.7121279999999999,0.0,0.0,20,4,12,0,True,8,False,False,0,b'\x00\x01\x02\x03\x04\x05\x06\x07\x08\t\n\x0b\x0c\r\x0e\x0f\x10'
1476,2,738001.5,1.7121279999999999,0.0,0.0,20,4,12,0,True,8,False,False,0,b'\x00\x01\x02\x03\x04\x05\x06\x07\x08\t\n\x0b\x0c\r\x0e\x0f\x10'
1477,1,739000.0,1.7121279999999999,0.0,0.0,20,4,12,0,True,8,False,False,0,b'\x00\x01\x02\x03\x04\x05\x06\x07\x08\t\n\x0b\x0c\r\x0e\x0f\x10'
1478,2,739001.5,1.7121279999999999,0.0,0.0,20,4,12,0,True,8,False,False,0,b'\x00\x01\x02\x03\x04\x05\x06\x07\x08\t\n\x0b\x0c\r\x0e\x0f\x10'
1479,1,740000.0,1.7121279999999999,0.0,0.0,20,4,12,0,True,8,False,False,0,b'\x00\x01\x02\x03\x04\x05\x06\x07\x08\t\n\x0b\x0c\r\x0e\x0f\x10'
1480,2,740001.5,1.7121279999999999,0.0,0.0,20,4,12,0,True,8,False,False,0,b'\x00\x01\x02\x03\x04\x05\x06\x07\x08\t\n\x0b\x0c\r\x0e\x0f\x10'
1481,1,741000.0,1.7121279999999999,0.0,0.0,20,4,12,0,True,8,False,False,0,b'\x00\x01\x02\x03\x04\x05\x06\x07\x08\t\n\x0b\x0c\r\x0e\x0f\x10'
1482,2,741001.5,1.7121279999999999,0.0,0.0,20,4,12,0,True,8,False,False,0,b'\x00\x01\x02\x03\x04\x05\x06\x07\x08\t\n\x0b\x0c\r\x0e\x0f\x10'
1483,1,742000.0,1.7121279999999999,0.0,0.0,20,4,12,0,True,8,False,False,0,b'\x00\x01\x02\x03\x04\x05\x06\x07\x08\t\n\x0b\x0c\r\x0e\x0f\x10'
1484,2,742001.5,1.7121279999999999,0.0,0.0,20,4,12,0,True,8,False,False,0,b'\x00\x01\x02\x03\x04\x05\x06\x07\x08\t\n\x0b\x0c\r\x0e\x0f\x10'
1485,1,743000.0,1.7121279999999999,0.0,0.0,20,4,12,0,True,8,False,False,0,b'\x00\x01\x02\x03\x04\x05\x06\x07\x08\t\n\x0b\x0c\r\x0e\x0f\x10'
1486,2,743001.5,1.7121279999999999,0.0,0.0,20,4,12,0,True,8,False,False,0,b'\x00\x01\x02\x03\x04\x05\x06\x07\x08\t\n\x0b\x0c\r\x0e\x0f\x10'
1487,1,744000.0,1.7121279999999999,0.0,0.0,20,4,12,0,True,8,False,False,0,b'\x00\x01\x02\x03\x04\x05\x06\x07\x08\t\n\x0b\x0c\r\x0e\x0f\x10'
1488,2,744001.5,1.7121279999999999,0.0,0.0,20,4,12,0,True,8,False,False,0,b'\x00\x01\x02\x03\x04\x05\x06\x07\x08\t\n\x0b\x0c\r\x0e\x0f\x10'
1489,1,745000.0,1.7121279999999999,0.0,0.0,20,4,12,0,True,8,False,False,0,b'\x00\x01\x02\x03\x04\x05\x06\x07\x08\t\n\x0b\x0c\r\x0e\x0f\x10'
1490,2,745001.5,1.7121279999999999,0.0,0.0,20,4,12,0,True,8,False,False,0,b'\x00\x01\x02\x03\x04\x05\x06\x07\x08\t\n\x0b\x0c\r\x0e\x0f\x10'
1491,1,746000.0,1.7121279999999999,0.0,0.0,20,4,12,0,True,8,False,False,0,b'\x00\x01\x02\x03\x04\x05\x06\x07\x08\t\n\x0b\x0c\r\x0e\x0f\x10'
1492,2,746001.5,1.7121279999999999,0.0,0.0,20,4,12,0,True,8,False,False,0,b'\x00\x01\x02\x03\x04\x05\x06\x07\x08\t\n\x0b\x0c\r\x0e\x0f\x10'
1493,1,747000.0,1.7121279999999999,0.0,0.0,20,4,12,0,True,8,False,False,0,b'\x00\x01\x02\x03\x04\x05\x06\x07\x08\t\n\x0b\x0c\r\x0e\x0f\x10'
1494,2,747001.5,1.7121279999999999,0.0,0.0,20,4,12,0,True,8,False,False,0,b'\x00\x01\x02\x03\x04\x05\x06\x07\x08\t\n\x0b\x0c\r\x0e\x0f\x10'
1495,1,748000.0,1.7121279999999999,0.0,0.0,20,4,12,0,True,8,False,False,0,b'\x00\x01\x02\x03\x04\x05\x06\x07\x08\t\n\x0b\x0c\r\x0e\x0f\x10'
1496,2,748001.5,1.7121279999999999,0.0,0.0,20,4,12,0,True,8,False,False,0,b'\x00\x01\x02\x03\x04\x05\x06\x07\x08\t\n\x0b\x0c\r\x0e\x0f\x10'
1497,1,749000.0,1.7121279999999999,0.0,0.0,20,4,12,0,True,8,False,False,0,b'\x00\x01\x02\x03\x04\x05\x06\x07\x08\t\n\x0b\x0c\r\x0e\x0f\x10'
1498,2,749001.5,1.7121279999999999,0.0,0.0,20,4,12,0,True,8,False,False,0,b'\x00\x01\x02\x03\x04\x05\x06\x07\x08\t\n\x0b\x0c\r\x0e\x0f\x10'
1499,1,750000.0,1.7121279999999999,0.0,0.0,20,4,12,0,True,8,False,False,0,b'\x00\x01\x02\x03\x04\x05\x06\x07\x08\t\n\x0b\x0c\r\x0e\x0f\x10'
1500,2,750001.5,1.7121279999999999,0.0,0.0,20,4,12,0,True,8,False,False,0,b'\x00\x01\x02\x03\x04\x05\x06\x07\x08\t\n\x0b\x0c\r\x0e\x0f\x10'
1501,1,751000.0,1.7121279999999999,0.0,0.0,20,4,12,0,True,8,False,False,0,b'\x00\x01\x02\x03\x04\x05\x06\x07\x08\t\n\x0b\x0c\r\x0e\x0f\x10'
1502,2,751001.5,1.7121279999999999,0.0,0.0,20,4,12,0,True,8,False,False,0,b'\x00\x01\x02\x03\x04\x05\x06\x07\x08\t\n\x0b\x0c\r\x0e\x0f\x10'
1503,1,752000.0,1.7121279999999999,0.0,0.0,20,4,12,0,True,8,False,False,0,b'\x00\x01\x02\x03\x04\x05\x06\x07\x08\t\n\x0b\x0c\r\x0e\x0f\x10'
1504,2,752001.5,1.7121279999999999,0.0,0.0,20,4,12,0,True,8,False,False,0,b'\x00\x01\x02\x03\x04\x05\x06\x07\x08\t\n\x0b\x0c\r\x0e\x0f\x10'
1505,1,753000.0,1.7121279999999999,0.0,0.0,20,4,12,0,True,8,False,False,0,b'\x00\x01\x02\x03\x04\x05\x06\x07\x08\t\n\x0b\x0c\r\x0e\x0f\x10'
1506,2,753001.5,1.7121279999999999,0.0,0.0,20,4,12,0,True,8,False,False,0,b'\x00\x01\x02\x03\x04\x05\x06\x07\x08\t\n\x0b\x0c\r\x0e\x0f\x10'
1507,1,754000.0,1.7121279999999999,0.0,0.0,20,4,12,0,True,8,False,False,0,b'\x00\x01\x02\x03\x04\x05\x06\x07\x08\t\n\x0b\x0c\r\x0e\x0f\x10'
1508,2,754001.5,1.7121279999999999,0.0,0.0,20,4,12,0,True,8,False,False,0,b'\x00\x01\x02\x03\x04\x05\x06\x07\x08\t\n\x0b\x0c\r\x0e\x0f\x10'
1509,1,755000.0,1.7121279999999999,0.0,0.0,20,4,12,0,True,8,False,False,0,b'\x00\x01\x02\x03\x04\x05\x06\x07\x08\t\n\x0b\x0c\r\x0e\x0f\x10'
1510,2,755001.5,1.7121279999999999,0.0,0.0,20,4,12,0,True,8,False,False,0,b'\x00\x01\x02\x03\x04\x05\x06\x07\x08\t\n\x0b\x0c\r\x0e\x0f\x10'
1511,1,756000.0,1.7121279999999999,0.0,0.0,20,4,12,0,True,8,False,False,0,b'\x00\x01\x02\x03\x04\x05\x06\x07\x08\t\n\x0b\x0c\r\x0e\x0f\x10'
1512,2,756001.5,1.7121279999999999,0.0,0.0,20,4,12,0,True,8,False,False,0,b'\x00\x01\x02\x03\x04\x05\x06\x07\x08\t\n\x0b\x0c\r\x0e\x0f\x10'
1513,1,757000.0,1.7121279999999999,0.0,0.0,20,4,12,0,True,8,False,False,0,b'\x00\x01\x02\x03\x04\x05\x06\x07\x08\t\n\x0b\x0c\r\x0e\x0f\x10'
1514,2,757001.5,1.7121279999999999,0.0,0.0,20,4,12,0,True,8,False,False,0,b'\x00\x01\x02\x03\x04\x05\x06\x07\x08\t\n\x0b\x0c\r\x0e\x0f\x10'
1515,1,758000.0,1.7121279999999999,0.0,0.0,20,4,12,0,True,8,False,False,0,b'\x00\x01\x02\x03\x04\x05\x06\x07\x08\t\n\x0b\x0c\r\x0e\x0f\x10'
1516,2,758001.5,1.7121279999999999,0.0,0.0,20,4,12,0,True,8,False,False,0,b'\x00\x01\x02\x03\x04\x05\x06\x07\x08\t\n\x0b\x0c\r\x0e\x0f\x10'
1517,1,759000.0,1.7121279999999999,0.0,0.0,20,4,12,0,True,8,False,False,0,b'\x00\x01\x02\x03\x04\x05\x06\x07\x08\t\n\x0b\x0c\r\x0e\x0f\x10'
1518,2,759001.5,1.7121279999999999,0.0,0.0,20,4,12,0,True,8,False,False,0,b'\x00\x01\x02\x03\x04\x05\x06\x07\x08\t\n\x0b\x0c\r\x0e\x0f\x10'
1519,1,760000.0,1.7121279999999999,0.0,0.0,20,4,12,0,True,8,False,False,0,b'\x00\x01\x02\x03\x04\x05\x06\x07\x08\t\n\x0b\x0c\r\x0e\x0f\x10'
1520,2,760001.5,1.7121279999999999,0.0,0.0,20,4,12,0,True,8,False,False,0,b'\x00\x01\x02\x03\x04\x05\x06\x07\x08\t\n\x0b\x0c\r\x0e\x0f\x10'
1521,1,761000.0,1.7121279999999999,0.0,0.0,20,4,12,0,True,8,False,False,0,b'\x00\x01\x02\x03\x04\x05\x06\x07\x08\t\n\x0b\x0c\r\x0e\x0f\x10'
1522,2,761001.5,1.7121279999999999,0.0,0.0,20,4,12,0,True,8,False,False,0,b'\x00\x01\x02\x03\x04\x05\x06\x07\x08\t\n\x0b\x0c\r\x0e\x0f\x10'
1523,1,762000.0,1.7121279999999999,0.0,0.0,20,4,12,0,True,8,False,False,0,b'\x00\x01\x02\x03\x04\x05\x06\x07\x08\t\n\x0b\x0c\r\x0e\x0f\x10'
1524,2,762001.5,1.7121279999999999,0.0,0.0,20,4,12,0,True,8,False,False,0,b'\x00\x01\x02\x03\x04\x05\x06\x07\x08\t\n\x0b\x0c\r\x0e\x0f\x10'
1525,1,763000.0,1.7121279999999999,0.0,0.0,20,4,12,0,True,8,False,False,0,b'\x00\x01\x02\x03\x04\x05\x06\x07\x08\t\n\x0b\x0c\r\x0e\x0f\x10'
1526,2,763001.5,1.7121279999999999,0.0,0.0,20,4,12,0,True,8,False,False,0,b'\x00\x01\x02\x03\x04\x05\x06\x07\x08\t\n\x0b\x0c\r\x0e\x0f\x10'
1527,1,764000.0,1.7121279999999999,0.0,0.0,20,4,12,0,True,8,False,False,0,b'\x00\x01\x02\x03\x04\x05\x06\x07\x08\t\n\x0b\x0c\r\x0e\x0f\x10'
1528,2,764001.5,1.7121279999999999,0.0,0.0,20,4,12,0,True,8,False,False,0,b'\x00\x01\x02\x03\x04\x05\x06\x07\x08\t\n\x0b\x0c\r\x0e\x0f\x10'
1529,1,765000.0,1.7121279999999999,0.0,0.0,20,4,12,0,True,8,False,False,0,b'\x00\x01\x02\x03\x04\x05\x06\x07\x08\t\n\x0b\x0c\r\x0e\x0f\x10'
1530,2,765001.5,1.7121279999999999,0.0,0.0,20,4,12,0,True,8,False,False,0,b'\x00\x01\x02\x03\x04\x05\x06\x07\x08\t\n\x0b\x0c\r\x0e\x0f\x10'
1531,1,766000.0,1.7121279999999999,0.0,0.0,20,4,12,0,True,8,False,False,0,b'\x00\x01\x02\x03\x04\x05\x06\x07\x08\t\n\x0b\x0c\r\x0e\x0f\x10'
1532,2,766001.5,1.7121279999999999,0.0,0.0,20,4,12,0,True,8,False,False,0,b'\x00\x01\x02\x03\x04\x05\x06\x07\x08\t\n\x0b\x0c\r\x0e\x0f\x10'
1533,1,767000.0,1.7121279999999999,0.0,0.0,20,4,12,0,True,8,False,False,0,b'\x00\x01\x02\x03\x04\x05\x06\x07\x08\t\n\x0b\x0c\r\x0e\x0f\x10'
1534,2,767001.5,1.7121279999999999,0.0,0.0,20,4,12,0,True,8,False,False,0,b'\x00\x01\x02\x03\x04\x05\x06\x07\x08\t\n\x0b\x0c\r\x0e\x0f\x10'
1535,1,768000.0,1.7121279999999999,0.0,0.0,20,4,12,0,True,8,False,False,0,b'\x00\x01\x02\x03\x04\x05\x06\x07\x08\t\n\x0b\x0c\r\x0e\x0f\x10'
1536,2,768001.5,1.7121279999999999,0.0,0.0,20,4,12,0,True,8,False,False,0,b'\x00\x01\x02\x03\x04\x05\x06\x07\x08\t\n\x0b\x0c\r\x0e\x0f\x10'
1537,1,769000.0,1.7121279999999999,0.0,0.0,20,4,12,0,True,8,False,False,0,b'\x00\x01\x02\x03\x04\x05\x06\x07\x08\t\n\x0b\x0c\r\x0e\x0f\x10'
1538,2,769001.5,1.7121279999999999,0.0,0.0,20,4,12,0,True,8,False,False,0,b'\x00\x01\x02\x03\x04\x05\x06\x07\x08\t\n\x0b\x0c\r\x0e\x0f\x10'
1539,1,770000.0,1.7121279999999999,0.0,0.0,20,4,12,0,True,8,False,False,0,b'\x00\x01\x02\x03\x04\x05\x06\x07\x08\t\n\x0b\x0c\r\x0e\x0f\x10'
1540,2,770001.5,1.7121279999999999,0.0,0.0,20,4,12,0,True,8,False,False,0,b'\x00\x01\x02\x03\x04\x05\x06\x07\x08\t\n\x0b\x0c\r\x0e\x0f\x10'
1541,1,771000.0,1.7121279999999999,0.0,0.0,20,4,12,0,True,8,False,False,0,b'\x00\x01\x02\x03\x04\x05\x06\x07\x08\t\n\x0b\x0c\r\x0e\x0f\x10'
1542,2,771001.5,1.7121279999999999,0.0,0.0,20,4,12,0,True,8,False,False,0,b'\x00\x01\x02\x03\x04\x05\x06\x07\x08\t\n\x0b\x0c\r\x0e\x0f\x10'
1543,1,772000.0,1.7121279999999999,0.0,0.0,20,4,12,0,True,8,False,False,0,b'\x00\x01\x02\x03\x04\x05\x06\x07\x08\t\n\x0b\x0c\r\x0e\x0f\x10'
1544,2,772001.5,1.7121279999999999,0.0,0.0,20,4,12,0,True,8,False,False,0,b'\x00\x01\x02\x03\x04\x05\x06\x07\x08\t\n\x0b\x0c\r\x0e\x0f\x10'
1545,1,773000.0,1.7121279999999999,0.0,0.0,20,4,12,0,True,8,False,False,0,b'\x00\x01\x02\x03\x04\x05\x06\x07\x08\t\n\x0b\x0c\r\x0e\x0f\x10'
1546,2,773001.5,1.7121279999999999,0.0,0.0,20,4,12,0,True,8,False,False,0,b'\x00\x01\x02\x03\x04\x05\x06\x07\x08\t\n\x0b\x0c\r\x0e\x0f\x10'
1547,1,774000.0,1.7121279999999999,0.0,0.0,20,4,12,0,True,8,False,False,0,b'\x00\x01\x02\x03\x04\x05\x06\x07\x08\t\n\x0b\x0c\r\x0e\x0f\x10'
1548,2,774001.5,1.7121279999999999,0.0,0.0,20,4,12,0,True,8,False,False,0,b'\x00\x01\x02\x03\x04\x05\x06\x07\x08\t\n\x0b\x0c\r\x0e\x0f\x10'
1549,1,775000.0,1.7121279999999999,0.0,0.0,20,4,12,0,True,8,False,False,0,b'\x00\x01\x02\x03\x04\x05\x06\x07\x08\t\n\x0b\x0c\r\x0e\x0f\x10'
1550,2,775001.5,1.7121279999999999,0.0,0.0,20,4,12,0,True,8,False,False,0,b'\x00\x01\x02\x03\x04\x05\x06\x07\x08\t\n\x0b\x0c\r\x0e\x0f\x10'
1551,1,776000.0,1.7121279999999999,0.0,0.0,20,4,12,0,True,8,False,False,0,b'\x00\x01\x02\x03\x04\x05\x06\x07\x08\t\n\x0b\x0c\r\x0e\x0f\x10'
1552,2,776001.5,1.7121279999999999,0.0,0.0,20,4,12,0,True,8,False,False,0,b'\x00\x01\x02\x03\x04\x05\x06\x07\x08\t\n\x0b\x0c\r\x0e\x0f\x10'
1553,1,777000.0,1.7121279999999999,0.0,0.0,20,4,12,0,True,8,False,False,0,b'\x00\x01\x02\x03\x04\x05\x06\x07\x08\t\n\x0b\x0c\r\x0e\x0f\x10'
1554,2,777001.5,1.7121279999999999,0.0,0.0,20,4,12,0,True,8,False,False,0,b'\x00\x01\x02\x03\x04\x05\x06\x07\x08\t\n\x0b\x0c\r\x0e\x0f\x10'
1555,1,778000.0,1.7121279999999999,0.0,0.0,20,4,12,0,True,8,False,False,0,b'\x00\x01\x02\x03\x04\x05\x06\x07\x08\t\n\x0b\x0c\r\x0e\x0f\x10'
1556,2,778001.5,1.7121279999999999,0.0,0.0,20,4,12,0,True,8,False,False,0,b'\x00\x01\x02\x03\x04\x05\x06\x07\x08\t\n\x0b\x0c\r\x0e\x0f\x10'
1557,1,779000.0,1.7121279999999999,0.0,0.0,20,4,12,0,True,8,False,False,0,b'\x00\x01\x02\x03\x04\x05\x06\x07\x08\t\n\x0b\x0c\r\x0e\x0f\x10'
1558,2,779001.5,1.7121279999999999,0.0,0.0,20,4,12,0,True,8,False,False,0,b'\x00\x01\x02\x03\x04\x05\x06\x07\x08\t\n\x0b\x0c\r\x0e\x0f\x10'
1559,1,780000.0,1.7121279999999999,0.0,0.0,20,4,12,0,True,8,False,False,0,b'\x00\x01\x02\x03\x04\x05\x06\x07\x08\t\n\x0b\x0c\r\x0e\x0f\x10'
1560,2,780001.5,1.7121279999999999,0.0,0.0,20,4,12,0,True,8,False,False,0,b'\x00\x01\x02\x03\x04\x05\x06\x07\x08\t\n\x0b\x0c\r\x0e\x0f\x10'
1561,1,781000.0,1.7121279999999999,0.0,0.0,20,4,12,0,True,8,False,False,0,b'\x00\x01\x02\x03\x04\x05\x06\x07\x08\t\n\x0b\x0c\r\x0e\x0f\x10'
1562,2,781001.5,1.7121279999999999,0.0,0.0,20,4,12,0,True,8,False,False,0,b'\x00\x01\x02\x03\x04\x05\x06\x07\x08\t\n\x0b\x0c\r\x0e\x0f\x10'
1563,1,782000.0,1.7121279999999999,0.0,0.0,20,4,12,0,True,8,False,False,0,b'\x00\x01\x02\x03\x04\x05\x06\x07\x08\t\n\x0b\x0c\r\x0e\x0f\x10'
1564,2,782001.5,1.7121279999999999,0.0,0.0,20,4,12,0,True,8,False,False,0,b'\x00\x01\x02\x03\x04\x05\x06\x07\x08\t\n\x0b\x0c\r\x0e\x0f\x10'
1565,1,783000.0,1.7121279999999999,0.0,0.0,20,4,12,0,True,8,False,False,0,b'\x00\x01\x02\x03\x04\x05\x06\x07\x08\t\n\x0b\x0c\r\x0e\x0f\x10'
1566,2,783001.5,1.7121279999999999,0.0,0.0,20,4,12,0,True,8,False,False,0,b'\x00\x01\x02\x03\x04\x05\x06\x07\x08\t\n\x0b\x0c\r\x0e\x0f\x10'
1567,1,784000.0,1.7121279999999999,0.0,0.0,20,4,12,0,True,8,False,False,0,b'\x00\x01\x02\x03\x04\x05\x06\x07\x08\t\n\x0b\x0c\r\x0e\x0f\x10'
1568,2,784001.5,1.7121279999999999,0.0,0.0,20,4,12,0,True,8,False,False,0,b'\x00\x01\x02\x03\x04\x05\x06\x07\x08\t\n\x0b\x0c\r\x0e\x0f\x10'
1569,1,785000.0,1.7121279999999999,0.0,0.0,20,4,12,0,True,8,False,False,0,b'\x00\x01\x02\x03\x04\x05\x06\x07\x08\t\n\x0b\x0c\r\x0e\x0f\x10'
1570,2,785001.5,1.7121279999999999,0.0,0.0,20,4,12,0,True,8,False,False,0,b'\x00\x01\x02\x03\x04\x05\x06\x07\x08\t\n\x0b\x0c\r\x0e\x0f\x10'
1571,1,786000.0,1.7121279999999999,0.0,0.0,20,4,12,0,True,8,False,False,0,b'\x00\x01\x02\x03\x04\x05\x06\x07\x08\t\n\x0b\x0c\r\x0e\x0f\x10'
1572,2,786001.5,1.7121279999999999,0.0,0.0,20,4,12,0,True,8,False,False,0,b'\x00\x01\x02\x03\x04\x05\x06\x07\x08\t\n\x0b\x0c\r\x0e\x0f\x10'
1573,1,787000.0,1.7121279999999999,0.0,0.0,20,4,12,0,True,8,False,False,0,b'\x00\x01\x02\x03\x04\x05\x06\x07\x08\t\n\x0b\x0c\r\x0e\x0f\x10'
1574,2,787001.5,1.7121279999999999,0.0,0.0,20,4,12,0,True,8,False,False,0,b'\x00\x01\x02\x03\x04\x05\x06\x07\x08\t\n\x0b\x0c\r\x0e\x0f\x10'
1575,1,788000.0,1.7121279999999999,0.0,0.0,20,4,12,0,True,8,False,False,0,b'\x00\x01\x02\x03\x04\x05\x06\x07\x08\t\n\x0b\x0c\r\x0e\x0f\x10'
1576,2,788001.5,1.7121279999999999,0.0,0.0,20,4,12,0,True,8,False,False,0,b'\x00\x01\x02\x03\x04\x05\x06\x07\x08\t\n\x0b\x0c\r\x0e\x0f\x10'
1577,1,789000.0,1.7121279999999999,0.0,0.0,20,4,12,0,True,8,False,False,0,b'\x00\x01\x02\x03\x04\x05\x06\x07\x08\t\n\x0b\x0c\r\x0e\x0f\x10'
1578,2,789001.5,1.7121279999999999,0.0,0.0,20,4,12,0,True,8,False,False,0,b'\x00\x01\x02\x03\x04\x05\x06\x07\x08\t\n\x0b\x0c\r\x0e\x0f\x10'
1579,1,790000.0,1.7121279999999999,0.0,0.0,20,4,12,0,True,8,False,False,0,b'\x00\x01\x02\x03\x04\x05\x06\x07\x08\t\n\x0b\x0c\r\x0e\x0f\x10'
1580,2,790001.5,1.7121279999999999,0.0,0.0,20,4,12,0,True,8,False,False,0,b'\x00\x01\x02\x03\x04\x05\x06\x07\x08\t\n\x0b\x0c\r\x0e\x0f\x10'
1581,1,791000.0,1.7121279999999999,0.0,0.0,20,4,12,0,True,8,False,False,0,b'\x00\x01\x02\x03\x04\x05\x06\x07\x08\t\n\x0b\x0c\r\x0e\x0f\x10'
1582,2,791001.5,1.7121279999999999,0.0,0.0,20,4,12,0,True,8,False,False,0,b'\x00\x01\x02\x03\x04\x05\x06\x07\x08\t\n\x0b\x0c\r\x0e\x0f\x10'
1583,1,792000.0,1.7121279999999999,0.0,0.0,20,4,12,0,True,8,False,False,0,b'\x00\x01\x02\x03\x04\x05\x06\x07\x08\t\n\x0b\x0c\r\x0e\x0f\x10'
1584,2,792001.5,1.7121279999999999,0.0,0.0,20,4,12,0,True,8,False,False,0,b'\x00\x01\x02\x03\x04\x05\x06\x07\x08\t\n\x0b\x0c\r\x0e\x0f\x10'
1585,1,793000.0,1.7121279999999999,0.0,0.0,20,4,12,0,True,8,False,False,0,b'\x00\x01\x02\x03\x04\x05\x06\x07\x08\t\n\x0b\x0c\r\x0e\x0f\x10'
1586,2,793001.5,1.7121279999999999,0.0,0.0,20,4,12,0,True,8,False,False,0,b'\x00\x01\x02\x03\x04\x05\x06\x07\x08\t\n\x0b\x0c\r\x0e\x0f\x10'
1587,1,794000.0,1.7121279999999999,0.0,0.0,20,4,12,0,True,8,False,False,0,b'\x00\x01\x02\x03\x04\x05\x06\x07\x08\t\n\x0b\x0c\r\x0e\x0f\x10'
1588,2,794001.5,1.7121279999999999,0.0,0.0,20,4,12,0,True,8,False,False,0,b'\x00\x01\x02\x03\x04\x05\x06\x07\x08\t\n\x0b\x0c\r\x0e\x0f\x10'
1589,1,795000.0,1.7121279999999999,0.0,0.0,20,4,12,0,True,8,False,False,0,b'\x00\x01\x02\x03\x04\x05\x06\x07\x08\t\n\x0b\x0c\r\x0e\x0f\x10'
1590,2,795001.5,1.7121279999999999,0.0,0.0,20,4,12,0,True,8,False,False,0,b'\x00\x01\x02\x03\x04\x05\x06\x07\x08\t\n\x0b\x0c\r\x0e\x0f\x10'
1591,1,796000.0,1.7121279999999999,0.0,0.0,20,4,12,0,True,8,False,False,0,b'\x00\x01\x02\x03\x04\x05\x06\x07\x08\t\n\x0b\x0c\r\x0e\x0f\x10'
1592,2,796001.5,1.7121279999999999,0.0,0.0,20,4,12,0,True,8,False,False,0,b'\x00\x01\x02\x03\x04\x05\x06\x07\x08\t\n\x0b\x0c\r\x0e\x0f\x10'
1593,1,797000.0,1.7121279999999999,0.0,0.0,20,4,12,0,True,8,False,False,0,b'\x00\x01\x02\x03\x04\x05\x06\x07\x08\t\n\x0b\x0c\r\x0e\x0f\x10'
1594,2,797001.5,1.7121279999999999,0.0,0.0,20,4,12,0,True,8,False,False,0,b'\x00\x01\x02\x03\x04\x05\x06\x07\x08\t\n\x0b\x0c\r\x0e\x0f\x10'
1595,1,798000.0,1.7121279999999999,0.0,0.0,20,4,12,0,True,8,False,False,0,b'\x00\x01\x02\x03\x04\x05\x06\x07\x08\t\n\x0b\x0c\r\x0e\x0f\x10'
1596,2,798001.5,1.7121279999999999,0.0,0.0,20,4,12,0,True,8,False,False,0,b'\x00\x01\x02\x03\x04\x05\x06\x07\x08\t\n\x0b\x0c\r\x0e\x0f\x10'
1597,1,799000.0,1.7121279999999999,0.0,0.0,20,4,12,0,True,8,False,False,0,b'\x00\x01\x02\x03\x04\x05\x06\x07\x08\t\n\x0b\x0c\r\x0e\x0f\x10'
1598,2,799001.5,1.7121279999999999,0.0,0.0,20,4,12,0,True,8,False,False,0,b'\x00\x01\x02\x03\x04\x05\x06\x07\x08\t\n\x0b\x0c\r\x0e\x0f\x10'
1599,1,800000.0,1.7121279999999999,0.0,0.0,20,4,12,0,True,8,False,False,0,b'\x00\x01\x02\x03\x04\x05\x06\x07\x08\t\n\x0b\x0c\r\x0e\x0f\x10'
1600,2,800001.5,1.7121279999999999,0.0,0.0,20,4,12,0,True,8,False,False,0,b'\x00\x01\x02\x03\x04\x05\x06\x07\x08\t\n\x0b\x0c\r\x0e\x0f\x10'
1601,1,801000.0,1.7121279999999999,0.0,0.0,20,4,12,0,True,8,False,False,0,b'\x00\x01\x02\x03\x04\x05\x06\x07\x08\t\n\x0b\x0c\r\x0e\x0f\x10'
1602,2,801001.5,1.7121279999999999,0.0,0.0,20,4,12,0,True,8,False,False,0,b'\x00\x01\x02\x03\x04\x05\x06\x07\x08\t\n\x0b\x0c\r\x0e\x0f\x10'
1603,1,802000.0,1.7121279999999999,0.0,0.0,20,4,12,0,True,8,False,False,0,b'\x00\x01\x02\x03\x04\x05\x06\x07\x08\t\n\x0b\x0c\r\x0e\x0f\x10'
1604,2,802001.5,1.7121279999999999,0.0,0.0,20,4,12,0,True,8,False,False,0,b'\x00\x01\x02\x03\x04\x05\x06\x07\x08\t\n\x0b\x0c\r\x0e\x0f\x10'
1605,1,803000.0,1.7121279999999999,0.0,0.0,20,4,12,0,True,8,False,False,0,b'\x00\x01\x02\x03\x04\x05\x06\x07\x08\t\n\x0b\x0c\r\x0e\x0f\x10'
1606,2,803001.5,1.7121279999999999,0.0,0.0,20,4,12,0,True,8,False,False,0,b'\x00\x01\x02\x03\x04\x05\x06\x07\x08\t\n\x0b\x0c\r\x0e\x0f\x10'
1607,1,804000.0,1.7121279999999999,0.0,0.0,20,4,12,0,True,8,False,False,0,b'\x00\x01\x02\x03\x04\x05\x06\x07\x08\t\n\x0b\x0c\r\x0e\x0f\x10'
1608,2,804001.5,1.7121279999999999,0.0,0.0,20,4,12,0,True,8,False,False,0,b'\x00\x01\x02\x03\x04\x05\x06\x07\x08\t\n\x0b\x0c\r\x0e\x0f\x10'
1609,1,805000.0,1.7121279999999999,0.0,0.0,20,4,12,0,True,8,False,False,0,b'\x00\x01\x02\x03\x04\x05\x06\x07\x08\t\n\x0b\x0c\r\x0e\x0f\x10'
1610,2,805001.5,1.7121279999999999,0.0,0.0,20,4,12,0,True,8,False,False,0,b'\x00\x01\x02\x03\x04\x05\x06\x07\x08\t\n\x0b\x0c\r\x0e\x0f\x10'
1611,1,806000.0,1.7121279999999999,0.0,0.0,20,4,12,0,True,8,False,False,0,b'\x00\x01\x02\x03\x04\x05\x06\x07\x08\t\n\x0b\x0c\r\x0e\x0f\x10'
1612,2,806001.5,1.7121279999999999,0.0,0.0,20,4,12,0,True,8,False,False,0,b'\x00\x01\x02\x03\x04\x05\x06\x07\x08\t\n\x0b\x0c\r\x0e\x0f\x10'
1613,1,807000.0,1.7121279999999999,0.0,0.0,20,4,12,0,True,8,False,False,0,b'\x00\x01\x02\x03\x04\x05\x06\x07\x08\t\n\x0b\x0c\r\x0e\x0f\x10'
1614,2,807001.5,1.7121279999999999,0.0,0.0,20,4,12,0,True,8,False,False,0,b'\x00\x01\x02\x03\x04\x05\x06\x07\x08\t\n\x0b\x0c\r\x0e\x0f\x10'
1615,1,808000.0,1.7121279999999999,0.0,0.0,20,4,12,0,True,8,False,False,0,b'\x00\x01\x02\x03\x04\x05\x06\x07\x08\t\n\x0b\x0c\r\x0e\x0f\x10'
1616,2,808001.5,1.7121279999999999,0.0,0.0,20,4,12,0,True,8,False,False,0,b'\x00\x01\x02\x03\x04\x05\x06\x07\x08\t\n\x0b\x0c\r\x0e\x0f\x10'
1617,1,809000.0,1.7121279999999999,0.0,0.0,20,4,12,0,True,8,False,False,0,b'\x00\x01\x02\x03\x04\x05\x06\x07\x08\t\n\x0b\x0c\r\x0e\x0f\x10'
1618,2,809001.5,1.7121279999999999,0.0,0.0,20,4,12,0,True,8,False,False,0,b'\x00\x01\x02\x03\x04\x05\x06\x07\x08\t\n\x0b\x0c\r\x0e\x0f\x10'
1619,1,810000.0,1.7121279999999999,0.0,0.0,20,4,12,0,True,8,False,False,0,b'\x00\x01\x02\x03\x04\x05\x06\x07\x08\t\n\x0b\x0c\r\x0e\x0f\x10'
1620,2,810001.5,1.7121279999999999,0.0,0.0,20,4,12,0,True,8,False,False,0,b'\x00\x01\x02\x03\x04\x05\x06\x07\x08\t\n\x0b\x0c\r\x0e\x0f\x10'
1621,1,811000.0,1.7121279999999999,0.0,0.0,20,4,12,0,True,8,False,False,0,b'\x00\x01\x02\x03\x04\x05\x06\x07\x08\t\n\x0b\x0c\r\x0e\x0f\x10'
1622,2,811001.5,1.7121279999999999,0.0,0.0,20,4,12,0,True,8,False,False,0,b'\x00\x01\x02\x03\x04\x05\x06\x07\x08\t\n\x0b\x0c\r\x0e\x0f\x10'
1623,1,812000.0,1.7121279999999999,0.0,0.0,20,4,12,0,True,8,False,False,0,b'\x00\x01\x02\x03\x04\x05\x06\x07\x08\t\n\x0b\x0c\r\x0e\x0f\x10'
1624,2,812001.5,1.7121279999999999,0.0,0.0,20,4,12,0,True,8,False,False,0,b'\x00\x01\x02\x03\x04\x05\x06\x07\x08\t\n\x0b\x0c\r\x0e\x0f\x10'
1625,1,813000.0,1.7121279999999999,0.0,0.0,20,4,12,0,True,8,False,False,0,b'\x00\x01\x02\x03\x04\x05\x06\x07\x08\t\n\x0b\x0c\r\x0e\x0f\x10'
1626,2,813001.5,1.7121279999999999,0.0,0.0,20,4,12,0,True,8,False,False,0,b'\x00\x01\x02\x03\x04\x05\x06\x07\x08\t\n\x0b\x0c\r\x0e\x0f\x10'
1627,1,814000.0,1.7121279999999999,0.0,0.0,20,4,12,0,True,8,False,False,0,b'\x00\x01\x02\x03\x04\x05\x06\x07\x08\t\n\x0b\x0c\r\x0e\x0f\x10'
1628,2,814001.5,1.7121279999999999,0.0,0.0,20,4,12,0,True,8,False,False,0,b'\x00\x01\x02\x03\x04\x05\x06\x07\x08\t\n\x0b\x0c\r\x0e\x0f\x10'
1629,1,815000.0,1.7121279999999999,0.0,0.0,20,4,12,0,True,8,False,False,0,b'\x00\x01\x02\x03\x04\x05\x06\x07\x08\t\n\x0b\x0c\r\x0e\x0f\x10'
1630,2,815001.5,1.7121279999999999,0.0,0.0,20,4,12,0,True,8,False,False,0,b'\x00\x01\x02\x03\x04\x05\x06\x07\x08\t\n\x0b\x0c\r\x0e\x0f\x10'
1631,1,816000.0,1.7121279999999999,0.0,0.0,20,4,12,0,True,8,False,False,0,b'\x00\x01\x02\x03\x04\x05\x06\x07\x08\t\n\x0b\x0c\r\x0e\x0f\x10'
1632,2,816001.5,1.7121279999999999,0.0,0.0,20,4,12,0,True,8,False,False,0,b'\x00\x01\x02\x03\x04\x05\x06\x07\x08\t\n\x0b\x0c\r\x0e\x0f\x10'
1633,1,817000.0,1.7121279999999999,0.0,0.0,20,4,12,0,True,8,False,False,0,b'\x00\x01\x02\x03\x04\x05\x06\x07\x08\t\n\x0b\x0c\r\x0e\x0f\x10'
1634,2,817001.5,1.7121279999999999,0.0,0.0,20,4,12,0,True,8,False,False,0,b'\x00\x01\x02\x03\x04\x05\x06\x07\x08\t\n\x0b\x0c\r\x0e\x0f\x10'
1635,1,818000.0,1.7121279999999999,0.0,0.0,20,4,12,0,True,8,False,False,0,b'\x00\x01\x02\x03\x04\x05\x06\x07\x08\t\n\x0b\x0c\r\x0e\x0f\x10'
1636,2,818001.5,1.7121279999999999,0.0,0.0,20,4,12,0,True,8,False,False,0,b'\x00\x01\x02\x03\x04\x05\x06\x07\x08\t\n\x0b\x0c\r\x0e\x0f\x10'
1637,1,819000.0,1.7121279999999999,0.0,0.0,20,4,12,0,True,8,False,False,0,b'\x00\x01\x02\x03\x04\x05\x06\x07\x08\t\n\x0b\x0c\r\x0e\x0f\x10'
1638,2,819001.5,1.7121279999999999,0.0,0.0,20,4,12,0,True,8,False,False,0,b'\x00\x01\x02\x03\x04\x05\x06\x07\x08\t\n\x0b\x0c\r\x0e\x0f\x10'
1639,1,820000.0,1.7121279999999999,0.0,0.0,20,4,12,0,True,8,False,False,0,b'\x00\x01\x02\x03\x04\x05\x06\x07\x08\t\n\x0b\x0c\r\x0e\x0f\x10'
1640,2,820001.5,1.7121279999999999,0.0,0.0,20,4,12,0,True,8,False,False,0,b'\x00\x01\x02\x03\x04\x05\x06\x07\x08\t\n\x0b\x0c\r\x0e\x0f\x10'
1641,1,821000.0,1.7121279999999999,0.0,0.0,20,4,12,0,True,8,False,False,0,b'\x00\x01\x02\x03\x04\x05\x06\x07\x08\t\n\x0b\x0c\r\x0e\x0f\x10'
1642,2,821001.5,1.7121279999999999,0.0,0.0,20,4,12,0,True,8,False,False,0,b'\x00\x01\x02\x03\x04\x05\x06\x07\x08\t\n\x0b\x0c\r\x0e\x0f\x10'
1643,1,822000.0,1.7121279999999999,0.0,0.0,20,4,12,0,True,8,False,False,0,b'\x00\x01\x02\x03\x04\x05\x06\x07\x08\t\n\x0b\x0c\r\x0e\x0f\x10'
1644,2,822001.5,1.7121279999999999,0.0,0.0,20,4,12,0,True,8,False,False,0,b'\x00\x01\x02\x03\x04\x05\x06\x07\x08\t\n\x0b\x0c\r\x0e\x0f\x10'
1645,1,823000.0,1.7121279999999999,0.0,0.0,20,4,12,0,True,8,False,False,0,b'\x00\x01\x02\x03\x04\x05\x06\x07\x08\t\n\x0b\x0c\r\x0e\x0f\x10'
1646,2,823001.5,1.7121279999999999,0.0,0.0,20,4,12,0,True,8,False,False,0,b'\x00\x01\x02\x03\x04\x05\x06\x07\x08\t\n\x0b\x0c\r\x0e\x0f\x10'
1647,1,824000.0,1.7121279999999999,0.0,0.0,20,4,12,0,True,8,False,False,0,b'\x00\x01\x02\x03\x04\x05\x06\x07\x08\t\n\x0b\x0c\r\x0e\x0f\x10'
1648,2,824001.5,1.7121279999999999,0.0,0.0,20,4,12,0,True,8,False,False,0,b'\x00\x01\x02\x03\x04\x05\x06\x07\x08\t\n\x0b\x0c\r\x0e\x0f\x10'
1649,1,825000.0,1.7121279999999999,0.0,0.0,20,4,12,0,True,8,False,False,0,b'\x00\x01\x02\x03\x04\x05\x06\x07\x08\t\n\x0b\x0c\r\x0e\x0f\x10'
1650,2,825001.5,1.7121279999999999,0.0,0.0,20,4,12,0,True,8,False,False,0,b'\x00\x01\x02\x03\x04\x05\x06\x07\x08\t\n\x0b\x0c\r\x0e\x0f\x10'
1651,1,826000.0,1.7121279999999999,0.0,0.0,20,4,12,0,True,8,False,False,0,b'\x00\x01\x02\x03\x04\x05\x06\x07\x08\t\n\x0b\x0c\r\x0e\x0f\x10'
1652,2,826001.5,1.7121279999999999,0.0,0.0,20,4,12,0,True,8,False,False,0,b'\x00\x01\x02\x03\x04\x05\x06\x07\x08\t\n\x0b\x0c\r\x0e\x0f\x10'
1653,1,827000.0,1.7121279999999999,0.0,0.0,20,4,12,0,True,8,False,False,0,b'\x00\x01\x02\x03\x04\x05\x06\x07\x08\t\n\x0b\x0c\r\x0e\x0f\x10'
1654,2,827001.5,1.7121279999999999,0.0,0.0,20,4,12,0,True,8,False,False,0,b'\x00\x01\x02\x03\x04\x05\x06\x07\x08\t\n\x0b\x0c\r\x0e\x0f\x10'
1655,1,828000.0,1.7121279999999999,0.0,0.0,20,4,12,0,True,8,False,False,0,b'\x00\x01\x02\x03\x04\x05\x06\x07\x08\t\n\x0b\x0c\r\x0e\x0f\x10'
1656,2,828001.5,1.7121279999999999,0.0,0.0,20,4,12,0,True,8,False,False,0,b'\x00\x01\x02\x03\x04\x05\x06\x07\x08\t\n\x0b\x0c\r\x0e\x0f\x10'
1657,1,829000.0,1.7121279999999999,0.0,0.0,20,4,12,0,True,8,False,False,0,b'\x00\x01\x02\x03\x04\x05\x06\x07\x08\t\n\x0b\x0c\r\x0e\x0f\x10'
1658,2,829001.5,1.7121279999999999,0.0,0.0,20,4,12,0,True,8,False,False,0,b'\x00\x01\x02\x03\x04\x05\x06\x07\x08\t\n\x0b\x0c\r\x0e\x0f\x10'
1659,1,830000.0,1.7121279999999999,0.0,0.0,20,4,12,0,True,8,False,False,0,b'\x00\x01\x02\x03\x04\x05\x06\x07\x08\t\n\x0b\x0c\r\x0e\x0f\x10'
1660,2,830001.5,1.7121279999999999,0.0,0.0,20,4,12,0,True,8,False,False,0,b'\x00\x01\x02\x03\x04\x05\x06\x07\x08\t\n\x0b\x0c\r\x0e\x0f\x10'
1661,1,831000.0,1.7121279999999999,0.0,0.0,20,4,12,0,True,8,False,False,0,b'\x00\x01\x02\x03\x04\x05\x06\x07\x08\t\n\x0b\x0c\r\x0e\x0f\x10'
1662,2,831001.5,1.7121279999999999,0.0,0.0,20,4,12,0,True,8,False,False,0,b'\x00\x01\x02\x03\x04\x05\x06\x07\x08\t\n\x0b\x0c\r\x0e\x0f\x10'
1663,1,832000.0,1.7121279999999999,0.0,0.0,20,4,12,0,True,8,False,False,0,b'\x00\x01\x02\x03\x04\x05\x06\x07\x08\t\n\x0b\x0c\r\x0e\x0f\x10'
1664,2,832001.5,1.7121279999999999,0.0,0.0,20,4,12,0,True,8,False,False,0,b'\x00\x01\x02\x03\x04\x05\x06\x07\x08\t\n\x0b\x0c\r\x0e\x0f\x10'
1665,1,833000.0,1.7121279999999999,0.0,0.0,20,4,12,0,True,8,False,False,0,b'\x00\x01\x02\x03\x04\x05\x06\x07\x08\t\n\x0b\x0c\r\x0e\x0f\x10'
1666,2,833001.5,1.7121279999999999,0.0,0.0,20,4,12,0,True,8,False,False,0,b'\x00\x01\x02\x03\x04\x05\x06\x07\x08\t\n\x0b\x0c\r\x0e\x0f\x10'
1667,1,834000.0,1.7121279999999999,0.0,0.0,20,4,12,0,True,8,False,False,0,b'\x00\x01\x02\x03\x04\x05\x06\x07\x08\t\n\x0b\x0c\r\x0e\x0f\x10'
1668,2,834001.5,1.7121279999999999,0.0,0.0,20,4,12,0,True,8,False,False,0,b'\x00\x01\x02\x03\x04\x05\x06\x07\x08\t\n\x0b\x0c\r\x0e\x0f\x10'
1669,1,835000.0,1.7121279999999999,0.0,0.0,20,4,12,0,True,8,False,False,0,b'\x00\x01\x02\x03\x04\x05\x06\x07\x08\t\n\x0b\x0c\r\x0e\x0f\x10'
1670,2,835001.5,1.7121279999999999,0.0,0.0,20,4,12,0,True,8,False,False,0,b'\x00\x01\x02\x03\x04\x05\x06\x07\x08\t\n\x0b\x0c\r\x0e\x0f\x10'
1671,1,836000.0,1.7121279999999999,0.0,0.0,20,4,12,0,True,8,False,False,0,b'\x00\x01\x02\x03\x04\x05\x06\x07\x08\t\n\x0b\x0c\r\x0e\x0f\x10'
1672,2,836001.5,1.7121279999999999,0.0,0.0,20,4,12,0,True,8,False,False,0,b'\x00\x01\x02\x03\x04\x05\x06\x07\x08\t\n\x0b\x0c\r\x0e\x0f\x10'
1673,1,837000.0,1.7121279999999999,0.0,0.0,20,4,12,0,True,8,False,False,0,b'\x00\x01\x02\x03\x04\x05\x06\x07\x08\t\n\x0b\x0c\r\x0e\x0f\x10'
1674,2,837001.5,1.7121279999999999,0.0,0.0,20,4,12,0,True,8,False,False,0,b'\x00\x01\x02\x03\x04\x05\x06\x07\x08\t\n\x0b\x0c\r\x0e\x0f\x10'
1675,1,838000.0,1.7121279999999999,0.0,0.0,20,4,12,0,True,8,False,False,0,b'\x00\x01\x02\x03\x04\x05\x06\x07\x08\t\n\x0b\x0c\r\x0e\x0f\x10'
1676,2,838001.5,1.7121279999999999,0.0,0.0,20,4,12,0,True,8,False,False,0,b'\x00\x01\x02\x03\x04\x05\x06\x07\x08\t\n\x0b\x0c\r\x0e\x0f\x10'
1677,1,839000.0,1.7121279999999999,0.0,0.0,20,4,12,0,True,8,False,False,0,b'\x00\x01\x02\x03\x04\x05\x06\x07\x08\t\n\x0b\x0c\r\x0e\x0f\x10'
1678,2,839001.5,1.7121279999999999,0.0,0.0,20,4,12,0,True,8,False,False,0,b'\x00\x01\x02\x03\x04\x05\x06\x07\x08\t\n\x0b\x0c\r\x0e\x0f\x10'
1679,1,840000.0,1.7121279999999999,0.0,0.0,20,4,12,0,True,8,False,False,0,b'\x00\x01\x02\x03\x04\x05\x06\x07\x08\t\n\x0b\x0c\r\x0e\x0f\x10'
1680,2,840001.5,1.7121279999999999,0.0,0.0,20,4,12,0,True,8,False,False,0,b'\x00\x01\x02\x03\x04\x05\x06\x07\x08\t\n\x0b\x0c\r\x0e\x0f\x10'
1681,1,841000.0,1.7121279999999999,0.0,0.0,20,4,12,0,True,8,False,False,0,b'\x00\x01\x02\x03\x04\x05\x06\x07\x08\t\n\x0b\x0c\r\x0e\x0f\x10'
1682,2,841001.5,1.7121279999999999,0.0,0.0,20,4,12,0,True,8,False,False,0,b'\x00\x01\x02\x03\x04\x05\x06\x07\x08\t\n\x0b\x0c\r\x0e\x0f\x10'
1683,1,842000.0,1.7121279999999999,0.0,0.0,20,4,12,0,True,8,False,False,0,b'\x00\x01\x02\x03\x04\x05\x06\x07\x08\t\n\x0b\x0c\r\x0e\x0f\x10'
1684,2,842001.5,1.7121279999999999,0.0,0.0,20,4,12,0,True,8,False,False,0,b'\x00\x01\x02\x03\x04\x05\x06\x07\x08\t\n\x0b\x0c\r\x0e\x0f\x10'
1685,1,843000.0,1.7121279999999999,0.0,0.0,20,4,12,0,True,8,False,False,0,b'\x00\x01\x02\x03\x04\x05\x06\x07\x08\t\n\x0b\x0c\r\x0e\x0f\x10'
1686,2,843001.5,1.7121279999999999,0.0,0.0,20,4,12,0,True,8,False,False,0,b'\x00\x01\x02\x03\x04\x05\x06\x07\x08\t\n\x0b\x0c\r\x0e\x0f\x10'
1687,1,844000.0,1.7121279999999999,0.0,0.0,20,4,12,0,True,8,False,False,0,b'\x00\x01\x02\x03\x04\x05\x06\x07\x08\t\n\x0b\x0c\r\x0e\x0f\x10'
1688,2,844001.5,1.7121279999999999,0.0,0.0,20,4,12,0,True,8,False,False,0,b'\x00\x01\x02\x03\x04\x05\x06\x07\x08\t\n\x0b\x0c\r\x0e\x0f\x10'
1689,1,845000.0,1.7121279999999999,0.0,0.0,20,4,12,0,True,8,False,False,0,b'\x00\x01\x02\x03\x04\x05\x06\x07\x08\t\n\x0b\x0c\r\x0e\x0f\x10'
1690,2,845001.5,1.7121279999999999,0.0,0.0,20,4,12,0,True,8,False,False,0,b'\x00\x01\x02\x03\x04\x05\x06\x07\x08\t\n\x0b\x0c\r\x0e\x0f\x10'
1691,1,846000.0,1.7121279999999999,0.0,0.0,20,4,12,0,True,8,False,False,0,b'\x00\x01\x02\x03\x04\x05\x06\x07\x08\t\n\x0b\x0c\r\x0e\x0f\x10'
1692,2,846001.5,1.7121279999999999,0.0,0.0,20,4,12,0,True,8,False,False,0,b'\x00\x01\x02\x03\x04\x05\x06\x07\x08\t\n\x0b\x0c\r\x0e\x0f\x10'
1693,1,847000.0,1.7121279999999999,0.0,0.0,20,4,12,0,True,8,False,False,0,b'\x00\x01\x02\x03\x04\x05\x06\x07\x08\t\n\x0b\x0c\r\x0e\x0f\x10'
1694,2,847001.5,1.7121279999999999,0.0,0.0,20,4,12,0,True,8,False,False,0,b'\x00\x01\x02\x03\x04\x05\x06\x07\x08\t\n\x0b\x0c\r\x0e\x0f\x10'
1695,1,848000.0,1.7121279999999999,0.0,0.0,20,4,12,0,True,8,False,False,0,b'\x00\x01\x02\x03\x04\x05\x06\x07\x08\t\n\x0b\x0c\r\x0e\x0f\x10'
1696,2,848001.5,1.7121279999999999,0.0,0.0,20,4,12,0,True,8,False,False,0,b'\x00\x01\x02\x03\x04\x05\x06\x07\x08\t\n\x0b\x0c\r\x0e\x0f\x10'
1697,1,849000.0,1.7121279999999999,0.0,0.0,20,4,12,0,True,8,False,False,0,b'\x00\x01\x02\x03\x04\x05\x06\x07\x08\t\n\x0b\x0c\r\x0e\x0f\x10'
1698,2,849001.5,1.7121279999999999,0.0,0.0,20,4,12,0,True,8,False,False,0,b'\x00\x01\x02\x03\x04\x05\x06\x07\x08\t\n\x0b\x0c\r\x0e\x0f\x10'
1699,1,850000.0,1.7121279999999999,0.0,0.0,20,4,12,0,True,8,False,False,0,b'\x00\x01\x02\x03\x04\x05\x06\x07\x08\t\n\x0b\x0c\r\x0e\x0f\x10'
1700,2,850001.5,1.7121279999999999,0.0,0.0,20,4,12,0,True,8,False,False,0,b'\x00\x01\x02\x03\x04\x05\x06\x07\x08\t\n\x0b\x0c\r\x0e\x0f\x10'
1701,1,851000.0,1.7121279999999999,0.0,0.0,20,4,12,0,True,8,False,False,0,b'\x00\x01\x02\x03\x04\x05\x06\x07\x08\t\n\x0b\x0c\r\x0e\x0f\x10'
1702,2,851001.5,1.7121279999999999,0.0,0.0,20,4,12,0,True,8,False,False,0,b'\x00\x01\x02\x03\x04\x05\x06\x07\x08\t\n\x0b\x0c\r\x0e\x0f\x10'
1703,1,852000.0,1.7121279999999999,0.0,0.0,20,4,12,0,True,8,False,False,0,b'\x00\x01\x02\x03\x04\x05\x06\x07\x08\t\n\x0b\x0c\r\x0e\x0f\x10'
1704,2,852001.5,1.7121279999999999,0.0,0.0,20,4,12,0,True,8,False,False,0,b'\x00\x01\x02\x03\x04\x05\x06\x07\x08\t\n\x0b\x0c\r\x0e\x0f\x10'
1705,1,853000.0,1.7121279999999999,0.0,0.0,20,4,12,0,True,8,False,False,0,b'\x00\x01\x02\x03\x04\x05\x06\x07\x08\t\n\x0b\x0c\r\x0e\x0f\x10'
1706,2,853001.5,1.7121279999999999,0.0,0.0,20,4,12,0,True,8,False,False,0,b'\x00\x01\x02\x03\x04\x05\x06\x07\x08\t\n\x0b\x0c\r\x0e\x0f\x10'
1707,1,854000.0,1.7121279999999999,0.0,0.0,20,4,12,0,True,8,False,False,0,b'\x00\x01\x02\x03\x04\x05\x06\x07\x08\t\n\x0b\x0c\r\x0e\x0f\x10'
1708,2,854001.5,1.7121279999999999,0.0,0.0,20,4,12,0,True,8,False,False,0,b'\x00\x01\x02\x03\x04\x05\x06\x07\x08\t\n\x0b\x0c\r\x0e\x0f\x10'
1709,1,855000.0,1.7121279999999999,0.0,0.0,20,4,12,0,True,8,False,False,0,b'\x00\x01\x02\x03\x04\x05\x06\x07\x08\t\n\x0b\x0c\r\x0e\x0f\x10'
1710,2,855001.5,1.7121279999999999,0.0,0.0,20,4,12,0,True,8,False,False,0,b'\x00\x01\x02\x03\x04\x05\x06\x07\x08\t\n\x0b\x0c\r\x0e\x0f\x10'
1711,1,856000.0,1.7121279999999999,0.0,0.0,20,4,12,0,True,8,False,False,0,b'\x00\x01\x02\x03\x04\x05\x06\x07\x08\t\n\x0b\x0c\r\x0e\x0f\x10'
1712,2,856001.5,1.7121279999999999,0.0,0.0,20,4,12,0,True,8,False,False,0,b'\x00\x01\x02\x03\x04\x05\x06\x07\x08\t\n\x0b\x0c\r\x0e\x0f\x10'
1713,1,857000.0,1.7121279999999999,0.0,0.0,20,4,12,0,True,8,False,False,0,b'\x00\x01\x02\x03\x04\x05\x06\x07\x08\t\n\x0b\x0c\r\x0e\x0f\x10'
1714,2,857001.5,1.7121279999999999,0.0,0.0,20,4,12,0,True,8,False,False,0,b'\x00\x01\x02\x03\x04\x05\x06\x07\x08\t\n\x0b\x0c\r\x0e\x0f\x10'
1715,1,858000.0,1.7121279999999999,0.0,0.0,20,4,12,0,True,8,False,False,0,b'\x00\x01\x02\x03\x04\x05\x06\x07\x08\t\n\x0b\x0c\r\x0e\x0f\x10'
1716,2,858001.5,1.7121279999999999,0.0,0.0,20,4,12,0,True,8,False,False,0,b'\x00\x01\x02\x03\x04\x05\x06\x07\x08\t\n\x0b\x0c\r\x0e\x0f\x10'
1717,1,859000.0,1.7121279999999999,0.0,0.0,20,4,12,0,True,8,False,False,0,b'\x00\x01\x02\x03\x04\x05\x06\x07\x08\t\n\x0b\x0c\r\x0e\x0f\x10'
1718,2,859001.5,1.7121279999999999,0.0,0.0,20,4,12,0,True,8,False,False,0,b'\x00\x01\x02\x03\x04\x05\x06\x07\x08\t\n\x0b\x0c\r\x0e\x0f\x10'
1719,1,860000.0,1.7121279999999999,0.0,0.0,20,4,12,0,True,8,False,False,0,b'\x00\x01\x02\x03\x04\x05\x06\x07\x08\t\n\x0b\x0c\r\x0e\x0f\x10'
1720,2,860001.5,1.7121279999999999,0.0,0.0,20,4,12,0,True,8,False,False,0,b'\x00\x01\x02\x03\x04\x05\x06\x07\x08\t\n\x0b\x0c\r\x0e\x0f\x10'
1721,1,861000.0,1.7121279999999999,0.0,0.0,20,4,12,0,True,8,False,False,0,b'\x00\x01\x02\x03\x04\x05\x06\x07\x08\t\n\x0b\x0c\r\x0e\x0f\x10'
1722,2,861001.5,1.7121279999999999,0.0,0.0,20,4,12,0,True,8,False,False,0,b'\x00\x01\x02\x03\x04\x05\x06\x07\x08\t\n\x0b\x0c\r\x0e\x0f\x10'
1723,1,862000.0,1.7121279999999999,0.0,0.0,20,4,12,0,True,8,False,False,0,b'\x00\x01\x02\x03\x04\x05\x06\x07\x08\t\n\x0b\x0c\r\x0e\x0f\x10'
1724,2,862001.5,1.7121279999999999,0.0,0.0,20,4,12,0,True,8,False,False,0,b'\x00\x01\x02\x03\x04\x05\x06\x07\x08\t\n\x0b\x0c\r\x0e\x0f\x10'
1725,1,863000.0,1.7121279999999999,0.0,0.0,20,4,12,0,True,8,False,False,0,b'\x00\x01\x02\x03\x04\x05\x06\x07\x08\t\n\x0b\x0c\r\x0e\x0f\x10'
1726,2,863001.5,1.7121279999999999,0.0,0.0,20,4,12,0,True,8,False,False,0,b'\x00\x01\x02\x03\x04\x05\x06\x07\x08\t\n\x0b\x0c\r\x0e\x0f\x10'
1727,1,864000.0,1.7121279999999999,0.0,0.0,20,4,12,0,True,8,False,False,0,b'\x00\x01\x02\x03\x04\x05\x06\x07\x08\t\n\x0b\x0c\r\x0e\x0f\x10'
1728,2,864001.5,1.7121279999999999,0.0,0.0,20,4,12,0,True,8,False,False,0,b'\x00\x01\x02\x03\x04\x05\x06\x07\x08\t\n\x0b\x0c\r\x0e\x0f\x10'
1729,1,865000.0,1.7121279999999999,0.0,0.0,20,4,12,0,True,8,False,False,0,b'\x00\x01\x02\x03\x04\x05\x06\x07\x08\t\n\x0b\x0c\r\x0e\x0f\x10'
1730,2,865001.5,1.7121279999999999,0.0,0.0,20,4,12,0,True,8,False,False,0,b'\x00\x01\x02\x03\x04\x05\x06\x07\x08\t\n\x0b\x0c\r\x0e\x0f\x10'
1731,1,866000.0,1.7121279999999999,0.0,0.0,20,4,12,0,True,8,False,False,0,b'\x00\x01\x02\x03\x04\x05\x06\x07\x08\t\n\x0b\x0c\r\x0e\x0f\x10'
1732,2,866001.5,1.7121279999999999,0.0,0.0,20,4,12,0,True,8,False,False,0,b'\x00\x01\x02\x03\x04\x05\x06\x07\x08\t\n\x0b\x0c\r\x0e\x0f\x10'
1733,1,867000.0,1.7121279999999999,0.0,0.0,20,4,12,0,True,8,False,False,0,b'\x00\x01\x02\x03\x04\x05\x06\x07\x08\t\n\x0b\x0c\r\x0e\x0f\x10'
1734,2,867001.5,1.7121279999999999,0.0,0.0,20,4,12,0,True,8,False,False,0,b'\x00\x01\x02\x03\x04\x05\x06\x07\x08\t\n\x0b\x0c\r\x0e\x0f\x10'
1735,1,868000.0,1.7121279999999999,0.0,0.0,20,4,12,0,True,8,False,False,0,b'\x00\x01\x02\x03\x04\x05\x06\x07\x08\t\n\x0b\x0c\r\x0e\x0f\x10'
1736,2,868001.5,1.7121279999999999,0.0,0.0,20,4,12,0,True,8,False,False,0,b'\x00\x01\x02\x03\x04\x05\x06\x07\x08\t\n\x0b\x0c\r\x0e\x0f\x10'
1737,1,869000.0,1.7121279999999999,0.0,0.0,20,4,12,0,True,8,False,False,0,b'\x00\x01\x02\x03\x04\x05\x06\x07\x08\t\n\x0b\x0c\r\x0e\x0f\x10'
1738,2,869001.5,1.7121279999999999,0.0,0.0,20,4,12,0,True,8,False,False,0,b'\x00\x01\x02\x03\x04\x05\x06\x07\x08\t\n\x0b\x0c\r\x0e\x0f\x10'
1739,1,870000.0,1.7121279999999999,0.0,0.0,20,4,12,0,True,8,False,False,0,b'\x00\x01\x02\x03\x04\x05\x06\x07\x08\t\n\x0b\x0c\r\x0e\x0f\x10'
1740,2,870001.5,1.7121279999999999,0.0,0.0,20,4,12,0,True,8,False,False,0,b'\x00\x01\x02\x03\x04\x05\x06\x07\x08\t\n\x0b\x0c\r\x0e\x0f\x10'
1741,1,871000.0,1.7121279999999999,0.0,0.0,20,4,12,0,True,8,False,False,0,b'\x00\x01\x02\x03\x04\x05\x06\x07\x08\t\n\x0b\x0c\r\x0e\x0f\x10'
1742,2,871001.5,1.7121279999999999,0.0,0.0,20,4,12,0,True,8,False,False,0,b'\x00\x01\x02\x03\x04\x05\x06\x07\x08\t\n\x0b\x0c\r\x0e\x0f\x10'
1743,1,872000.0,1.7121279999999999,0.0,0.0,20,4,12,0,True,8,False,False,0,b'\x00\x01\x02\x03\x04\x05\x06\x07\x08\t\n\x0b\x0c\r\x0e\x0f\x10'
1744,2,872001.5,1.7121279999999999,0.0,0.0,20,4,12,0,True,8,False,False,0,b'\x00\x01\x02\x03\x04\x05\x06\x07\x08\t\n\x0b\x0c\r\x0e\x0f\x10'
1745,1,873000.0,1.7121279999999999,0.0,0.0,20,4,12,0,True,8,False,False,0,b'\x00\x01\x02\x03\x04\x05\x06\x07\x08\t\n\x0b\x0c\r\x0e\x0f\x10'
1746,2,873001.5,1.7121279999999999,0.0,0.0,20,4,12,0,True,8,False,False,0,b'\x00\x01\x02\x03\x04\x05\x06\x07\x08\t\n\x0b\x0c\r\x0e\x0f\x10'
1747,1,874000.0,1.7121279999999999,0.0,0.0,20,4,12,0,True,8,False,False,0,b'\x00\x01\x02\x03\x04\x05\x06\x07\x08\t\n\x0b\x0c\r\x0e\x0f\x10'
1748,2,874001.5,1.7121279999999999,0.0,0.0,20,4,12,0,True,8,False,False,0,b'\x00\x01\x02\x03\x04\x05\x06\x07\x08\t\n\x0b\x0c\r\x0e\x0f\x10'
1749,1,875000.0,1.7121279999999999,0.0,0.0,20,4,12,0,True,8,False,False,0,b'\x00\x01\x02\x03\x04\x05\x06\x07\x08\t\n\x0b\x0c\r\x0e\x0f\x10'
1750,2,875001.5,1.7121279999999999,0.0,0.0,20,4,12,0,True,8,False,False,0,b'\x00\x01\x02\x03\x04\x05\x06\x07\x08\t\n\x0b\x0c\r\x0e\x0f\x10'
1751,1,876000.0,1.7121279999999999,0.0,0.0,20,4,12,0,True,8,False,False,0,b'\x00\x01\x02\x03\x04\x05\x06\x07\x08\t\n\x0b\x0c\r\x0e\x0f\x10'
1752,2,876001.5,1.7121279999999999,0.0,0.0,20,4,12,0,True,8,False,False,0,b'\x00\x01\x02\x03\x04\x05\x06\x07\x08\t\n\x0b\x0c\r\x0e\x0f\x10'
1753,1,877000.0,1.7121279999999999,0.0,0.0,20,4,12,0,True,8,False,False,0,b'\x00\x01\x02\x03\x04\x05\x06\x07\x08\t\n\x0b\x0c\r\x0e\x0f\x10'
1754,2,877001.5,1.7121279999999999,0.0,0.0,20,4,12,0,True,8,False,False,0,b'\x00\x01\x02\x03\x04\x05\x06\x07\x08\t\n\x0b\x0c\r\x0e\x0f\x10'
1755,1,878000.0,1.7121279999999999,0.0,0.0,20,4,12,0,True,8,False,False,0,b'\x00\x01\x02\x03\x04\x05\x06\x07\x08\t\n\x0b\x0c\r\x0e\x0f\x10'
1756,2,878001.5,1.7121279999999999,0.0,0.0,20,4,12,0,True,8,False,False,0,b'\x00\x01\x02\x03\x04\x05\x06\x07\x08\t\n\x0b\x0c\r\x0e\x0f\x10'
1757,1,879000.0,1.7121279999999999,0.0,0.0,20,4,12,0,True,8,False,False,0,b'\x00\x01\x02\x03\x04\x05\x06\x07\x08\t\n\x0b\x0c\r\x0e\x0f\x10'
1758,2,879001.5,1.7121279999999999,0.0,0.0,20,4,12,0,True,8,False,False,0,b'\x00\x01\x02\x03\x04\x05\x06\x07\x08\t\n\x0b\x0c\r\x0e\x0f\x10'
1759,1,880000.0,1.7121279999999999,0.0,0.0,20,4,12,0,True,8,False,False,0,b'\x00\x01\x02\x03\x04\x05\x06\x07\x08\t\n\x0b\x0c\r\x0e\x0f\x10'
1760,2,880001.5,1.7121279999999999,0.0,0.0,20,4,12,0,True,8,False,False,0,b'\x00\x01\x02\x03\x04\x05\x06\x07\x08\t\n\x0b\x0c\r\x0e\x0f\x10'
1761,1,881000.0,1.7121279999999999,0.0,0.0,20,4,12,0,True,8,False,False,0,b'\x00\x01\x02\x03\x04\x05\x06\x07\x08\t\n\x0b\x0c\r\x0e\x0f\x10'
1762,2,881001.5,1.7121279999999999,0.0,0.0,20,4,12,0,True,8,False,False,0,b'\x00\x01\x02\x03\x04\x05\x06\x07\x08\t\n\x0b\x0c\r\x0e\x0f\x10'
1763,1,882000.0,1.7121279999999999,0.0,0.0,20,4,12,0,True,8,False,False,0,b'\x00\x01\x02\x03\x04\x05\x06\x07\x08\t\n\x0b\x0c\r\x0e\x0f\x10'
1764,2,882001.5,1.7121279999999999,0.0,0.0,20,4,12,0,True,8,False,False,0,b'\x00\x01\x02\x03\x04\x05\x06\x07\x08\t\n\x0b\x0c\r\x0e\x0f\x10'
1765,1,883000.0,1.7121279999999999,0.0,0.0,20,4,12,0,True,8,False,False,0,b'\x00\x01\x02\x03\x04\x05\x06\x07\x08\t\n\x0b\x0c\r\x0e\x0f\x10'
1766,2,883001.5,1.7121279999999999,0.0,0.0,20,4,12,0,True,8,False,False,0,b'\x00\x01\x02\x03\x04\x05\x06\x07\x08\t\n\x0b\x0c\r\x0e\x0f\x10'
1767,1,884000.0,1.7121279999999999,0.0,0.0,20,4,12,0,True,8,False,False,0,b'\x00\x01\x02\x03\x04\x05\x06\x07\x08\t\n\x0b\x0c\r\x0e\x0f\x10'
1768,2,884001.5,1.7121279999999999,0.0,0.0,20,4,12,0,True,8,False,False,0,b'\x00\x01\x02\x03\x04\x05\x06\x07\x08\t\n\x0b\x0c\r\x0e\x0f\x10'
1769,1,885000.0,1.7121279999999999,0.0,0.0,20,4,12,0,True,8,False,False,0,b'\x00\x01\x02\x03\x04\x05\x06\x07\x08\t\n\x0b\x0c\r\x0e\x0f\x10'
1770,2,885001.5,1.7121279999999999,0.0,0.0,20,4,12,0,True,8,False,False,0,b'\x00\x01\x02\x03\x04\x05\x06\x07\x08\t\n\x0b\x0c\r\x0e\x0f\x10'
1771,1,886000.0,1.7121279999999999,0.0,0.0,20,4,12,0,True,8,False,False,0,b'\x00\x01\x02\x03\x04\x05\x06\x07\x08\t\n\x0b\x0c\r\x0e\x0f\x10'
1772,2,886001.5,1.7121279999999999,0.0,0.0,20,4,12,0,True,8,False,False,0,b'\x00\x01\x02\x03\x04\x05\x06\x07\x08\t\n\x0b\x0c\r\x0e\x0f\x10'
1773,1,887000.0,1.7121279999999999,0.0,0.0,20,4,12,0,True,8,False,False,0,b'\x00\x01\x02\x03\x04\x05\x06\x07\x08\t\n\x0b\x0c\r\x0e\x0f\x10'
1774,2,887001.5,1.7121279999999999,0.0,0.0,20,4,12,0,True,8,False,False,0,b'\x00\x01\x02\x03\x04\x05\x06\x07\x08\t\n\x0b\x0c\r\x0e\x0f\x10'
1775,1,888000.0,1.7121279999999999,0.0,0.0,20,4,12,0,True,8,False,False,0,b'\x00\x01\x02\x03\x04\x05\x06\x07\x08\t\n\x0b\x0c\r\x0e\x0f\x10'
1776,2,888001.5,1.7121279999999999,0.0,0.0,20,4,12,0,True,8,False,False,0,b'\x00\x01\x02\x03\x04\x05\x06\x07\x08\t\n\x0b\x0c\r\x0e\x0f\x10'
1777,1,889000.0,1.7121279999999999,0.0,0.0,20,4,12,0,True,8,False,False,0,b'\x00\x01\x02\x03\x04\x05\x06\x07\x08\t\n\x0b\x0c\r\x0e\x0f\x10'
1778,2,889001.5,1.7121279999999999,0.0,0.0,20,4,12,0,True,8,False,False,0,b'\x00\x01\x02\x03\x04\x05\x06\x07\x08\t\n\x0b\x0c\r\x0e\x0f\x10'
1779,1,890000.0,1.7121279999999999,0.0,0.0,20,4,12,0,True,8,False,False,0,b'\x00\x01\x02\x03\x04\x05\x06\x07\x08\t\n\x0b\x0c\r\x0e\x0f\x10'
1780,2,890001.5,1.7121279999999999,0.0,0.0,20,4,12,0,True,8,False,False,0,b'\x00\x01\x02\x03\x04\x05\x06\x07\x08\t\n\x0b\x0c\r\x0e\x0f\x10'
1781,1,891000.0,1.7121279999999999,0.0,0.0,20,4,12,0,True,8,False,False,0,b'\x00\x01\x02\x03\x04\x05\x06\x07\x08\t\n\x0b\x0c\r\x0e\x0f\x10'
1782,2,891001.5,1.7121279999999999,0.0,0.0,20,4,12,0,True,8,False,False,0,b'\x00\x01\x02\x03\x04\x05\x06\x07\x08\t\n\x0b\x0c\r\x0e\x0f\x10'
1783,1,892000.0,1.7121279999999999,0.0,0.0,20,4,12,0,True,8,False,False,0,b'\x00\x01\x02\x03\x04\x05\x06\x07\x08\t\n\x0b\x0c\r\x0e\x0f\x10'
1784,2,892001.5,1.7121279999999999,0.0,0.0,20,4,12,0,True,8,False,False,0,b'\x00\x01\x02\x03\x04\x05\x06\x07\x08\t\n\x0b\x0c\r\x0e\x0f\x10'
1785,1,893000.0,1.7121279999999999,0.0,0.0,20,4,12,0,True,8,False,False,0,b'\x00\x01\x02\x03\x04\x05\x06\x07\x08\t\n\x0b\x0c\r\x0e\x0f\x10'
1786,2,893001.5,1.7121279999999999,0.0,0.0,20,4,12,0,True,8,False,False,0,b'\x00\x01\x02\x03\x04\x05\x06\x07\x08\t\n\x0b\x0c\r\x0e\x0f\x10'
1787,1,894000.0,1.7121279999999999,0.0,0.0,20,4,12,0,True,8,False,False,0,b'\x00\x01\x02\x03\x04\x05\x06\x07\x08\t\n\x0b\x0c\r\x0e\x0f\x10'
1788,2,894001.5,1.7121279999999999,0.0,0.0,20,4,12,0,True,8,False,False,0,b'\x00\x01\x02\x03\x04\x05\x06\x07\x08\t\n\x0b\x0c\r\x0e\x0f\x10'
1789,1,895000.0,1.7121279999999999,0.0,0.0,20,4,12,0,True,8,False,False,0,b'\x00\x01\x02\x03\x04\x05\x06\x07\x08\t\n\x0b\x0c\r\x0e\x0f\x10'
1790,2,895001.5,1.7121279999999999,0.0,0.0,20,4,12,0,True,8,False,False,0,b'\x00\x01\x02\x03\x04\x05\x06\x07\x08\t\n\x0b\x0c\r\x0e\x0f\x10'
1791,1,896000.0,1.7121279999999999,0.0,0.0,20,4,12,0,True,8,False,False,0,b'\x00\x01\x02\x03\x04\x05\x06\x07\x08\t\n\x0b\x0c\r\x0e\x0f\x10'
1792,2,896001.5,1.7121279999999999,0.0,0.0,20,4,12,0,True,8,False,False,0,b'\x00\x01\x02\x03\x04\x05\x06\x07\x08\t\n\x0b\x0c\r\x0e\x0f\x10'
1793,1,897000.0,1.7121279999999999,0.0,0.0,20,4,12,0,True,8,False,False,0,b'\x00\x01\x02\x03\x04\x05\x06\x07\x08\t\n\x0b\x0c\r\x0e\x0f\x10'
1794,2,897001.5,1.7121279999999999,0.0,0.0,20,4,12,0,True,8,False,False,0,b'\x00\x01\x02\x03\x04\x05\x06\x07\x08\t\n\x0b\x0c\r\x0e\x0f\x10'
1795,1,898000.0,1.7121279999999999,0.0,0.0,20,4,12,0,True,8,False,False,0,b'\x00\x01\x02\x03\x04\x05\x06\x07\x08\t\n\x0b\x0c\r\x0e\x0f\x10'
1796,2,898001.5,1.7121279999999999,0.0,0.0,20,4,12,0,True,8,False,False,0,b'\x00\x01\x02\x03\x04\x05\x06\x07\x08\t\n\x0b\x0c\r\x0e\x0f\x10'
1797,1,899000.0,1.7121279999999999,0.0,0.0,20,4,12,0,True,8,False,False,0,b'\x00\x01\x02\x03\x04\x05\x06\x07\x08\t\n\x0b\x0c\r\x0e\x0f\x10'
1798,2,899001.5,1.7121279999999999,0.0,0.0,20,4,12,0,True,8,False,False,0,b'\x00\x01\x02\x03\x04\x05\x06\x07\x08\t\n\x0b\x0c\r\x0e\x0f\x10'
1799,1,900000.0,1.7121279999999999,0.0,0.0,20,4,12,0,True,8,False,False,0,b'\x00\x01\x02\x03\x04\x05\x06\x07\x08\t\n\x0b\x0c\r\x0e\x0f\x10'
1800,2,900001.5,1.7121279999999999,0.0,0.0,20,4,12,0,True,8,False,False,0,b'\x00\x01\x02\x03\x04\x05\x06\x07\x08\t\n\x0b\x0c\r\x0e\x0f\x10'
1801,1,901000.0,1.7121279999999999,0.0,0.0,20,4,12,0,True,8,False,False,0,b'\x00\x01\x02\x03\x04\x05\x06\x07\x08\t\n\x0b\x0c\r\x0e\x0f\x10'
1802,2,901001.5,1.7121279999999999,0.0,0.0,20,4,12,0,True,8,False,False,0,b'\x00\x01\x02\x03\x04\x05\x06\x07\x08\t\n\x0b\x0c\r\x0e\x0f\x10'
1803,1,902000.0,1.7121279999999999,0.0,0.0,20,4,12,0,True,8,False,False,0,b'\x00\x01\x02\x03\x04\x05\x06\x07\x08\t\n\x0b\x0c\r\x0e\x0f\x10'
1804,2,902001.5,1.7121279999999999,0.0,0.0,20,4,12,0,True,8,False,False,0,b'\x00\x01\x02\x03\x04\x05\x06\x07\x08\t\n\x0b\x0c\r\x0e\x0f\x10'
1805,1,903000.0,1.7121279999999999,0.0,0.0,20,4,12,0,True,8,False,False,0,b'\x00\x01\x02\x03\x04\x05\x06\x07\x08\t\n\x0b\x0c\r\x0e\x0f\x10'
1806,2,903001.5,1.7121279999999999,0.0,0.0,20,4,12,0,True,8,False,False,0,b'\x00\x01\x02\x03\x04\x05\x06\x07\x08\t\n\x0b\x0c\r\x0e\x0f\x10'
1807,1,904000.0,1.7121279999999999,0.0,0.0,20,4,12,0,True,8,False,False,0,b'\x00\x01\x02\x03\x04\x05\x06\x07\x08\t\n\x0b\x0c\r\x0e\x0f\x10'
1808,2,904001.5,1.7121279999999999,0.0,0.0,20,4,12,0,True,8,False,False,0,b'\x00\x01\x02\x03\x04\x05\x06\x07\x08\t\n\x0b\x0c\r\x0e\x0f\x10'
1809,1,905000.0,1.7121279999999999,0.0,0.0,20,4,12,0,True,8,False,False,0,b'\x00\x01\x02\x03\x04\x05\x06\x07\x08\t\n\x0b\x0c\r\x0e\x0f\x10'
1810,2,905001.5,1.7121279999999999,0.0,0.0,20,4,12,0,True,8,False,False,0,b'\x00\x01\x02\x03\x04\x05\x06\x07\x08\t\n\x0b\x0c\r\x0e\x0f\x10'
1811,1,906000.0,1.7121279999999999,0.0,0.0,20,4,12,0,True,8,False,False,0,b'\x00\x01\x02\x03\x04\x05\x06\x07\x08\t\n\x0b\x0c\r\x0e\x0f\x10'
1812,2,906001.5,1.7121279999999999,0.0,0.0,20,4,12,0,True,8,False,False,0,b'\x00\x01\x02\x03\x04\x05\x06\x07\x08\t\n\x0b\x0c\r\x0e\x0f\x10'
1813,1,907000.0,1.7121279999999999,0.0,0.0,20,4,12,0,True,8,False,False,0,b'\x00\x01\x02\x03\x04\x05\x06\x07\x08\t\n\x0b\x0c\r\x0e\x0f\x10'
1814,2,907001.5,1.7121279999999999,0.0,0.0,20,4,12,0,True,8,False,False,0,b'\x00\x01\x02\x03\x04\x05\x06\x07\x08\t\n\x0b\x0c\r\x0e\x0f\x10'
1815,1,908000.0,1.7121279999999999,0.0,0.0,20,4,12,0,True,8,False,False,0,b'\x00\x01\x02\x03\x04\x05\x06\x07\x08\t\n\x0b\x0c\r\x0e\x0f\x10'
1816,2,908001.5,1.7121279999999999,0.0,0.0,20,4,12,0,True,8,False,False,0,b'\x00\x01\x02\x03\x04\x05\x06\x07\x08\t\n\x0b\x0c\r\x0e\x0f\x10'
1817,1,909000.0,1.7121279999999999,0.0,0.0,20,4,12,0,True,8,False,False,0,b'\x00\x01\x02\x03\x04\x05\x06\x07\x08\t\n\x0b\x0c\r\x0e\x0f\x10'
1818,2,909001.5,1.7121279999999999,0.0,0.0,20,4,12,0,True,8,False,False,0,b'\x00\x01\x02\x03\x04\x05\x06\x07\x08\t\n\x0b\x0c\r\x0e\x0f\x10'
1819,1,910000.0,1.7121279999999999,0.0,0.0,20,4,12,0,True,8,False,False,0,b'\x00\x01\x02\x03\x04\x05\x06\x07\x08\t\n\x0b\x0c\r\x0e\x0f\x10'
1820,2,910001.5,1.7121279999999999,0.0,0.0,20,4,12,0,True,8,False,False,0,b'\x00\x01\x02\x03\x04\x05\x06\x07\x08\t\n\x0b\x0c\r\x0e\x0f\x10'
1821,1,911000.0,1.7121279999999999,0.0,0.0,20,4,12,0,True,8,False,False,0,b'\x00\x01\x02\x03\x04\x05\x06\x07\x08\t\n\x0b\x0c\r\x0e\x0f\x10'
1822,2,911001.5,1.7121279999999999,0.0,0.0,20,4,12,0,True,8,False,False,0,b'\x00\x01\x02\x03\x04\x05\x06\x07\x08\t\n\x0b\x0c\r\x0e\x0f\x10'
1823,1,912000.0,1.7121279999999999,0.0,0.0,20,4,12,0,True,8,False,False,0,b'\x00\x01\x02\x03\x04\x05\x06\x07\x08\t\n\x0b\x0c\r\x0e\x0f\x10'
1824,2,912001.5,1.7121279999999999,0.0,0.0,20,4,12,0,True,8,False,False,0,b'\x00\x01\x02\x03\x04\x05\x06\x07\x08\t\n\x0b\x0c\r\x0e\x0f\x10'
1825,1,913000.0,1.7121279999999999,0.0,0.0,20,4,12,0,True,8,False,False,0,b'\x00\x01\x02\x03\x04\x05\x06\x07\x08\t\n\x0b\x0c\r\x0e\x0f\x10'
1826,2,913001.5,1.7121279999999999,0.0,0.0,20,4,12,0,True,8,False,False,0,b'\x00\x01\x02\x03\x04\x05\x06\x07\x08\t\n\x0b\x0c\r\x0e\x0f\x10'
1827,1,914000.0,1.7121279999999999,0.0,0.0,20,4,12,0,True,8,False,False,0,b'\x00\x01\x02\x03\x04\x05\x06\x07\x08\t\n\x0b\x0c\r\x0e\x0f\x10'
1828,2,914001.5,1.7121279999999999,0.0,0.0,20,4,12,0,True,8,False,False,0,b'\x00\x01\x02\x03\x04\x05\x06\x07\x08\t\n\x0b\x0c\r\x0e\x0f\x10'
1829,1,915000.0,1.7121279999999999,0.0,0.0,20,4,12,0,True,8,False,False,0,b'\x00\x01\x02\x03\x04\x05\x06\x07\x08\t\n\x0b\x0c\r\x0e\x0f\x10'
1830,2,915001.5,1.7121279999999999,0.0,0.0,20,4,12,0,True,8,False,False,0,b'\x00\x01\x02\x03\x04\x05\x06\x07\x08\t\n\x0b\x0c\r\x0e\x0f\x10'
1831,1,916000.0,1.7121279999999999,0.0,0.0,20,4,12,0,True,8,False,False,0,b'\x00\x01\x02\x03\x04\x05\x06\x07\x08\t\n\x0b\x0c\r\x0e\x0f\x10'
1832,2,916001.5,1.7121279999999999,0.0,0.0,20,4,12,0,True,8,False,False,0,b'\x00\x01\x02\x03\x04\x05\x06\x07\x08\t\n\x0b\x0c\r\x0e\x0f\x10'
1833,1,917000.0,1.7121279999999999,0.0,0.0,20,4,12,0,True,8,False,False,0,b'\x00\x01\x02\x03\x04\x05\x06\x07\x08\t\n\x0b\x0c\r\x0e\x0f\x10'
1834,2,917001.5,1.7121279999999999,0.0,0.0,20,4,12,0,True,8,False,False,0,b'\x00\x01\x02\x03\x04\x05\x06\x07\x08\t\n\x0b\x0c\r\x0e\x0f\x10'
1835,1,918000.0,1.7121279999999999,0.0,0.0,20,4,12,0,True,8,False,False,0,b'\x00\x01\x02\x03\x04\x05\x06\x07\x08\t\n\x0b\x0c\r\x0e\x0f\x10'
1836,2,918001.5,1.7121279999999999,0.0,0.0,20,4,12,0,True,8,False,False,0,b'\x00\x01\x02\x03\x04\x05\x06\x07\x08\t\n\x0b\x0c\r\x0e\x0f\x10'
1837,1,919000.0,1.7121279999999999,0.0,0.0,20,4,12,0,True,8,False,False,0,b'\x00\x01\x02\x03\x04\x05\x06\x07\x08\t\n\x0b\x0c\r\x0e\x0f\x10'
1838,2,919001.5,1.7121279999999999,0.0,0.0,20,4,12,0,True,8,False,False,0,b'\x00\x01\x02\x03\x04\x05\x06\x07\x08\t\n\x0b\x0c\r\x0e\x0f\x10'
1839,1,920000.0,1.7121279999999999,0.0,0.0,20,4,12,0,True,8,False,False,0,b'\x00\x01\x02\x03\x04\x05\x06\x07\x08\t\n\x0b\x0c\r\x0e\x0f\x10'
1840,2,920001.5,1.7121279999999999,0.0,0.0,20,4,12,0,True,8,False,False,0,b'\x00\x01\x02\x03\x04\x05\x06\x07\x08\t\n\x0b\x0c\r\x0e\x0f\x10'
1841,1,921000.0,1.7121279999999999,0.0,0.0,20,4,12,0,True,8,False,False,0,b'\x00\x01\x02\x03\x04\x05\x06\x07\x08\t\n\x0b\x0c\r\x0e\x0f\x10'
1842,2,921001.5,1.7121279999999999,0.0,0.0,20,4,12,0,True,8,False,False,0,b'\x00\x01\x02\x03\x04\x05\x06\x07\x08\t\n\x0b\x0c\r\x0e\x0f\x10'
1843,1,922000.0,1.7121279999999999,0.0,0.0,20,4,12,0,True,8,False,False,0,b'\x00\x01\x02\x03\x04\x05\x06\x07\x08\t\n\x0b\x0c\r\x0e\x0f\x10'
1844,2,922001.5,1.7121279999999999,0.0,0.0,20,4,12,0,True,8,False,False,0,b'\x00\x01\x02\x03\x04\x05\x06\x07\x08\t\n\x0b\x0c\r\x0e\x0f\x10'
1845,1,923000.0,1.7121279999999999,0.0,0.0,20,4,12,0,True,8,False,False,0,b'\x00\x01\x02\x03\x04\x05\x06\x07\x08\t\n\x0b\x0c\r\x0e\x0f\x10'
1846,2,923001.5,1.7121279999999999,0.0,0.0,20,4,12,0,True,8,False,False,0,b'\x00\x01\x02\x03\x04\x05\x06\x07\x08\t\n\x0b\x0c\r\x0e\x0f\x10'
1847,1,924000.0,1.7121279999999999,0.0,0.0,20,4,12,0,True,8,False,False,0,b'\x00\x01\x02\x03\x04\x05\x06\x07\x08\t\n\x0b\x0c\r\x0e\x0f\x10'
1848,2,924001.5,1.7121279999999999,0.0,0.0,20,4,12,0,True,8,False,False,0,b'\x00\x01\x02\x03\x04\x05\x06\x07\x08\t\n\x0b\x0c\r\x0e\x0f\x10'
1849,1,925000.0,1.7121279999999999,0.0,0.0,20,4,12,0,True,8,False,False,0,b'\x00\x01\x02\x03\x04\x05\x06\x07\x08\t\n\x0b\x0c\r\x0e\x0f\x10'
1850,2,925001.5,1.7121279999999999,0.0,0.0,20,4,12,0,True,8,False,False,0,b'\x00\x01\x02\x03\x04\x05\x06\x07\x08\t\n\x0b\x0c\r\x0e\x0f\x10'
1851,1,926000.0,1.7121279999999999,0.0,0.0,20,4,12,0,True,8,False,False,0,b'\x00\x01\x02\x03\x04\x05\x06\x07\x08\t\n\x0b\x0c\r\x0e\x0f\x10'
1852,2,926001.5,1.7121279999999999,0.0,0.0,20,4,12,0,True,8,False,False,0,b'\x00\x01\x02\x03\x04\x05\x06\x07\x08\t\n\x0b\x0c\r\x0e\x0f\x10'
1853,1,927000.0,1.7121279999999999,0.0,0.0,20,4,12,0,True,8,False,False,0,b'\x00\x01\x02\x03\x04\x05\x06\x07\x08\t\n\x0b\x0c\r\x0e\x0f\x10'
1854,2,927001.5,1.7121279999999999,0.0,0.0,20,4,12,0,True,8,False,False,0,b'\x00\x01\x02\x03\x04\x05\x06\x07\x08\t\n\x0b\x0c\r\x0e\x0f\x10'
1855,1,928000.0,1.7121279999999999,0.0,0.0,20,4,12,0,True,8,False,False,0,b'\x00\x01\x02\x03\x04\x05\x06\x07\x08\t\n\x0b\x0c\r\x0e\x0f\x10'
1856,2,928001.5,1.7121279999999999,0.0,0.0,20,4,12,0,True,8,False,False,0,b'\x00\x01\x02\x03\x04\x05\x06\x07\x08\t\n\x0b\x0c\r\x0e\x0f\x10'
1857,1,929000.0,1.7121279999999999,0.0,0.0,20,4,12,0,True,8,False,False,0,b'\x00\x01\x02\x03\x04\x05\x06\x07\x08\t\n\x0b\x0c\r\x0e\x0f\x10'
1858,2,929001.5,1.7121279999999999,0.0,0.0,20,4,12,0,True,8,False,False,0,b'\x00\x01\x02\x03\x04\x05\x06\x07\x08\t\n\x0b\x0c\r\x0e\x0f\x10'
1859,1,930000.0,1.7121279999999999,0.0,0.0,20,4,12,0,True,8,False,False,0,b'\x00\x01\x02\x03\x04\x05\x06\x07\x08\t\n\x0b\x0c\r\x0e\x0f\x10'
1860,2,930001.5,1.7121279999999999,0.0,0.0,20,4,12,0,True,8,False,False,0,b'\x00\x01\x02\x03\x04\x05\x06\x07\x08\t\n\x0b\x0c\r\x0e\x0f\x10'
1861,1,931000.0,1.7121279999999999,0.0,0.0,20,4,12,0,True,8,False,False,0,b'\x00\x01\x02\x03\x04\x05\x06\x07\x08\t\n\x0b\x0c\r\x0e\x0f\x10'
1862,2,931001.5,1.7121279999999999,0.0,0.0,20,4,12,0,True,8,False,False,0,b'\x00\x01\x02\x03\x04\x05\x06\x07\x08\t\n\x0b\x0c\r\x0e\x0f\x10'
1863,1,932000.0,1.7121279999999999,0.0,0.0,20,4,12,0,True,8,False,False,0,b'\x00\x01\x02\x03\x04\x05\x06\x07\x08\t\n\x0b\x0c\r\x0e\x0f\x10'
1864,2,932001.5,1.7121279999999999,0.0,0.0,20,4,12,0,True,8,False,False,0,b'\x00\x01\x02\x03\x04\x05\x06\x07\x08\t\n\x0b\x0c\r\x0e\x0f\x10'
1865,1,933000.0,1.7121279999999999,0.0,0.0,20,4,12,0,True,8,False,False,0,b'\x00\x01\x02\x03\x04\x05\x06\x07\x08\t\n\x0b\x0c\r\x0e\x0f\x10'
1866,2,933001.5,1.7121279999999999,0.0,0.0,20,4,12,0,True,8,False,False,0,b'\x00\x01\x02\x03\x04\x05\x06\x07\x08\t\n\x0b\x0c\r\x0e\x0f\x10'
1867,1,934000.0,1.7121279999999999,0.0,0.0,20,4,12,0,True,8,False,False,0,b'\x00\x01\x02\x03\x04\x05\x06\x07\x08\t\n\x0b\x0c\r\x0e\x0f\x10'
1868,2,934001.5,1.7121279999999999,0.0,0.0,20,4,12,0,True,8,False,False,0,b'\x00\x01\x02\x03\x04\x05\x06\x07\x08\t\n\x0b\x0c\r\x0e\x0f\x10'
1869,1,935000.0,1.7121279999999999,0.0,0.0,20,4,12,0,True,8,False,False,0,b'\x00\x01\x02\x03\x04\x05\x06\x07\x08\t\n\x0b\x0c\r\x0e\x0f\x10'
1870,2,935001.5,1.7121279999999999,0.0,0.0,20,4,12,0,True,8,False,False,0,b'\x00\x01\x02\x03\x04\x05\x06\x07\x08\t\n\x0b\x0c\r\x0e\x0f\x10'
1871,1,936000.0,1.7121279999999999,0.0,0.0,20,4,12,0,True,8,False,False,0,b'\x00\x01\x02\x03\x04\x05\x06\x07\x08\t\n\x0b\x0c\r\x0e\x0f\x10'
1872,2,936001.5,1.7121279999999999,0.0,0.0,20,4,12,0,True,8,False,False,0,b'\x00\x01\x02\x03\x04\x05\x06\x07\x08\t\n\x0b\x0c\r\x0e\x0f\x10'
1873,1,937000.0,1.7121279999999999,0.0,0.0,20,4,12,0,True,8,False,False,0,b'\x00\x01\x02\x03\x04\x05\x06\x07\x08\t\n\x0b\x0c\r\x0e\x0f\x10'
1874,2,937001.5,1.7121279999999999,0.0,0.0,20,4,12,0,True,8,False,False,0,b'\x00\x01\x02\x03\x04\x05\x06\x07\x08\t\n\x0b\x0c\r\x0e\x0f\x10'
1875,1,938000.0,1.7121279999999999,0.0,0.0,20,4,12,0,True,8,False,False,0,b'\x00\x01\x02\x03\x04\x05\x06\x07\x08\t\n\x0b\x0c\r\x0e\x0f\x10'
1876,2,938001.5,1.7121279999999999,0.0,0.0,20,4,12,0,True,8,False,False,0,b'\x00\x01\x02\x03\x04\x05\x06\x07\x08\t\n\x0b\x0c\r\x0e\x0f\x10'
1877,1,939000.0,1.7121279999999999,0.0,0.0,20,4,12,0,True,8,False,False,0,b'\x00\x01\x02\x03\x04\x05\x06\x07\x08\t\n\x0b\x0c\r\x0e\x0f\x10'
1878,2,939001.5,1.7121279999999999,0.0,0.0,20,4,12,0,True,8,False,False,0,b'\x00\x01\x02\x03\x04\x05\x06\x07\x08\t\n\x0b\x0c\r\x0e\x0f\x10'
1879,1,940000.0,1.7121279999999999,0.0,0.0,20,4,12,0,True,8,False,False,0,b'\x00\x01\x02\x03\x04\x05\x06\x07\x08\t\n\x0b\x0c\r\x0e\x0f\x10'
1880,2,940001.5,1.7121279999999999,0.0,0.0,20,4,12,0,True,8,False,False,0,b'\x00\x01\x02\x03\x04\x05\x06\x07\x08\t\n\x0b\x0c\r\x0e\x0f\x10'
1881,1,941000.0,1.7121279999999999,0.0,0.0,20,4,12,0,True,8,False,False,0,b'\x00\x01\x02\x03\x04\x05\x06\x07\x08\t\n\x0b\x0c\r\x0e\x0f\x10'
1882,2,941001.5,1.7121279999999999,0.0,0.0,20,4,12,0,True,8,False,False,0,b'\x00\x01\x02\x03\x04\x05\x06\x07\x08\t\n\x0b\x0c\r\x0e\x0f\x10'
1883,1,942000.0,1.7121279999999999,0.0,0.0,20,4,12,0,True,8,False,False,0,b'\x00\x01\x02\x03\x04\x05\x06\x07\x08\t\n\x0b\x0c\r\x0e\x0f\x10'
1884,2,942001.5,1.7121279999999999,0.0,0.0,20,4,12,0,True,8,False,False,0,b'\x00\x01\x02\x03\x04\x05\x06\x07\x08\t\n\x0b\x0c\r\x0e\x0f\x10'
1885,1,943000.0,1.7121279999999999,0.0,0.0,20,4,12,0,True,8,False,False,0,b'\x00\x01\x02\x03\x04\x05\x06\x07\x08\t\n\x0b\x0c\r\x0e\x0f\x10'
1886,2,943001.5,1.7121279999999999,0.0,0.0,20,4,12,0,True,8,False,False,0,b'\x00\x01\x02\x03\x04\x05\x06\x07\x08\t\n\x0b\x0c\r\x0e\x0f\x10'
1887,1,944000.0,1.7121279999999999,0.0,0.0,20,4,12,0,True,8,False,False,0,b'\x00\x01\x02\x03\x04\x05\x06\x07\x08\t\n\x0b\x0c\r\x0e\x0f\x10'
1888,2,944001.5,1.7121279999999999,0.0,0.0,20,4,12,0,True,8,False,False,0,b'\x00\x01\x02\x03\x04\x05\x06\x07\x08\t\n\x0b\x0c\r\x0e\x0f\x10'
1889,1,945000.0,1.7121279999999999,0.0,0.0,20,4,12,0,True,8,False,False,0,b'\x00\x01\x02\x03\x04\x05\x06\x07\x08\t\n\x0b\x0c\r\x0e\x0f\x10'
1890,2,945001.5,1.7121279999999999,0.0,0.0,20,4,12,0,True,8,False,False,0,b'\x00\x01\x02\x03\x04\x05\x06\x07\x08\t\n\x0b\x0c\r\x0e\x0f\x10'
1891,1,946000.0,1.7121279999999999,0.0,0.0,20,4,12,0,True,8,False,False,0,b'\x00\x01\x02\x03\x04\x05\x06\x07\x08\t\n\x0b\x0c\r\x0e\x0f\x10'
1892,2,946001.5,1.7121279999999999,0.0,0.0,20,4,12,0,True,8,False,False,0,b'\x00\x01\x02\x03\x04\x05\x06\x07\x08\t\n\x0b\x0c\r\x0e\x0f\x10'
1893,1,947000.0,1.7121279999999999,0.0,0.0,20,4,12,0,True,8,False,False,0,b'\x00\x01\x02\x03\x04\x05\x06\x07\x08\t\n\x0b\x0c\r\x0e\x0f\x10'
1894,2,947001.5,1.7121279999999999,0.0,0.0,20,4,12,0,True,8,False,False,0,b'\x00\x01\x02\x03\x04\x05\x06\x07\x08\t\n\x0b\x0c\r\x0e\x0f\x10'
1895,1,948000.0,1.7121279999999999,0.0,0.0,20,4,12,0,True,8,False,False,0,b'\x00\x01\x02\x03\x04\x05\x06\x07\x08\t\n\x0b\x0c\r\x0e\x0f\x10'
1896,2,948001.5,1.7121279999999999,0.0,0.0,20,4,12,0,True,8,False,False,0,b'\x00\x01\x02\x03\x04\x05\x06\x07\x08\t\n\x0b\x0c\r\x0e\x0f\x10'
1897,1,949000.0,1.7121279999999999,0.0,0.0,20,4,12,0,True,8,False,False,0,b'\x00\x01\x02\x03\x04\x05\x06\x07\x08\t\n\x0b\x0c\r\x0e\x0f\x10'
1898,2,949001.5,1.7121279999999999,0.0,0.0,20,4,12,0,True,8,False,False,0,b'\x00\x01\x02\x03\x04\x05\x06\x07\x08\t\n\x0b\x0c\r\x0e\x0f\x10'
1899,1,950000.0,1.7121279999999999,0.0,0.0,20,4,12,0,True,8,False,False,0,b'\x00\x01\x02\x03\x04\x05\x06\x07\x08\t\n\x0b\x0c\r\x0e\x0f\x10'
1900,2,950001.5,1.7121279999999999,0.0,0.0,20,4,12,0,True,8,False,False,0,b'\x00\x01\x02\x03\x04\x05\x06\x07\x08\t\n\x0b\x0c\r\x0e\x0f\x10'
1901,1,951000.0,1.7121279999999999,0.0,0.0,20,4,12,0,True,8,False,False,0,b'\x00\x01\x02\x03\x04\x05\x06\x07\x08\t\n\x0b\x0c\r\x0e\x0f\x10'
1902,2,951001.5,1.7121279999999999,0.0,0.0,20,4,12,0,True,8,False,False,0,b'\x00\x01\x02\x03\x04\x05\x06\x07\x08\t\n\x0b\x0c\r\x0e\x0f\x10'
1903,1,952000.0,1.7121279999999999,0.0,0.0,20,4,12,0,True,8,False,False,0,b'\x00\x01\x02\x03\x04\x05\x06\x07\x08\t\n\x0b\x0c\r\x0e\x0f\x10'
1904,2,952001.5,1.7121279999999999,0.0,0.0,20,4,12,0,True,8,False,False,0,b'\x00\x01\x02\x03\x04\x05\x06\x07\x08\t\n\x0b\x0c\r\x0e\x0f\x10'
1905,1,953000.0,1.7121279999999999,0.0,0.0,20,4,12,0,True,8,False,False,0,b'\x00\x01\x02\x03\x04\x05\x06\x07\x08\t\n\x0b\x0c\r\x0e\x0f\x10'
1906,2,953001.5,1.7121279999999999,0.0,0.0,20,4,12,0,True,8,False,False,0,b'\x00\x01\x02\x03\x04\x05\x06\x07\x08\t\n\x0b\x0c\r\x0e\x0f\x10'
1907,1,954000.0,1.7121279999999999,0.0,0.0,20,4,12,0,True,8,False,False,0,b'\x00\x01\x02\x03\x04\x05\x06\x07\x08\t\n\x0b\x0c\r\x0e\x0f\x10'
1908,2,954001.5,1.7121279999999999,0.0,0.0,20,4,12,0,True,8,False,False,0,b'\x00\x01\x02\x03\x04\x05\x06\x07\x08\t\n\x0b\x0c\r\x0e\x0f\x10'
1909,1,955000.0,1.7121279999999999,0.0,0.0,20,4,12,0,True,8,False,False,0,b'\x00\x01\x02\x03\x04\x05\x06\x07\x08\t\n\x0b\x0c\r\x0e\x0f\x10'
1910,2,955001.5,1.7121279999999999,0.0,0.0,20,4,12,0,True,8,False,False,0,b'\x00\x01\x02\x03\x04\x05\x06\x07\x08\t\n\x0b\x0c\r\x0e\x0f\x10'
1911,1,956000.0,1.7121279999999999,0.0,0.0,20,4,12,0,True,8,False,False,0,b'\x00\x01\x02\x03\x04\x05\x06\x07\x08\t\n\x0b\x0c\r\x0e\x0f\x10'
1912,2,956001.5,1.7121279999999999,0.0,0.0,20,4,12,0,True,8,False,False,0,b'\x00\x01\x02\x03\x04\x05\x06\x07\x08\t\n\x0b\x0c\r\x0e\x0f\x10'
1913,1,957000.0,1.7121279999999999,0.0,0.0,20,4,12,0,True,8,False,False,0,b'\x00\x01\x02\x03\x04\x05\x06\x07\x08\t\n\x0b\x0c\r\x0e\x0f\x10'
1914,2,957001.5,1.7121279999999999,0.0,0.0,20,4,12,0,True,8,False,False,0,b'\x00\x01\x02\x03\x04\x05\x06\x07\x08\t\n\x0b\x0c\r\x0e\x0f\x10'
1915,1,958000.0,1.7121279999999999,0.0,0.0,20,4,12,0,True,8,False,False,0,b'\x00\x01\x02\x03\x04\x05\x06\x07\x08\t\n\x0b\x0c\r\x0e\x0f\x10'
1916,2,958001.5,1.7121279999999999,0.0,0.0,20,4,12,0,True,8,False,False,0,b'\x00\x01\x02\x03\x04\x05\x06\x07\x08\t\n\x0b\x0c\r\x0e\x0f\x10'
1917,1,959000.0,1.7121279999999999,0.0,0.0,20,4,12,0,True,8,False,False,0,b'\x00\x01\x02\x03\x04\x05\x06\x07\x08\t\n\x0b\x0c\r\x0e\x0f\x10'
1918,2,959001.5,1.7121279999999999,0.0,0.0,20,4,12,0,True,8,False,False,0,b'\x00\x01\x02\x03\x04\x05\x06\x07\x08\t\n\x0b\x0c\r\x0e\x0f\x10'
1919,1,960000.0,1.7121279999999999,0.0,0.0,20,4,12,0,True,8,False,False,0,b'\x00\x01\x02\x03\x04\x05\x06\x07\x08\t\n\x0b\x0c\r\x0e\x0f\x10'
1920,2,960001.5,1.7121279999999999,0.0,0.0,20,4,12,0,True,8,False,False,0,b'\x00\x01\x02\x03\x04\x05\x06\x07\x08\t\n\x0b\x0c\r\x0e\x0f\x10'
1921,1,961000.0,1.7121279999999999,0.0,0.0,20,4,12,0,True,8,False,False,0,b'\x00\x01\x02\x03\x04\x05\x06\x07\x08\t\n\x0b\x0c\r\x0e\x0f\x10'
1922,2,961001.5,1.7121279999999999,0.0,0.0,20,4,12,0,True,8,False,False,0,b'\x00\x01\x02\x03\x04\x05\x06\x07\x08\t\n\x0b\x0c\r\x0e\x0f\x10'
1923,1,962000.0,1.7121279999999999,0.0,0.0,20,4,12,0,True,8,False,False,0,b'\x00\x01\x02\x03\x04\x05\x06\x07\x08\t\n\x0b\x0c\r\x0e\x0f\x10'
1924,2,962001.5,1.7121279999999999,0.0,0.0,20,4,12,0,True,8,False,False,0,b'\x00\x01\x02\x03\x04\x05\x06\x07\x08\t\n\x0b\x0c\r\x0e\x0f\x10'
1925,1,963000.0,1.7121279999999999,0.0,0.0,20,4,12,0,True,8,False,False,0,b'\x00\x01\x02\x03\x04\x05\x06\x07\x08\t\n\x0b\x0c\r\x0e\x0f\x10'
1926,2,963001.5,1.7121279999999999,0.0,0.0,20,4,12,0,True,8,False,False,0,b'\x00\x01\x02\x03\x04\x05\x06\x07\x08\t\n\x0b\x0c\r\x0e\x0f\x10'
1927,1,964000.0,1.7121279999999999,0.0,0.0,20,4,12,0,True,8,False,False,0,b'\x00\x01\x02\x03\x04\x05\x06\x07\x08\t\n\x0b\x0c\r\x0e\x0f\x10'
1928,2,964001.5,1.7121279999999999,0.0,0.0,20,4,12,0,True,8,False,False,0,b'\x00\x01\x02\x03\x04\x05\x06\x07\x08\t\n\x0b\x0c\r\x0e\x0f\x10'
1929,1,965000.0,1.7121279999999999,0.0,0.0,20,4,12,0,True,8,False,False,0,b'\x00\x01\x02\x03\x04\x05\x06\x07\x08\t\n\x0b\x0c\r\x0e\x0f\x10'
1930,2,965001.5,1.7121279999999999,0.0,0.0,20,4,12,0,True,8,False,False,0,b'\x00\x01\x02\x03\x04\x05\x06\x07\x08\t\n\x0b\x0c\r\x0e\x0f\x10'
1931,1,966000.0,1.7121279999999999,0.0,0.0,20,4,12,0,True,8,False,False,0,b'\x00\x01\x02\x03\x04\x05\x06\x07\x08\t\n\x0b\x0c\r\x0e\x0f\x10'
1932,2,966001.5,1.7121279999999999,0.0,0.0,20,4,12,0,True,8,False,False,0,b'\x00\x01\x02\x03\x04\x05\x06\x07\x08\t\n\x0b\x0c\r\x0e\x0f\x10'
1933,1,967000.0,1.7121279999999999,0.0,0.0,20,4,12,0,True,8,False,False,0,b'\x00\x01\x02\x03\x04\x05\x06\x07\x08\t\n\x0b\x0c\r\x0e\x0f\x10'
1934,2,967001.5,1.7121279999999999,0.0,0.0,20,4,12,0,True,8,False,False,0,b'\x00\x01\x02\x03\x04\x05\x06\x07\x08\t\n\x0b\x0c\r\x0e\x0f\x10'
1935,1,968000.0,1.7121279999999999,0.0,0.0,20,4,12,0,True,8,False,False,0,b'\x00\x01\x02\x03\x04\x05\x06\x07\x08\t\n\x0b\x0c\r\x0e\x0f\x10'
1936,2,968001.5,1.7121279999999999,0.0,0.0,20,4,12,0,True,8,False,False,0,b'\x00\x01\x02\x03\x04\x05\x06\x07\x08\t\n\x0b\x0c\r\x0e\x0f\x10'
1937,1,969000.0,1.7121279999999999,0.0,0.0,20,4,12,0,True,8,False,False,0,b'\x00\x01\x02\x03\x04\x05\x06\x07\x08\t\n\x0b\x0c\r\x0e\x0f\x10'
1938,2,969001.5,1.7121279999999999,0.0,0.0,20,4,12,0,True,8,False,False,0,b'\x00\x01\x02\x03\x04\x05\x06\x07\x08\t\n\x0b\x0c\r\x0e\x0f\x10'
1939,1,970000.0,1.7121279999999999,0.0,0.0,20,4,12,0,True,8,False,False,0,b'\x00\x01\x02\x03\x04\x05\x06\x07\x08\t\n\x0b\x0c\r\x0e\x0f\x10'
1940,2,970001.5,1.7121279999999999,0.0,0.0,20,4,12,0,True,8,False,False,0,b'\x00\x01\x02\x03\x04\x05\x06\x07\x08\t\n\x0b\x0c\r\x0e\x0f\x10'
1941,1,971000.0,1.7121279999999999,0.0,0.0,20,4,12,0,True,8,False,False,0,b'\x00\x01\x02\x03\x04\x05\x06\x07\x08\t\n\x0b\x0c\r\x0e\x0f\x10'
1942,2,971001.5,1.7121279999999999,0.0,0.0,20,4,12,0,True,8,False,False,0,b'\x00\x01\x02\x03\x04\x05\x06\x07\x08\t\n\x0b\x0c\r\x0e\x0f\x10'
1943,1,972000.0,1.7121279999999999,0.0,0.0,20,4,12,0,True,8,False,False,0,b'\x00\x01\x02\x03\x04\x05\x06\x07\x08\t\n\x0b\x0c\r\x0e\x0f\x10'
1944,2,972001.5,1.7121279999999999,0.0,0.0,20,4,12,0,True,8,False,False,0,b'\x00\x01\x02\x03\x04\x05\x06\x07\x08\t\n\x0b\x0c\r\x0e\x0f\x10'
1945,1,973000.0,1.7121279999999999,0.0,0.0,20,4,12,0,True,8,False,False,0,b'\x00\x01\x02\x03\x04\x05\x06\x07\x08\t\n\x0b\x0c\r\x0e\x0f\x10'
1946,2,973001.5,1.7121279999999999,0.0,0.0,20,4,12,0,True,8,False,False,0,b'\x00\x01\x02\x03\x04\x05\x06\x07\x08\t\n\x0b\x0c\r\x0e\x0f\x10'
1947,1,974000.0,1.7121279999999999,0.0,0.0,20,4,12,0,True,8,False,False,0,b'\x00\x01\x02\x03\x04\x05\x06\x07\x08\t\n\x0b\x0c\r\x0e\x0f\x10'
1948,2,974001.5,1.7121279999999999,0.0,0.0,20,4,12,0,True,8,False,False,0,b'\x00\x01\x02\x03\x04\x05\x06\x07\x08\t\n\x0b\x0c\r\x0e\x0f\x10'
1949,1,975000.0,1.7121279999999999,0.0,0.0,20,4,12,0,True,8,False,False,0,b'\x00\x01\x02\x03\x04\x05\x06\x07\x08\t\n\x0b\x0c\r\x0e\x0f\x10'
1950,2,975001.5,1.7121279999999999,0.0,0.0,20,4,12,0,True,8,False,False,0,b'\x00\x01\x02\x03\x04\x05\x06\x07\x08\t\n\x0b\x0c\r\x0e\x0f\x10'
1951,1,976000.0,1.7121279999999999,0.0,0.0,20,4,12,0,True,8,False,False,0,b'\x00\x01\x02\x03\x04\x05\x06\x07\x08\t\n\x0b\x0c\r\x0e\x0f\x10'
1952,2,976001.5,1.7121279999999999,0.0,0.0,20,4,12,0,True,8,False,False,0,b'\x00\x01\x02\x03\x04\x05\x06\x07\x08\t\n\x0b\x0c\r\x0e\x0f\x10'
1953,1,977000.0,1.7121279999999999,0.0,0.0,20,4,12,0,True,8,False,False,0,b'\x00\x01\x02\x03\x04\x05\x06\x07\x08\t\n\x0b\x0c\r\x0e\x0f\x10'
1954,2,977001.5,1.7121279999999999,0.0,0.0,20,4,12,0,True,8,False,False,0,b'\x00\x01\x02\x03\x04\x05\x06\x07\x08\t\n\x0b\x0c\r\x0e\x0f\x10'
1955,1,978000.0,1.7121279999999999,0.0,0.0,20,4,12,0,True,8,False,False,0,b'\x00\x01\x02\x03\x04\x05\x06\x07\x08\t\n\x0b\x0c\r\x0e\x0f\x10'
1956,2,978001.5,1.7121279999999999,0.0,0.0,20,4,12,0,True,8,False,False,0,b'\x00\x01\x02\x03\x04\x05\x06\x07\x08\t\n\x0b\x0c\r\x0e\x0f\x10'
1957,1,979000.0,1.7121279999999999,0.0,0.0,20,4,12,0,True,8,False,False,0,b'\x00\x01\x02\x03\x04\x05\x06\x07\x08\t\n\x0b\x0c\r\x0e\x0f\x10'
1958,2,979001.5,1.7121279999999999,0.0,0.0,20,4,12,0,True,8,False,False,0,b'\x00\x01\x02\x03\x04\x05\x06\x07\x08\t\n\x0b\x0c\r\x0e\x0f\x10'
1959,1,980000.0,1.7121279999999999,0.0,0.0,20,4,12,0,True,8,False,False,0,b'\x00\x01\x02\x03\x04\x05\x06\x07\x08\t\n\x0b\x0c\r\x0e\x0f\x10'
1960,2,980001.5,1.7121279999999999,0.0,0.0,20,4,12,0,True,8,False,False,0,b'\x00\x01\x02\x03\x04\x05\x06\x07\x08\t\n\x0b\x0c\r\x0e\x0f\x10'
1961,1,981000.0,1.7121279999999999,0.0,0.0,20,4,12,0,True,8,False,False,0,b'\x00\x01\x02\x03\x04\x05\x06\x07\x08\t\n\x0b\x0c\r\x0e\x0f\x10'
1962,2,981001.5,1.7121279999999999,0.0,0.0,20,4,12,0,True,8,False,False,0,b'\x00\x01\x02\x03\x04\x05\x06\x07\x08\t\n\x0b\x0c\r\x0e\x0f\x10'
1963,1,982000.0,1.7121279999999999,0.0,0.0,20,4,12,0,True,8,False,False,0,b'\x00\x01\x02\x03\x04\x05\x06\x07\x08\t\n\x0b\x0c\r\x0e\x0f\x10'
1964,2,982001.5,1.7121279999999999,0.0,0.0,20,4,12,0,True,8,False,False,0,b'\x00\x01\x02\x03\x04\x05\x06\x07\x08\t\n\x0b\x0c\r\x0e\x0f\x10'
1965,1,983000.0,1.7121279999999999,0.0,0.0,20,4,12,0,True,8,False,False,0,b'\x00\x01\x02\x03\x04\x05\x06\x07\x08\t\n\x0b\x0c\r\x0e\x0f\x10'
1966,2,983001.5,1.7121279999999999,0.0,0.0,20,4,12,0,True,8,False,False,0,b'\x00\x01\x02\x03\x04\x05\x06\x07\x08\t\n\x0b\x0c\r\x0e\x0f\x10'
1967,1,984000.0,1.7121279999999999,0.0,0.0,20,4,12,0,True,8,False,False,0,b'\x00\x01\x02\x03\x04\x05\x06\x07\x08\t\n\x0b\x0c\r\x0e\x0f\x10'
1968,2,984001.5,1.7121279999999999,0.0,0.0,20,4,12,0,True,8,False,False,0,b'\x00\x01\x02\x03\x04\x05\x06\x07\x08\t\n\x0b\x0c\r\x0e\x0f\x10'
1969,1,985000.0,1.7121279999999999,0.0,0.0,20,4,12,0,True,8,False,False,0,b'\x00\x01\x02\x03\x04\x05\x06\x07\x08\t\n\x0b\x0c\r\x0e\x0f\x10'
1970,2,985001.5,1.7121279999999999,0.0,0.0,20,4,12,0,True,8,False,False,0,b'\x00\x01\x02\x03\x04\x05\x06\x07\x08\t\n\x0b\x0c\r\x0e\x0f\x10'
1971,1,986000.0,1.7121279999999999,0.0,0.0,20,4,12,0,True,8,False,False,0,b'\x00\x01\x02\x03\x04\x05\x06\x07\x08\t\n\x0b\x0c\r\x0e\x0f\x10'
1972,2,986001.5,1.7121279999999999,0.0,0.0,20,4,12,0,True,8,False,False,0,b'\x00\x01\x02\x03\x04\x05\x06\x07\x08\t\n\x0b\x0c\r\x0e\x0f\x10'
1973,1,987000.0,1.7121279999999999,0.0,0.0,20,4,12,0,True,8,False,False,0,b'\x00\x01\x02\x03\x04\x05\x06\x07\x08\t\n\x0b\x0c\r\x0e\x0f\x10'
1974,2,987001.5,1.7121279999999999,0.0,0.0,20,4,12,0,True,8,False,False,0,b'\x00\x01\x02\x03\x04\x05\x06\x07\x08\t\n\x0b\x0c\r\x0e\x0f\x10'
1975,1,988000.0,1.7121279999999999,0.0,0.0,20,4,12,0,True,8,False,False,0,b'\x00\x01\x02\x03\x04\x05\x06\x07\x08\t\n\x0b\x0c\r\x0e\x0f\x10'
1976,2,988001.5,1.7121279999999999,0.0,0.0,20,4,12,0,True,8,False,False,0,b'\x00\x01\x02\x03\x04\x05\x06\x07\x08\t\n\x0b\x0c\r\x0e\x0f\x10'
1977,1,989000.0,1.7121279999999999,0.0,0.0,20,4,12,0,True,8,False,False,0,b'\x00\x01\x02\x03\x04\x05\x06\x07\x08\t\n\x0b\x0c\r\x0e\x0f\x10'
1978,2,989001.5,1.7121279999999999,0.0,0.0,20,4,12,0,True,8,False,False,0,b'\x00\x01\x02\x03\x04\x05\x06\x07\x08\t\n\x0b\x0c\r\x0e\x0f\x10'
1979,1,990000.0,1.7121279999999999,0.0,0.0,20,4,12,0,True,8,False,False,0,b'\x00\x01\x02\x03\x04\x05\x06\x07\x08\t\n\x0b\x0c\r\x0e\x0f\x10'
1980,2,990001.5,1.7121279999999999,0.0,0.0,20,4,12,0,True,8,False,False,0,b'\x00\x01\x02\x03\x04\x05\x06\x07\x08\t\n\x0b\x0c\r\x0e\x0f\x10'
1981,1,991000.0,1.7121279999999999,0.0,0.0,20,4,12,0,True,8,False,False,0,b'\x00\x01\x02\x03\x04\x05\x06\x07\x08\t\n\x0b\x0c\r\x0e\x0f\x10'
1982,2,991001.5,1.7121279999999999,0.0,0.0,20,4,12,0,True,8,False,False,0,b'\x00\x01\x02\x03\x04\x05\x06\x07\x08\t\n\x0b\x0c\r\x0e\x0f\x10'
1983,1,992000.0,1.7121279999999999,0.0,0.0,20,4,12,0,True,8,False,False,0,b'\x00\x01\x02\x03\x04\x05\x06\x07\x08\t\n\x0b\x0c\r\x0e\x0f\x10'
1984,2,992001.5,1.7121279999999999,0.0,0.0,20,4,12,0,True,8,False,False,0,b'\x00\x01\x02\x03\x04\x05\x06\x07\x08\t\n\x0b\x0c\r\x0e\x0f\x10'
1985,1,993000.0,1.7121279999999999,0.0,0.0,20,4,12,0,True,8,False,False,0,b'\x00\x01\x02\x03\x04\x05\x06\x07\x08\t\n\x0b\x0c\r\x0e\x0f\x10'
1986,2,993001.5,1.7121279999999999,0.0,0.0,20,4,12,0,True,8,False,False,0,b'\x00\x01\x02\x03\x04\x05\x06\x07\x08\t\n\x0b\x0c\r\x0e\x0f\x10'
1987,1,994000.0,1.7121279999999999,0.0,0.0,20,4,12,0,True,8,False,False,0,b'\x00\x01\x02\x03\x04\x05\x06\x07\x08\t\n\x0b\x0c\r\x0e\x0f\x10'
1988,2,994001.5,1.7121279999999999,0.0,0.0,20,4,12,0,True,8,False,False,0,b'\x00\x01\x02\x03\x04\x05\x06\x07\x08\t\n\x0b\x0c\r\x0e\x0f\x10'
1989,1,995000.0,1.7121279999999999,0.0,0.0,20,4,12,0,True,8,False,False,0,b'\x00\x01\x02\x03\x04\x05\x06\x07\x08\t\n\x0b\x0c\r\x0e\x0f\x10'
1990,2,995001.5,1.7121279999999999,0.0,0.0,20,4,12,0,True,8,False,False,0,b'\x00\x01\x02\x03\x04\x05\x06\x07\x08\t\n\x0b\x0c\r\x0e\x0f\x10'
1991,1,996000.0,1.7121279999999999,0.0,0.0,20,4,12,0,True,8,False,False,0,b'\x00\x01\x02\x03\x04\x05\x06\x07\x08\t\n\x0b\x0c\r\x0e\x0f\x10'
1992,2,996001.5,1.7121279999999999,0.0,0.0,20,4,12,0,True,8,False,False,0,b'\x00\x01\x02\x03\x04\x05\x06\x07\x08\t\n\x0b\x0c\r\x0e\x0f\x10'
1993,1,997000.0,1.7121279999999999,0.0,0.0,20,4,12,0,True,8,False,False,0,b'\x00\x01\x02\x03\x04\x05\x06\x07\x08\t\n\x0b\x0c\r\x0e\x0f\x10'
1994,2,997001.5,1.7121279999999999,0.0,0.0,20,4,12,0,True,8,False,False,0,b'\x00\x01\x02\x03\x04\x05\x06\x07\x08\t\n\x0b\x0c\r\x0e\x0f\x10'
1995,1,998000.0,1.7121279999999999,0.0,0.0,20,4,12,0,True,8,False,False,0,b'\x00\x01\x02\x03\x04\x05\x06\x07\x08\t\n\x0b\x0c\r\x0e\x0f\x10'
1996,2,998001.5,1.7121279999999999,0.0,0.0,20,4,12,0,True,8,False,False,0,b'\x00\x01\x02\x03\x04\x05\x06\x07\x08\t\n\x0b\x0c\r\x0e\x0f\x10'
1997,1,999000.0,1.7121279999999999,0.0,0.0,20,4,12,0,True,8,False,False,0,b'\x00\x01\x02\x03\x04\x05\x06\x07\x08\t\n\x0b\x0c\r\x0e\x0f\x10'
1998,2,999001.5,1.7121279999999999,0.0,0.0,20,4,12,0,True,8,False,False,0,b'\x00\x01\x02\x03\x04\x05\x06\x07\x08\t\n\x0b\x0c\r\x0e\x0f\x10'
1999,1,1000000.0,1.7121279999999999,0.0,0.0,20,4,12,0,True,8,False,False,0,b'\x00\x01\x02\x03\x04\x05\x06\x07\x08\t\n\x0b\x0c\r\x0e\x0f\x10'
2000,2,1000001.5,1.7121279999999999,0.0,0.0,20,4,12,0,True,8,False,False,0,b'\x00\x01\x02\x03\x04\x05\x06\x07\x08\t\n\x0b\x0c\r\x0e\x0f\x10'
2001,1,1001000.0,1.7121279999999999,0.0,0.0,20,4,12,0,True,8,False,False,0,b'\x00\x01\x02\x03\x04\x05\x06\x07\x08\t\n\x0b\x0c\r\x0e\x0f\x10'
2002,2,1001001.5,1.7121279999999999,0.0,0.0,20,4,12,0,True,8,False,False,0,b'\x00\x01\x02\x03\x04\x05\x06\x07\x08\t\n\x0b\x0c\r\x0e\x0f\x10'
2003,1,1002000.0,1.7121279999999999,0.0,0.0,20,4,12,0,True,8,False,False,0,b'\x00\x01\x02\x03\x04\x05\x06\x07\x08\t\n\x0b\x0c\r\x0e\x0f\x10'
2004,2,1002001.5,1.7121279999999999,0.0,0.0,20,4,12,0,True,8,False,False,0,b'\x00\x01\x02\x03\x04\x05\x06\x07\x08\t\n\x0b\x0c\r\x0e\x0f\x10'
2005,1,1003000.0,1.7121279999999999,0.0,0.0,20,4,12,0,True,8,False,False,0,b'\x00\x01\x02\x03\x04\x05\x06\x07\x08\t\n\x0b\x0c\r\x0e\x0f\x10'
2006,2,1003001.5,1.7121279999999999,0.0,0.0,20,4,12,0,True,8,False,False,0,b'\x00\x01\x02\x03\x04\x05\x06\x07\x08\t\n\x0b\x0c\r\x0e\x0f\x10'
2007,1,1004000.0,1.7121279999999999,0.0,0.0,20,4,12,0,True,8,False,False,0,b'\x00\x01\x02\x03\x04\x05\x06\x07\x08\t\n\x0b\x0c\r\x0e\x0f\x10'
2008,2,1004001.5,1.7121279999999999,0.0,0.0,20,4,12,0,True,8,False,False,0,b'\x00\x01\x02\x03\x04\x05\x06\x07\x08\t\n\x0b\x0c\r\x0e\x0f\x10'
2009,1,1005000.0,1.7121279999999999,0.0,0.0,20,4,12,0,True,8,False,False,0,b'\x00\x01\x02\x03\x04\x05\x06\x07\x08\t\n\x0b\x0c\r\x0e\x0f\x10'
2010,2,1005001.5,1.7121279999999999,0.0,0.0,20,4,12,0,True,8,False,False,0,b'\x00\x01\x02\x03\x04\x05\x06\x07\x08\t\n\x0b\x0c\r\x0e\x0f\x10'
2011,1,1006000.0,1.7121279999999999,0.0,0.0,20,4,12,0,True,8,False,False,0,b'\x00\x01\x02\x03\x04\x05\x06\x07\x08\t\n\x0b\x0c\r\x0e\x0f\x10'
2012,2,1006001.5,1.7121279999999999,0.0,0.0,20,4,12,0,True,8,False,False,0,b'\x00\x01\x02\x03\x04\x05\x06\x07\x08\t\n\x0b\x0c\r\x0e\x0f\x10'
2013,1,1007000.0,1.7121279999999999,0.0,0.0,20,4,12,0,True,8,False,False,0,b'\x00\x01\x02\x03\x04\x05\x06\x07\x08\t\n\x0b\x0c\r\x0e\x0f\x10'
2014,2,1007001.5,1.7121279999999999,0.0,0.0,20,4,12,0,True,8,False,False,0,b'\x00\x01\x02\x03\x04\x05\x06\x07\x08\t\n\x0b\x0c\r\x0e\x0f\x10'
2015,1,1008000.0,1.7121279999999999,0.0,0.0,20,4,12,0,True,8,False,False,0,b'\x00\x01\x02\x03\x04\x05\x06\x07\x08\t\n\x0b\x0c\r\x0e\x0f\x10'
2016,2,1008001.5,1.7121279999999999,0.0,0.0,20,4,12,0,True,8,False,False,0,b'\x00\x01\x02\x03\x04\x05\x06\x07\x08\t\n\x0b\x0c\r\x0e\x0f\x10'
2017,1,1009000.0,1.7121279999999999,0.0,0.0,20,4,12,0,True,8,False,False,0,b'\x00\x01\x02\x03\x04\x05\x06\x07\x08\t\n\x0b\x0c\r\x0e\x0f\x10'
2018,2,1009001.5,1.7121279999999999,0.0,0.0,20,4,12,0,True,8,False,False,0,b'\x00\x01\x02\x03\x04\x05\x06\x07\x08\t\n\x0b\x0c\r\x0e\x0f\x10'
2019,1,1010000.0,1.7121279999999999,0.0,0.0,20,4,12,0,True,8,False,False,0,b'\x00\x01\x02\x03\x04\x05\x06\x07\x08\t\n\x0b\x0c\r\x0e\x0f\x10'
2020,2,1010001.5,1.7121279999999999,0.0,0.0,20,4,12,0,True,8,False,False,0,b'\x00\x01\x02\x03\x04\x05\x06\x07\x08\t\n\x0b\x0c\r\x0e\x0f\x10'
2021,1,1011000.0,1.7121279999999999,0.0,0.0,20,4,12,0,True,8,False,False,0,b'\x00\x01\x02\x03\x04\x05\x06\x07\x08\t\n\x0b\x0c\r\x0e\x0f\x10'
2022,2,1011001.5,1.7121279999999999,0.0,0.0,20,4,12,0,True,8,False,False,0,b'\x00\x01\x02\x03\x04\x05\x06\x07\x08\t\n\x0b\x0c\r\x0e\x0f\x10'
2023,1,1012000.0,1.7121279999999999,0.0,0.0,20,4,12,0,True,8,False,False,0,b'\x00\x01\x02\x03\x04\x05\x06\x07\x08\t\n\x0b\x0c\r\x0e\x0f\x10'
2024,2,1012001.5,1.7121279999999999,0.0,0.0,20,4,12,0,True,8,False,False,0,b'\x00\x01\x02\x03\x04\x05\x06\x07\x08\t\n\x0b\x0c\r\x0e\x0f\x10'
2025,1,1013000.0,1.7121279999999999,0.0,0.0,20,4,12,0,True,8,False,False,0,b'\x00\x01\x02\x03\x04\x05\x06\x07\x08\t\n\x0b\x0c\r\x0e\x0f\x10'
2026,2,1013001.5,1.7121279999999999,0.0,0.0,20,4,12,0,True,8,False,False,0,b'\x00\x01\x02\x03\x04\x05\x06\x07\x08\t\n\x0b\x0c\r\x0e\x0f\x10'
2027,1,1014000.0,1.7121279999999999,0.0,0.0,20,4,12,0,True,8,False,False,0,b'\x00\x01\x02\x03\x04\x05\x06\x07\x08\t\n\x0b\x0c\r\x0e\x0f\x10'
2028,2,1014001.5,1.7121279999999999,0.0,0.0,20,4,12,0,True,8,False,False,0,b'\x00\x01\x02\x03\x04\x05\x06\x07\x08\t\n\x0b\x0c\r\x0e\x0f\x10'
2029,1,1015000.0,1.7121279999999999,0.0,0.0,20,4,12,0,True,8,False,False,0,b'\x00\x01\x02\x03\x04\x05\x06\x07\x08\t\n\x0b\x0c\r\x0e\x0f\x10'
2030,2,1015001.5,1.7121279999999999,0.0,0.0,20,4,12,0,True,8,False,False,0,b'\x00\x01\x02\x03\x04\x05\x06\x07\x08\t\n\x0b\x0c\r\x0e\x0f\x10'
2031,1,1016000.0,1.7121279999999999,0.0,0.0,20,4,12,0,True,8,False,False,0,b'\x00\x01\x02\x03\x04\x05\x06\x07\x08\t\n\x0b\x0c\r\x0e\x0f\x10'
2032,2,1016001.5,1.7121279999999999,0.0,0.0,20,4,12,0,True,8,False,False,0,b'\x00\x01\x02\x03\x04\x05\x06\x07\x08\t\n\x0b\x0c\r\x0e\x0f\x10'
2033,1,1017000.0,1.7121279999999999,0.0,0.0,20,4,12,0,True,8,False,False,0,b'\x00\x01\x02\x03\x04\x05\x06\x07\x08\t\n\x0b\x0c\r\x0e\x0f\x10'
2034,2,1017001.5,1.7121279999999999,0.0,0.0,20,4,12,0,True,8,False,False,0,b'\x00\x01\x02\x03\x04\x05\x06\x07\x08\t\n\x0b\x0c\r\x0e\x0f\x10'
2035,1,1018000.0,1.7121279999999999,0.0,0.0,20,4,12,0,True,8,False,False,0,b'\x00\x01\x02\x03\x04\x05\x06\x07\x08\t\n\x0b\x0c\r\x0e\x0f\x10'
2036,2,1018001.5,1.7121279999999999,0.0,0.0,20,4,12,0,True,8,False,False,0,b'\x00\x01\x02\x03\x04\x05\x06\x07\x08\t\n\x0b\x0c\r\x0e\x0f\x10'
2037,1,1019000.0,1.7121279999999999,0.0,0.0,20,4,12,0,True,8,False,False,0,b'\x00\x01\x02\x03\x04\x05\x06\x07\x08\t\n\x0b\x0c\r\x0e\x0f\x10'
2038,2,1019001.5,1.7121279999999999,0.0,0.0,20,4,12,0,True,8,False,False,0,b'\x00\x01\x02\x03\x04\x05\x06\x07\x08\t\n\x0b\x0c\r\x0e\x0f\x10'
2039,1,1020000.0,1.7121279999999999,0.0,0.0,20,4,12,0,True,8,False,False,0,b'\x00\x01\x02\x03\x04\x05\x06\x07\x08\t\n\x0b\x0c\r\x0e\x0f\x10'
2040,2,1020001.5,1.7121279999999999,0.0,0.0,20,4,12,0,True,8,False,False,0,b'\x00\x01\x02\x03\x04\x05\x06\x07\x08\t\n\x0b\x0c\r\x0e\x0f\x10'
2041,1,1021000.0,1.7121279999999999,0.0,0.0,20,4,12,0,True,8,False,False,0,b'\x00\x01\x02\x03\x04\x05\x06\x07\x08\t\n\x0b\x0c\r\x0e\x0f\x10'
2042,2,1021001.5,1.7121279999999999,0.0,0.0,20,4,12,0,True,8,False,False,0,b'\x00\x01\x02\x03\x04\x05\x06\x07\x08\t\n\x0b\x0c\r\x0e\x0f\x10'
2043,1,1022000.0,1.7121279999999999,0.0,0.0,20,4,12,0,True,8,False,False,0,b'\x00\x01\x02\x03\x04\x05\x06\x07\x08\t\n\x0b\x0c\r\x0e\x0f\x10'
2044,2,1022001.5,1.7121279999999999,0.0,0.0,20,4,12,0,True,8,False,False,0,b'\x00\x01\x02\x03\x04\x05\x06\x07\x08\t\n\x0b\x0c\r\x0e\x0f\x10'
2045,1,1023000.0,1.7121279999999999,0.0,0.0,20,4,12,0,True,8,False,False,0,b'\x00\x01\x02\x03\x04\x05\x06\x07\x08\t\n\x0b\x0c\r\x0e\x0f\x10'
2046,2,1023001.5,1.7121279999999999,0.0,0.0,20,4,12,0,True,8,False,False,0,b'\x00\x01\x02\x03\x04\x05\x06\x07\x08\t\n\x0b\x0c\r\x0e\x0f\x10'
2047,1,1024000.0,1.7121279999999999,0.0,0.0,20,4,12,0,True,8,False,False,0,b'\x00\x01\x02\x03\x04\x05\x06\x07\x08\t\n\x0b\x0c\r\x0e\x0f\x10'
2048,2,1024001.5,1.7121279999999999,0.0,0.0,20,4,12,0,True,8,False,False,0,b'\x00\x01\x02\x03\x04\x05\x06\x07\x08\t\n\x0b\x0c\r\x0e\x0f\x10'
2049,1,1025000.0,1.7121279999999999,0.0,0.0,20,4,12,0,True,8,False,False,0,b'\x00\x01\x02\x03\x04\x05\x06\x07\x08\t\n\x0b\x0c\r\x0e\x0f\x10'
2050,2,1025001.5,1.7121279999999999,0.0,0.0,20,4,12,0,True,8,False,False,0,b'\x00\x01\x02\x03\x04\x05\x06\x07\x08\t\n\x0b\x0c\r\x0e\x0f\x10'
2051,1,1026000.0,1.7121279999999999,0.0,0.0,20,4,12,0,True,8,False,False,0,b'\x00\x01\x02\x03\x04\x05\x06\x07\x08\t\n\x0b\x0c\r\x0e\x0f\x10'
2052,2,1026001.5,1.7121279999999999,0.0,0.0,20,4,12,0,True,8,False,False,0,b'\x00\x01\x02\x03\x04\x05\x06\x07\x08\t\n\x0b\x0c\r\x0e\x0f\x10'
2053,1,1027000.0,1.7121279999999999,0.0,0.0,20,4,12,0,True,8,False,False,0,b'\x00\x01\x02\x03\x04\x05\x06\x07\x08\t\n\x0b\x0c\r\x0e\x0f\x10'
2054,2,1027001.5,1.7121279999999999,0.0,0.0,20,4,12,0,True,8,False,False,0,b'\x00\x01\x02\x03\x04\x05\x06\x07\x08\t\n\x0b\x0c\r\x0e\x0f\x10'
2055,1,1028000.0,1.7121279999999999,0.0,0.0,20,4,12,0,True,8,False,False,0,b'\x00\x01\x02\x03\x04\x05\x06\x07\x08\t\n\x0b\x0c\r\x0e\x0f\x10'
2056,2,1028001.5,1.7121279999999999,0.0,0.0,20,4,12,0,True,8,False,False,0,b'\x00\x01\x02\x03\x04\x05\x06\x07\x08\t\n\x0b\x0c\r\x0e\x0f\x10'
2057,1,1029000.0,1.7121279999999999,0.0,0.0,20,4,12,0,True,8,False,False,0,b'\x00\x01\x02\x03\x04\x05\x06\x07\x08\t\n\x0b\x0c\r\x0e\x0f\x10'
2058,2,1029001.5,1.7121279999999999,0.0,0.0,20,4,12,0,True,8,False,False,0,b'\x00\x01\x02\x03\x04\x05\x06\x07\x08\t\n\x0b\x0c\r\x0e\x0f\x10'
2059,1,1030000.0,1.7121279999999999,0.0,0.0,20,4,12,0,True,8,False,False,0,b'\x00\x01\x02\x03\x04\x05\x06\x07\x08\t\n\x0b\x0c\r\x0e\x0f\x10'
2060,2,1030001.5,1.7121279999999999,0.0,0.0,20,4,12,0,True,8,False,False,0,b'\x00\x01\x02\x03\x04\x05\x06\x07\x08\t\n\x0b\x0c\r\x0e\x0f\x10'
2061,1,1031000.0,1.7121279999999999,0.0,0.0,20,4,12,0,True,8,False,False,0,b'\x00\x01\x02\x03\x04\x05\x06\x07\x08\t\n\x0b\x0c\r\x0e\x0f\x10'
2062,2,1031001.5,1.7121279999999999,0.0,0.0,20,4,12,0,True,8,False,False,0,b'\x00\x01\x02\x03\x04\x05\x06\x07\x08\t\n\x0b\x0c\r\x0e\x0f\x10'
2063,1,1032000.0,1.7121279999999999,0.0,0.0,20,4,12,0,True,8,False,False,0,b'\x00\x01\x02\x03\x04\x05\x06\x07\x08\t\n\x0b\x0c\r\x0e\x0f\x10'
2064,2,1032001.5,1.7121279999999999,0.0,0.0,20,4,12,0,True,8,False,False,0,b'\x00\x01\x02\x03\x04\x05\x06\x07\x08\t\n\x0b\x0c\r\x0e\x0f\x10'
2065,1,1033000.0,1.7121279999999999,0.0,0.0,20,4,12,0,True,8,False,False,0,b'\x00\x01\x02\x03\x04\x05\x06\x07\x08\t\n\x0b\x0c\r\x0e\x0f\x10'
2066,2,1033001.5,1.7121279999999999,0.0,0.0,20,4,12,0,True,8,False,False,0,b'\x00\x01\x02\x03\x04\x05\x06\x07\x08\t\n\x0b\x0c\r\x0e\x0f\x10'
2067,1,1034000.0,1.7121279999999999,0.0,0.0,20,4,12,0,True,8,False,False,0,b'\x00\x01\x02\x03\x04\x05\x06\x07\x08\t\n\x0b\x0c\r\x0e\x0f\x10'
2068,2,1034001.5,1.7121279999999999,0.0,0.0,20,4,12,0,True,8,False,False,0,b'\x00\x01\x02\x03\x04\x05\x06\x07\x08\t\n\x0b\x0c\r\x0e\x0f\x10'
2069,1,1035000.0,1.7121279999999999,0.0,0.0,20,4,12,0,True,8,False,False,0,b'\x00\x01\x02\x03\x04\x05\x06\x07\x08\t\n\x0b\x0c\r\x0e\x0f\x10'
2070,2,1035001.5,1.7121279999999999,0.0,0.0,20,4,12,0,True,8,False,False,0,b'\x00\x01\x02\x03\x04\x05\x06\x07\x08\t\n\x0b\x0c\r\x0e\x0f\x10'
2071,1,1036000.0,1.7121279999999999,0.0,0.0,20,4,12,0,True,8,False,False,0,b'\x00\x01\x02\x03\x04\x05\x06\x07\x08\t\n\x0b\x0c\r\x0e\x0f\x10'
2072,2,1036001.5,1.7121279999999999,0.0,0.0,20,4,12,0,True,8,False,False,0,b'\x00\x01\x02\x03\x04\x05\x06\x07\x08\t\n\x0b\x0c\r\x0e\x0f\x10'
2073,1,1037000.0,1.7121279999999999,0.0,0.0,20,4,12,0,True,8,False,False,0,b'\x00\x01\x02\x03\x04\x05\x06\x07\x08\t\n\x0b\x0c\r\x0e\x0f\x10'
2074,2,1037001.5,1.7121279999999999,0.0,0.0,20,4,12,0,True,8,False,False,0,b'\x00\x01\x02\x03\x04\x05\x06\x07\x08\t\n\x0b\x0c\r\x0e\x0f\x10'
2075,1,1038000.0,1.7121279999999999,0.0,0.0,20,4,12,0,True,8,False,False,0,b'\x00\x01\x02\x03\x04\x05\x06\x07\x08\t\n\x0b\x0c\r\x0e\x0f\x10'
2076,2,1038001.5,1.7121279999999999,0.0,0.0,20,4,12,0,True,8,False,False,0,b'\x00\x01\x02\x03\x04\x05\x06\x07\x08\t\n\x0b\x0c\r\x0e\x0f\x10'
2077,1,1039000.0,1.7121279999999999,0.0,0.0,20,4,12,0,True,8,False,False,0,b'\x00\x01\x02\x03\x04\x05\x06\x07\x08\t\n\x0b\x0c\r\x0e\x0f\x10'
2078,2,1039001.5,1.7121279999999999,0.0,0.0,20,4,12,0,True,8,False,False,0,b'\x00\x01\x02\x03\x04\x05\x06\x07\x08\t\n\x0b\x0c\r\x0e\x0f\x10'
2079,1,1040000.0,1.7121279999999999,0.0,0.0,20,4,12,0,True,8,False,False,0,b'\x00\x01\x02\x03\x04\x05\x06\x07\x08\t\n\x0b\x0c\r\x0e\x0f\x10'
2080,2,1040001.5,1.7121279999999999,0.0,0.0,20,4,12,0,True,8,False,False,0,b'\x00\x01\x02\x03\x04\x05\x06\x07\x08\t\n\x0b\x0c\r\x0e\x0f\x10'
2081,1,1041000.0,1.7121279999999999,0.0,0.0,20,4,12,0,True,8,False,False,0,b'\x00\x01\x02\x03\x04\x05\x06\x07\x08\t\n\x0b\x0c\r\x0e\x0f\x10'
2082,2,1041001.5,1.7121279999999999,0.0,0.0,20,4,12,0,True,8,False,False,0,b'\x00\x01\x02\x03\x04\x05\x06\x07\x08\t\n\x0b\x0c\r\x0e\x0f\x10'
2083,1,1042000.0,1.7121279999999999,0.0,0.0,20,4,12,0,True,8,False,False,0,b'\x00\x01\x02\x03\x04\x05\x06\x07\x08\t\n\x0b\x0c\r\x0e\x0f\x10'
2084,2,1042001.5,1.7121279999999999,0.0,0.0,20,4,12,0,True,8,False,False,0,b'\x00\x01\x02\x03\x04\x05\x06\x07\x08\t\n\x0b\x0c\r\x0e\x0f\x10'
2085,1,1043000.0,1.7121279999999999,0.0,0.0,20,4,12,0,True,8,False,False,0,b'\x00\x01\x02\x03\x04\x05\x06\x07\x08\t\n\x0b\x0c\r\x0e\x0f\x10'
2086,2,1043001.5,1.7121279999999999,0.0,0.0,20,4,12,0,True,8,False,False,0,b'\x00\x01\x02\x03\x04\x05\x06\x07\x08\t\n\x0b\x0c\r\x0e\x0f\x10'
2087,1,1044000.0,1.7121279999999999,0.0,0.0,20,4,12,0,True,8,False,False,0,b'\x00\x01\x02\x03\x04\x05\x06\x07\x08\t\n\x0b\x0c\r\x0e\x0f\x10'
2088,2,1044001.5,1.7121279999999999,0.0,0.0,20,4,12,0,True,8,False,False,0,b'\x00\x01\x02\x03\x04\x05\x06\x07\x08\t\n\x0b\x0c\r\x0e\x0f\x10'
2089,1,1045000.0,1.7121279999999999,0.0,0.0,20,4,12,0,True,8,False,False,0,b'\x00\x01\x02\x03\x04\x05\x06\x07\x08\t\n\x0b\x0c\r\x0e\x0f\x10'
2090,2,1045001.5,1.7121279999999999,0.0,0.0,20,4,12,0,True,8,False,False,0,b'\x00\x01\x02\x03\x04\x05\x06\x07\x08\t\n\x0b\x0c\r\x0e\x0f\x10'
2091,1,1046000.0,1.7121279999999999,0.0,0.0,20,4,12,0,True,8,False,False,0,b'\x00\x01\x02\x03\x04\x05\x06\x07\x08\t\n\x0b\x0c\r\x0e\x0f\x10'
2092,2,1046001.5,1.7121279999999999,0.0,0.0,20,4,12,0,True,8,False,False,0,b'\x00\x01\x02\x03\x04\x05\x06\x07\x08\t\n\x0b\x0c\r\x0e\x0f\x10'
2093,1,1047000.0,1.7121279999999999,0.0,0.0,20,4,12,0,True,8,False,False,0,b'\x00\x01\x02\x03\x04\x05\x06\x07\x08\t\n\x0b\x0c\r\x0e\x0f\x10'
2094,2,1047001.5,1.7121279999999999,0.0,0.0,20,4,12,0,True,8,False,False,0,b'\x00\x01\x02\x03\x04\x05\x06\x07\x08\t\n\x0b\x0c\r\x0e\x0f\x10'
2095,1,1048000.0,1.7121279999999999,0.0,0.0,20,4,12,0,True,8,False,False,0,b'\x00\x01\x02\x03\x04\x05\x06\x07\x08\t\n\x0b\x0c\r\x0e\x0f\x10'
2096,2,1048001.5,1.7121279999999999,0.0,0.0,20,4,12,0,True,8,False,False,0,b'\x00\x01\x02\x03\x04\x05\x06\x07\x08\t\n\x0b\x0c\r\x0e\x0f\x10'
2097,1,1049000.0,1.7121279999999999,0.0,0.0,20,4,12,0,True,8,False,False,0,b'\x00\x01\x02\x03\x04\x05\x06\x07\x08\t\n\x0b\x0c\r\x0e\x0f\x10'
2098,2,1049001.5,1.7121279999999999,0.0,0.0,20,4,12,0,True,8,False,False,0,b'\x00\x01\x02\x03\x04\x05\x06\x07\x08\t\n\x0b\x0c\r\x0e\x0f\x10'
2099,1,1050000.0,1.7121279999999999,0.0,0.0,20,4,12,0,True,8,False,False,0,b'\x00\x01\x02\x03\x04\x05\x06\x07\x08\t\n\x0b\x0c\r\x0e\x0f\x10'
2100,2,1050001.5,1.7121279999999999,0.0,0.0,20,4,12,0,True,8,False,False,0,b'\x00\x01\x02\x03\x04\x05\x06\x07\x08\t\n\x0b\x0c\r\x0e\x0f\x10'
2101,1,1051000.0,1.7121279999999999,0.0,0.0,20,4,12,0,True,8,False,False,0,b'\x00\x01\x02\x03\x04\x05\x06\x07\x08\t\n\x0b\x0c\r\x0e\x0f\x10'
2102,2,1051001.5,1.7121279999999999,0.0,0.0,20,4,12,0,True,8,False,False,0,b'\x00\x01\x02\x03\x04\x05\x06\x07\x08\t\n\x0b\x0c\r\x0e\x0f\x10'
2103,1,1052000.0,1.7121279999999999,0.0,0.0,20,4,12,0,True,8,False,False,0,b'\x00\x01\x02\x03\x04\x05\x06\x07\x08\t\n\x0b\x0c\r\x0e\x0f\x10'
2104,2,1052001.5,1.7121279999999999,0.0,0.0,20,4,12,0,True,8,False,False,0,b'\x00\x01\x02\x03\x04\x05\x06\x07\x08\t\n\x0b\x0c\r\x0e\x0f\x10'
2105,1,1053000.0,1.7121279999999999,0.0,0.0,20,4,12,0,True,8,False,False,0,b'\x00\x01\x02\x03\x04\x05\x06\x07\x08\t\n\x0b\x0c\r\x0e\x0f\x10'
2106,2,1053001.5,1.7121279999999999,0.0,0.0,20,4,12,0,True,8,False,False,0,b'\x00\x01\x02\x03\x04\x05\x06\x07\x08\t\n\x0b\x0c\r\x0e\x0f\x10'
2107,1,1054000.0,1.7121279999999999,0.0,0.0,20,4,12,0,True,8,False,False,0,b'\x00\x01\x02\x03\x04\x05\x06\x07\x08\t\n\x0b\x0c\r\x0e\x0f\x10'
2108,2,1054001.5,1.7121279999999999,0.0,0.0,20,4,12,0,True,8,False,False,0,b'\x00\x01\x02\x03\x04\x05\x06\x07\x08\t\n\x0b\x0c\r\x0e\x0f\x10'
2109,1,1055000.0,1.7121279999999999,0.0,0.0,20,4,12,0,True,8,False,False,0,b'\x00\x01\x02\x03\x04\x05\x06\x07\x08\t\n\x0b\x0c\r\x0e\x0f\x10'
2110,2,1055001.5,1.7121279999999999,0.0,0.0,20,4,12,0,True,8,False,False,0,b'\x00\x01\x02\x03\x04\x05\x06\x07\x08\t\n\x0b\x0c\r\x0e\x0f\x10'
2111,1,1056000.0,1.7121279999999999,0.0,0.0,20,4,12,0,True,8,False,False,0,b'\x00\x01\x02\x03\x04\x05\x06\x07\x08\t\n\x0b\x0c\r\x0e\x0f\x10'
2112,2,1056001.5,1.7121279999999999,0.0,0.0,20,4,12,0,True,8,False,False,0,b'\x00\x01\x02\x03\x04\x05\x06\x07\x08\t\n\x0b\x0c\r\x0e\x0f\x10'
2113,1,1057000.0,1.7121279999999999,0.0,0.0,20,4,12,0,True,8,False,False,0,b'\x00\x01\x02\x03\x04\x05\x06\x07\x08\t\n\x0b\x0c\r\x0e\x0f\x10'
2114,2,1057001.5,1.7121279999999999,0.0,0.0,20,4,12,0,True,8,False,False,0,b'\x00\x01\x02\x03\x04\x05\x06\x07\x08\t\n\x0b\x0c\r\x0e\x0f\x10'
2115,1,1058000.0,1.7121279999999999,0.0,0.0,20,4,12,0,True,8,False,False,0,b'\x00\x01\x02\x03\x04\x05\x06\x07\x08\t\n\x0b\x0c\r\x0e\x0f\x10'
2116,2,1058001.5,1.7121279999999999,0.0,0.0,20,4,12,0,True,8,False,False,0,b'\x00\x01\x02\x03\x04\x05\x06\x07\x08\t\n\x0b\x0c\r\x0e\x0f\x10'
2117,1,1059000.0,1.7121279999999999,0.0,0.0,20,4,12,0,True,8,False,False,0,b'\x00\x01\x02\x03\x04\x05\x06\x07\x08\t\n\x0b\x0c\r\x0e\x0f\x10'
2118,2,1059001.5,1.7121279999999999,0.0,0.0,20,4,12,0,True,8,False,False,0,b'\x00\x01\x02\x03\x04\x05\x06\x07\x08\t\n\x0b\x0c\r\x0e\x0f\x10'
2119,1,1060000.0,1.7121279999999999,0.0,0.0,20,4,12,0,True,8,False,False,0,b'\x00\x01\x02\x03\x04\x05\x06\x07\x08\t\n\x0b\x0c\r\x0e\x0f\x10'
2120,2,1060001.5,1.7121279999999999,0.0,0.0,20,4,12,0,True,8,False,False,0,b'\x00\x01\x02\x03\x04\x05\x06\x07\x08\t\n\x0b\x0c\r\x0e\x0f\x10'
2121,1,1061000.0,1.7121279999999999,0.0,0.0,20,4,12,0,True,8,False,False,0,b'\x00\x01\x02\x03\x04\x05\x06\x07\x08\t\n\x0b\x0c\r\x0e\x0f\x10'
2122,2,1061001.5,1.7121279999999999,0.0,0.0,20,4,12,0,True,8,False,False,0,b'\x00\x01\x02\x03\x04\x05\x06\x07\x08\t\n\x0b\x0c\r\x0e\x0f\x10'
2123,1,1062000.0,1.7121279999999999,0.0,0.0,20,4,12,0,True,8,False,False,0,b'\x00\x01\x02\x03\x04\x05\x06\x07\x08\t\n\x0b\x0c\r\x0e\x0f\x10'
2124,2,1062001.5,1.7121279999999999,0.0,0.0,20,4,12,0,True,8,False,False,0,b'\x00\x01\x02\x03\x04\x05\x06\x07\x08\t\n\x0b\x0c\r\x0e\x0f\x10'
2125,1,1063000.0,1.7121279999999999,0.0,0.0,20,4,12,0,True,8,False,False,0,b'\x00\x01\x02\x03\x04\x05\x06\x07\x08\t\n\x0b\x0c\r\x0e\x0f\x10'
2126,2,1063001.5,1.7121279999999999,0.0,0.0,20,4,12,0,True,8,False,False,0,b'\x00\x01\x02\x03\x04\x05\x06\x07\x08\t\n\x0b\x0c\r\x0e\x0f\x10'
2127,1,1064000.0,1.7121279999999999,0.0,0.0,20,4,12,0,True,8,False,False,0,b'\x00\x01\x02\x03\x04\x05\x06\x07\x08\t\n\x0b\x0c\r\x0e\x0f\x10'
2128,2,1064001.5,1.7121279999999999,0.0,0.0,20,4,12,0,True,8,False,False,0,b'\x00\x01\x02\x03\x04\x05\x06\x07\x08\t\n\x0b\x0c\r\x0e\x0f\x10'
2129,1,1065000.0,1.7121279999999999,0.0,0.0,20,4,12,0,True,8,False,False,0,b'\x00\x01\x02\x03\x04\x05\x06\x07\x08\t\n\x0b\x0c\r\x0e\x0f\x10'
2130,2,1065001.5,1.7121279999999999,0.0,0.0,20,4,12,0,True,8,False,False,0,b'\x00\x01\x02\x03\x04\x05\x06\x07\x08\t\n\x0b\x0c\r\x0e\x0f\x10'
2131,1,1066000.0,1.7121279999999999,0.0,0.0,20,4,12,0,True,8,False,False,0,b'\x00\x01\x02\x03\x04\x05\x06\x07\x08\t\n\x0b\x0c\r\x0e\x0f\x10'
2132,2,1066001.5,1.7121279999999999,0.0,0.0,20,4,12,0,True,8,False,False,0,b'\x00\x01\x02\x03\x04\x05\x06\x07\x08\t\n\x0b\x0c\r\x0e\x0f\x10'
2133,1,1067000.0,1.7121279999999999,0.0,0.0,20,4,12,0,True,8,False,False,0,b'\x00\x01\x02\x03\x04\x05\x06\x07\x08\t\n\x0b\x0c\r\x0e\x0f\x10'
2134,2,1067001.5,1.7121279999999999,0.0,0.0,20,4,12,0,True,8,False,False,0,b'\x00\x01\x02\x03\x04\x05\x06\x07\x08\t\n\x0b\x0c\r\x0e\x0f\x10'
2135,1,1068000.0,1.7121279999999999,0.0,0.0,20,4,12,0,True,8,False,False,0,b'\x00\x01\x02\x03\x04\x05\x06\x07\x08\t\n\x0b\x0c\r\x0e\x0f\x10'
2136,2,1068001.5,1.7121279999999999,0.0,0.0,20,4,12,0,True,8,False,False,0,b'\x00\x01\x02\x03\x04\x05\x06\x07\x08\t\n\x0b\x0c\r\x0e\x0f\x10'
2137,1,1069000.0,1.7121279999999999,0.0,0.0,20,4,12,0,True,8,False,False,0,b'\x00\x01\x02\x03\x04\x05\x06\x07\x08\t\n\x0b\x0c\r\x0e\x0f\x10'
2138,2,1069001.5,1.7121279999999999,0.0,0.0,20,4,12,0,True,8,False,False,0,b'\x00\x01\x02\x03\x04\x05\x06\x07\x08\t\n\x0b\x0c\r\x0e\x0f\x10'
2139,1,1070000.0,1.7121279999999999,0.0,0.0,20,4,12,0,True,8,False,False,0,b'\x00\x01\x02\x03\x04\x05\x06\x07\x08\t\n\x0b\x0c\r\x0e\x0f\x10'
2140,2,1070001.5,1.7121279999999999,0.0,0.0,20,4,12,0,True,8,False,False,0,b'\x00\x01\x02\x03\x04\x05\x06\x07\x08\t\n\x0b\x0c\r\x0e\x0f\x10'
2141,1,1071000.0,1.7121279999999999,0.0,0.0,20,4,12,0,True,8,False,False,0,b'\x00\x01\x02\x03\x04\x05\x06\x07\x08\t\n\x0b\x0c\r\x0e\x0f\x10'
2142,2,1071001.5,1.7121279999999999,0.0,0.0,20,4,12,0,True,8,False,False,0,b'\x00\x01\x02\x03\x04\x05\x06\x07\x08\t\n\x0b\x0c\r\x0e\x0f\x10'
2143,1,1072000.0,1.7121279999999999,0.0,0.0,20,4,12,0,True,8,False,False,0,b'\x00\x01\x02\x03\x04\x05\x06\x07\x08\t\n\x0b\x0c\r\x0e\x0f\x10'
2144,2,1072001.5,1.7121279999999999,0.0,0.0,20,4,12,0,True,8,False,False,0,b'\x00\x01\x02\x03\x04\x05\x06\x07\x08\t\n\x0b\x0c\r\x0e\x0f\x10'
2145,1,1073000.0,1.7121279999999999,0.0,0.0,20,4,12,0,True,8,False,False,0,b'\x00\x01\x02\x03\x04\x05\x06\x07\x08\t\n\x0b\x0c\r\x0e\x0f\x10'
2146,2,1073001.5,1.7121279999999999,0.0,0.0,20,4,12,0,True,8,False,False,0,b'\x00\x01\x02\x03\x04\x05\x06\x07\x08\t\n\x0b\x0c\r\x0e\x0f\x10'
2147,1,1074000.0,1.7121279999999999,0.0,0.0,20,4,12,0,True,8,False,False,0,b'\x00\x01\x02\x03\x04\x05\x06\x07\x08\t\n\x0b\x0c\r\x0e\x0f\x10'
2148,2,1074001.5,1.7121279999999999,0.0,0.0,20,4,12,0,True,8,False,False,0,b'\x00\x01\x02\x03\x04\x05\x06\x07\x08\t\n\x0b\x0c\r\x0e\x0f\x10'
2149,1,1075000.0,1.7121279999999999,0.0,0.0,20,4,12,0,True,8,False,False,0,b'\x00\x01\x02\x03\x04\x05\x06\x07\x08\t\n\x0b\x0c\r\x0e\x0f\x10'
2150,2,1075001.5,1.7121279999999999,0.0,0.0,20,4,12,0,True,8,False,False,0,b'\x00\x01\x02\x03\x04\x05\x06\x07\x08\t\n\x0b\x0c\r\x0e\x0f\x10'
2151,1,1076000.0,1.7121279999999999,0.0,0.0,20,4,12,0,True,8,False,False,0,b'\x00\x01\x02\x03\x04\x05\x06\x07\x08\t\n\x0b\x0c\r\x0e\x0f\x10'
2152,2,1076001.5,1.7121279999999999,0.0,0.0,20,4,12,0,True,8,False,False,0,b'\x00\x01\x02\x03\x04\x05\x06\x07\x08\t\n\x0b\x0c\r\x0e\x0f\x10'
2153,1,1077000.0,1.7121279999999999,0.0,0.0,20,4,12,0,True,8,False,False,0,b'\x00\x01\x02\x03\x04\x05\x06\x07\x08\t\n\x0b\x0c\r\x0e\x0f\x10'
2154,2,1077001.5,1.7121279999999999,0.0,0.0,20,4,12,0,True,8,False,False,0,b'\x00\x01\x02\x03\x04\x05\x06\x07\x08\t\n\x0b\x0c\r\x0e\x0f\x10'
2155,1,1078000.0,1.7121279999999999,0.0,0.0,20,4,12,0,True,8,False,False,0,b'\x00\x01\x02\x03\x04\x05\x06\x07\x08\t\n\x0b\x0c\r\x0e\x0f\x10'
2156,2,1078001.5,1.7121279999999999,0.0,0.0,20,4,12,0,True,8,False,False,0,b'\x00\x01\x02\x03\x04\x05\x06\x07\x08\t\n\x0b\x0c\r\x0e\x0f\x10'
2157,1,1079000.0,1.7121279999999999,0.0,0.0,20,4,12,0,True,8,False,False,0,b'\x00\x01\x02\x03\x04\x05\x06\x07\x08\t\n\x0b\x0c\r\x0e\x0f\x10'
2158,2,1079001.5,1.7121279999999999,0.0,0.0,20,4,12,0,True,8,False,False,0,b'\x00\x01\x02\x03\x04\x05\x06\x07\x08\t\n\x0b\x0c\r\x0e\x0f\x10'
2159,1,1080000.0,1.7121279999999999,0.0,0.0,20,4,12,0,True,8,False,False,0,b'\x00\x01\x02\x03\x04\x05\x06\x07\x08\t\n\x0b\x0c\r\x0e\x0f\x10'
2160,2,1080001.5,1.7121279999999999,0.0,0.0,20,4,12,0,True,8,False,False,0,b'\x00\x01\x02\x03\x04\x05\x06\x07\x08\t\n\x0b\x0c\r\x0e\x0f\x10'
2161,1,1081000.0,1.7121279999999999,0.0,0.0,20,4,12,0,True,8,False,False,0,b'\x00\x01\x02\x03\x04\x05\x06\x07\x08\t\n\x0b\x0c\r\x0e\x0f\x10'
2162,2,1081001.5,1.7121279999999999,0.0,0.0,20,4,12,0,True,8,False,False,0,b'\x00\x01\x02\x03\x04\x05\x06\x07\x08\t\n\x0b\x0c\r\x0e\x0f\x10'
2163,1,1082000.0,1.7121279999999999,0.0,0.0,20,4,12,0,True,8,False,False,0,b'\x00\x01\x02\x03\x04\x05\x06\x07\x08\t\n\x0b\x0c\r\x0e\x0f\x10'
2164,2,1082001.5,1.7121279999999999,0.0,0.0,20,4,12,0,True,8,False,False,0,b'\x00\x01\x02\x03\x04\x05\x06\x07\x08\t\n\x0b\x0c\r\x0e\x0f\x10'
2165,1,1083000.0,1.7121279999999999,0.0,0.0,20,4,12,0,True,8,False,False,0,b'\x00\x01\x02\x03\x04\x05\x06\x07\x08\t\n\x0b\x0c\r\x0e\x0f\x10'
2166,2,1083001.5,1.7121279999999999,0.0,0.0,20,4,12,0,True,8,False,False,0,b'\x00\x01\x02\x03\x04\x05\x06\x07\x08\t\n\x0b\x0c\r\x0e\x0f\x10'
2167,1,1084000.0,1.7121279999999999,0.0,0.0,20,4,12,0,True,8,False,False,0,b'\x00\x01\x02\x03\x04\x05\x06\x07\x08\t\n\x0b\x0c\r\x0e\x0f\x10'
2168,2,1084001.5,1.7121279999999999,0.0,0.0,20,4,12,0,True,8,False,False,0,b'\x00\x01\x02\x03\x04\x05\x06\x07\x08\t\n\x0b\x0c\r\x0e\x0f\x10'
2169,1,1085000.0,1.7121279999999999,0.0,0.0,20,4,12,0,True,8,False,False,0,b'\x00\x01\x02\x03\x04\x05\x06\x07\x08\t\n\x0b\x0c\r\x0e\x0f\x10'
2170,2,1085001.5,1.7121279999999999,0.0,0.0,20,4,12,0,True,8,False,False,0,b'\x00\x01\x02\x03\x04\x05\x06\x07\x08\t\n\x0b\x0c\r\x0e\x0f\x10'
2171,1,1086000.0,1.7121279999999999,0.0,0.0,20,4,12,0,True,8,False,False,0,b'\x00\x01\x02\x03\x04\x05\x06\x07\x08\t\n\x0b\x0c\r\x0e\x0f\x10'
2172,2,1086001.5,1.7121279999999999,0.0,0.0,20,4,12,0,True,8,False,False,0,b'\x00\x01\x02\x03\x04\x05\x06\x07\x08\t\n\x0b\x0c\r\x0e\x0f\x10'
2173,1,1087000.0,1.7121279999999999,0.0,0.0,20,4,12,0,True,8,False,False,0,b'\x00\x01\x02\x03\x04\x05\x06\x07\x08\t\n\x0b\x0c\r\x0e\x0f\x10'
2174,2,1087001.5,1.7121279999999999,0.0,0.0,20,4,12,0,True,8,False,False,0,b'\x00\x01\x02\x03\x04\x05\x06\x07\x08\t\n\x0b\x0c\r\x0e\x0f\x10'
2175,1,1088000.0,1.7121279999999999,0.0,0.0,20,4,12,0,True,8,False,False,0,b'\x00\x01\x02\x03\x04\x05\x06\x07\x08\t\n\x0b\x0c\r\x0e\x0f\x10'
2176,2,1088001.5,1.7121279999999999,0.0,0.0,20,4,12,0,True,8,False,False,0,b'\x00\x01\x02\x03\x04\x05\x06\x07\x08\t\n\x0b\x0c\r\x0e\x0f\x10'
2177,1,1089000.0,1.7121279999999999,0.0,0.0,20,4,12,0,True,8,False,False,0,b'\x00\x01\x02\x03\x04\x05\x06\x07\x08\t\n\x0b\x0c\r\x0e\x0f\x10'
2178,2,1089001.5,1.7121279999999999,0.0,0.0,20,4,12,0,True,8,False,False,0,b'\x00\x01\x02\x03\x04\x05\x06\x07\x08\t\n\x0b\x0c\r\x0e\x0f\x10'
2179,1,1090000.0,1.7121279999999999,0.0,0.0,20,4,12,0,True,8,False,False,0,b'\x00\x01\x02\x03\x04\x05\x06\x07\x08\t\n\x0b\x0c\r\x0e\x0f\x10'
2180,2,1090001.5,1.7121279999999999,0.0,0.0,20,4,12,0,True,8,False,False,0,b'\x00\x01\x02\x03\x04\x05\x06\x07\x08\t\n\x0b\x0c\r\x0e\x0f\x10'
2181,1,1091000.0,1.7121279999999999,0.0,0.0,20,4,12,0,True,8,False,False,0,b'\x00\x01\x02\x03\x04\x05\x06\x07\x08\t\n\x0b\x0c\r\x0e\x0f\x10'
2182,2,1091001.5,1.7121279999999999,0.0,0.0,20,4,12,0,True,8,False,False,0,b'\x00\x01\x02\x03\x04\x05\x06\x07\x08\t\n\x0b\x0c\r\x0e\x0f\x10'
2183,1,1092000.0,1.7121279999999999,0.0,0.0,20,4,12,0,True,8,False,False,0,b'\x00\x01\x02\x03\x04\x05\x06\x07\x08\t\n\x0b\x0c\r\x0e\x0f\x10'
2184,2,1092001.5,1.7121279999999999,0.0,0.0,20,4,12,0,True,8,False,False,0,b'\x00\x01\x02\x03\x04\x05\x06\x07\x08\t\n\x0b\x0c\r\x0e\x0f\x10'
2185,1,1093000.0,1.7121279999999999,0.0,0.0,20,4,12,0,True,8,False,False,0,b'\x00\x01\x02\x03\x04\x05\x06\x07\x08\t\n\x0b\x0c\r\x0e\x0f\x10'
2186,2,1093001.5,1.7121279999999999,0.0,0.0,20,4,12,0,True,8,False,False,0,b'\x00\x01\x02\x03\x04\x05\x06\x07\x08\t\n\x0b\x0c\r\x0e\x0f\x10'
2187,1,1094000.0,1.7121279999999999,0.0,0.0,20,4,12,0,True,8,False,False,0,b'\x00\x01\x02\x03\x04\x05\x06\x07\x08\t\n\x0b\x0c\r\x0e\x0f\x10'
2188,2,1094001.5,1.7121279999999999,0.0,0.0,20,4,12,0,True,8,False,False,0,b'\x00\x01\x02\x03\x04\x05\x06\x07\x08\t\n\x0b\x0c\r\x0e\x0f\x10'
2189,1,1095000.0,1.7121279999999999,0.0,0.0,20,4,12,0,True,8,False,False,0,b'\x00\x01\x02\x03\x04\x05\x06\x07\x08\t\n\x0b\x0c\r\x0e\x0f\x10'
2190,2,1095001.5,1.7121279999999999,0.0,0.0,20,4,12,0,True,8,False,False,0,b'\x00\x01\x02\x03\x04\x05\x06\x07\x08\t\n\x0b\x0c\r\x0e\x0f\x10'
2191,1,1096000.0,1.7121279999999999,0.0,0.0,20,4,12,0,True,8,False,False,0,b'\x00\x01\x02\x03\x04\x05\x06\x07\x08\t\n\x0b\x0c\r\x0e\x0f\x10'
2192,2,1096001.5,1.7121279999999999,0.0,0.0,20,4,12,0,True,8,False,False,0,b'\x00\x01\x02\x03\x04\x05\x06\x07\x08\t\n\x0b\x0c\r\x0e\x0f\x10'
2193,1,1097000.0,1.7121279999999999,0.0,0.0,20,4,12,0,True,8,False,False,0,b'\x00\x01\x02\x03\x04\x05\x06\x07\x08\t\n\x0b\x0c\r\x0e\x0f\x10'
2194,2,1097001.5,1.7121279999999999,0.0,0.0,20,4,12,0,True,8,False,False,0,b'\x00\x01\x02\x03\x04\x05\x06\x07\x08\t\n\x0b\x0c\r\x0e\x0f\x10'
2195,1,1098000.0,1.7121279999999999,0.0,0.0,20,4,12,0,True,8,False,False,0,b'\x00\x01\x02\x03\x04\x05\x06\x07\x08\t\n\x0b\x0c\r\x0e\x0f\x10'
2196,2,1098001.5,1.7121279999999999,0.0,0.0,20,4,12,0,True,8,False,False,0,b'\x00\x01\x02\x03\x04\x05\x06\x07\x08\t\n\x0b\x0c\r\x0e\x0f\x10'
2197,1,1099000.0,1.7121279999999999,0.0,0.0,20,4,12,0,True,8,False,False,0,b'\x00\x01\x02\x03\x04\x05\x06\x07\x08\t\n\x0b\x0c\r\x0e\x0f\x10'
2198,2,1099001.5,1.7121279999999999,0.0,0.0,20,4,12,0,True,8,False,False,0,b'\x00\x01\x02\x03\x04\x05\x06\x07\x08\t\n\x0b\x0c\r\x0e\x0f\x10'
2199,1,1100000.0,1.7121279999999999,0.0,0.0,20,4,12,0,True,8,False,False,0,b'\x00\x01\x02\x03\x04\x05\x06\x07\x08\t\n\x0b\x0c\r\x0e\x0f\x10'
2200,2,1100001.5,1.7121279999999999,0.0,0.0,20,4,12,0,True,8,False,False,0,b'\x00\x01\x02\x03\x04\x05\x06\x07\x08\t\n\x0b\x0c\r\x0e\x0f\x10'
2201,1,1101000.0,1.7121279999999999,0.0,0.0,20,4,12,0,True,8,False,False,0,b'\x00\x01\x02\x03\x04\x05\x06\x07\x08\t\n\x0b\x0c\r\x0e\x0f\x10'
2202,2,1101001.5,1.7121279999999999,0.0,0.0,20,4,12,0,True,8,False,False,0,b'\x00\x01\x02\x03\x04\x05\x06\x07\x08\t\n\x0b\x0c\r\x0e\x0f\x10'
2203,1,1102000.0,1.7121279999999999,0.0,0.0,20,4,12,0,True,8,False,False,0,b'\x00\x01\x02\x03\x04\x05\x06\x07\x08\t\n\x0b\x0c\r\x0e\x0f\x10'
2204,2,1102001.5,1.7121279999999999,0.0,0.0,20,4,12,0,True,8,False,False,0,b'\x00\x01\x02\x03\x04\x05\x06\x07\x08\t\n\x0b\x0c\r\x0e\x0f\x10'
2205,1,1103000.0,1.7121279999999999,0.0,0.0,20,4,12,0,True,8,False,False,0,b'\x00\x01\x02\x03\x04\x05\x06\x07\x08\t\n\x0b\x0c\r\x0e\x0f\x10'
2206,2,1103001.5,1.7121279999999999,0.0,0.0,20,4,12,0,True,8,False,False,0,b'\x00\x01\x02\x03\x04\x05\x06\x07\x08\t\n\x0b\x0c\r\x0e\x0f\x10'
2207,1,1104000.0,1.7121279999999999,0.0,0.0,20,4,12,0,True,8,False,False,0,b'\x00\x01\x02\x03\x04\x05\x06\x07\x08\t\n\x0b\x0c\r\x0e\x0f\x10'
2208,2,1104001.5,1.7121279999999999,0.0,0.0,20,4,12,0,True,8,False,False,0,b'\x00\x01\x02\x03\x04\x05\x06\x07\x08\t\n\x0b\x0c\r\x0e\x0f\x10'
2209,1,1105000.0,1.7121279999999999,0.0,0.0,20,4,12,0,True,8,False,False,0,b'\x00\x01\x02\x03\x04\x05\x06\x07\x08\t\n\x0b\x0c\r\x0e\x0f\x10'
2210,2,1105001.5,1.7121279999999999,0.0,0.0,20,4,12,0,True,8,False,False,0,b'\x00\x01\x02\x03\x04\x05\x06\x07\x08\t\n\x0b\x0c\r\x0e\x0f\x10'
2211,1,1106000.0,1.7121279999999999,0.0,0.0,20,4,12,0,True,8,False,False,0,b'\x00\x01\x02\x03\x04\x05\x06\x07\x08\t\n\x0b\x0c\r\x0e\x0f\x10'
2212,2,1106001.5,1.7121279999999999,0.0,0.0,20,4,12,0,True,8,False,False,0,b'\x00\x01\x02\x03\x04\x05\x06\x07\x08\t\n\x0b\x0c\r\x0e\x0f\x10'
2213,1,1107000.0,1.7121279999999999,0.0,0.0,20,4,12,0,True,8,False,False,0,b'\x00\x01\x02\x03\x04\x05\x06\x07\x08\t\n\x0b\x0c\r\x0e\x0f\x10'
2214,2,1107001.5,1.7121279999999999,0.0,0.0,20,4,12,0,True,8,False,False,0,b'\x00\x01\x02\x03\x04\x05\x06\x07\x08\t\n\x0b\x0c\r\x0e\x0f\x10'
2215,1,1108000.0,1.7121279999999999,0.0,0.0,20,4,12,0,True,8,False,False,0,b'\x00\x01\x02\x03\x04\x05\x06\x07\x08\t\n\x0b\x0c\r\x0e\x0f\x10'
2216,2,1108001.5,1.7121279999999999,0.0,0.0,20,4,12,0,True,8,False,False,0,b'\x00\x01\x02\x03\x04\x05\x06\x07\x08\t\n\x0b\x0c\r\x0e\x0f\x10'
2217,1,1109000.0,1.7121279999999999,0.0,0.0,20,4,12,0,True,8,False,False,0,b'\x00\x01\x02\x03\x04\x05\x06\x07\x08\t\n\x0b\x0c\r\x0e\x0f\x10'
2218,2,1109001.5,1.7121279999999999,0.0,0.0,20,4,12,0,True,8,False,False,0,b'\x00\x01\x02\x03\x04\x05\x06\x07\x08\t\n\x0b\x0c\r\x0e\x0f\x10'
2219,1,1110000.0,1.7121279999999999,0.0,0.0,20,4,12,0,True,8,False,False,0,b'\x00\x01\x02\x03\x04\x05\x06\x07\x08\t\n\x0b\x0c\r\x0e\x0f\x10'
2220,2,1110001.5,1.7121279999999999,0.0,0.0,20,4,12,0,True,8,False,False,0,b'\x00\x01\x02\x03\x04\x05\x06\x07\x08\t\n\x0b\x0c\r\x0e\x0f\x10'
2221,1,1111000.0,1.7121279999999999,0.0,0.0,20,4,12,0,True,8,False,False,0,b'\x00\x01\x02\x03\x04\x05\x06\x07\x08\t\n\x0b\x0c\r\x0e\x0f\x10'
2222,2,1111001.5,1.7121279999999999,0.0,0.0,20,4,12,0,True,8,False,False,0,b'\x00\x01\x02\x03\x04\x05\x06\x07\x08\t\n\x0b\x0c\r\x0e\x0f\x10'
2223,1,1112000.0,1.7121279999999999,0.0,0.0,20,4,12,0,True,8,False,False,0,b'\x00\x01\x02\x03\x04\x05\x06\x07\x08\t\n\x0b\x0c\r\x0e\x0f\x10'
2224,2,1112001.5,1.7121279999999999,0.0,0.0,20,4,12,0,True,8,False,False,0,b'\x00\x01\x02\x03\x04\x05\x06\x07\x08\t\n\x0b\x0c\r\x0e\x0f\x10'
2225,1,1113000.0,1.7121279999999999,0.0,0.0,20,4,12,0,True,8,False,False,0,b'\x00\x01\x02\x03\x04\x05\x06\x07\x08\t\n\x0b\x0c\r\x0e\x0f\x10'
2226,2,1113001.5,1.7121279999999999,0.0,0.0,20,4,12,0,True,8,False,False,0,b'\x00\x01\x02\x03\x04\x05\x06\x07\x08\t\n\x0b\x0c\r\x0e\x0f\x10'
2227,1,1114000.0,1.7121279999999999,0.0,0.0,20,4,12,0,True,8,False,False,0,b'\x00\x01\x02\x03\x04\x05\x06\x07\x08\t\n\x0b\x0c\r\x0e\x0f\x10'
2228,2,1114001.5,1.7121279999999999,0.0,0.0,20,4,12,0,True,8,False,False,0,b'\x00\x01\x02\x03\x04\x05\x06\x07\x08\t\n\x0b\x0c\r\x0e\x0f\x10'
2229,1,1115000.0,1.7121279999999999,0.0,0.0,20,4,12,0,True,8,False,False,0,b'\x00\x01\x02\x03\x04\x05\x06\x07\x08\t\n\x0b\x0c\r\x0e\x0f\x10'
2230,2,1115001.5,1.7121279999999999,0.0,0.0,20,4,12,0,True,8,False,False,0,b'\x00\x01\x02\x03\x04\x05\x06\x07\x08\t\n\x0b\x0c\r\x0e\x0f\x10'
2231,1,1116000.0,1.7121279999999999,0.0,0.0,20,4,12,0,True,8,False,False,0,b'\x00\x01\x02\x03\x04\x05\x06\x07\x08\t\n\x0b\x0c\r\x0e\x0f\x10'
2232,2,1116001.5,1.7121279999999999,0.0,0.0,20,4,12,0,True,8,False,False,0,b'\x00\x01\x02\x03\x04\x05\x06\x07\x08\t\n\x0b\x0c\r\x0e\x0f\x10'
2233,1,1117000.0,1.7121279999999999,0.0,0.0,20,4,12,0,True,8,False,False,0,b'\x00\x01\x02\x03\x04\x05\x06\x07\x08\t\n\x0b\x0c\r\x0e\x0f\x10'
2234,2,1117001.5,1.7121279999999999,0.0,0.0,20,4,12,0,True,8,False,False,0,b'\x00\x01\x02\x03\x04\x05\x06\x07\x08\t\n\x0b\x0c\r\x0e\x0f\x10'
2235,1,1118000.0,1.7121279999999999,0.0,0.0,20,4,12,0,True,8,False,False,0,b'\x00\x01\x02\x03\x04\x05\x06\x07\x08\t\n\x0b\x0c\r\x0e\x0f\x10'
2236,2,1118001.5,1.7121279999999999,0.0,0.0,20,4,12,0,True,8,False,False,0,b'\x00\x01\x02\x03\x04\x05\x06\x07\x08\t\n\x0b\x0c\r\x0e\x0f\x10'
2237,1,1119000.0,1.7121279999999999,0.0,0.0,20,4,12,0,True,8,False,False,0,b'\x00\x01\x02\x03\x04\x05\x06\x07\x08\t\n\x0b\x0c\r\x0e\x0f\x10'
2238,2,1119001.5,1.7121279999999999,0.0,0.0,20,4,12,0,True,8,False,False,0,b'\x00\x01\x02\x03\x04\x05\x06\x07\x08\t\n\x0b\x0c\r\x0e\x0f\x10'
2239,1,1120000.0,1.7121279999999999,0.0,0.0,20,4,12,0,True,8,False,False,0,b'\x00\x01\x02\x03\x04\x05\x06\x07\x08\t\n\x0b\x0c\r\x0e\x0f\x10'
2240,2,1120001.5,1.7121279999999999,0.0,0.0,20,4,12,0,True,8,False,False,0,b'\x00\x01\x02\x03\x04\x05\x06\x07\x08\t\n\x0b\x0c\r\x0e\x0f\x10'
2241,1,1121000.0,1.7121279999999999,0.0,0.0,20,4,12,0,True,8,False,False,0,b'\x00\x01\x02\x03\x04\x05\x06\x07\x08\t\n\x0b\x0c\r\x0e\x0f\x10'
2242,2,1121001.5,1.7121279999999999,0.0,0.0,20,4,12,0,True,8,False,False,0,b'\x00\x01\x02\x03\x04\x05\x06\x07\x08\t\n\x0b\x0c\r\x0e\x0f\x10'
2243,1,1122000.0,1.7121279999999999,0.0,0.0,20,4,12,0,True,8,False,False,0,b'\x00\x01\x02\x03\x04\x05\x06\x07\x08\t\n\x0b\x0c\r\x0e\x0f\x10'
2244,2,1122001.5,1.7121279999999999,0.0,0.0,20,4,12,0,True,8,False,False,0,b'\x00\x01\x02\x03\x04\x05\x06\x07\x08\t\n\x0b\x0c\r\x0e\x0f\x10'
2245,1,1123000.0,1.7121279999999999,0.0,0.0,20,4,12,0,True,8,False,False,0,b'\x00\x01\x02\x03\x04\x05\x06\x07\x08\t\n\x0b\x0c\r\x0e\x0f\x10'
2246,2,1123001.5,1.7121279999999999,0.0,0.0,20,4,12,0,True,8,False,False,0,b'\x00\x01\x02\x03\x04\x05\x06\x07\x08\t\n\x0b\x0c\r\x0e\x0f\x10'
2247,1,1124000.0,1.7121279999999999,0.0,0.0,20,4,12,0,True,8,False,False,0,b'\x00\x01\x02\x03\x04\x05\x06\x07\x08\t\n\x0b\x0c\r\x0e\x0f\x10'
2248,2,1124001.5,1.7121279999999999,0.0,0.0,20,4,12,0,True,8,False,False,0,b'\x00\x01\x02\x03\x04\x05\x06\x07\x08\t\n\x0b\x0c\r\x0e\x0f\x10'
2249,1,1125000.0,1.7121279999999999,0.0,0.0,20,4,12,0,True,8,False,False,0,b'\x00\x01\x02\x03\x04\x05\x06\x07\x08\t\n\x0b\x0c\r\x0e\x0f\x10'
2250,2,1125001.5,1.7121279999999999,0.0,0.0,20,4,12,0,True,8,False,False,0,b'\x00\x01\x02\x03\x04\x05\x06\x07\x08\t\n\x0b\x0c\r\x0e\x0f\x10'
2251,1,1126000.0,1.7121279999999999,0.0,0.0,20,4,12,0,True,8,False,False,0,b'\x00\x01\x02\x03\x04\x05\x06\x07\x08\t\n\x0b\x0c\r\x0e\x0f\x10'
2252,2,1126001.5,1.7121279999999999,0.0,0.0,20,4,12,0,True,8,False,False,0,b'\x00\x01\x02\x03\x04\x05\x06\x07\x08\t\n\x0b\x0c\r\x0e\x0f\x10'
2253,1,1127000.0,1.7121279999999999,0.0,0.0,20,4,12,0,True,8,False,False,0,b'\x00\x01\x02\x03\x04\x05\x06\x07\x08\t\n\x0b\x0c\r\x0e\x0f\x10'
2254,2,1127001.5,1.7121279999999999,0.0,0.0,20,4,12,0,True,8,False,False,0,b'\x00\x01\x02\x03\x04\x05\x06\x07\x08\t\n\x0b\x0c\r\x0e\x0f\x10'
2255,1,1128000.0,1.7121279999999999,0.0,0.0,20,4,12,0,True,8,False,False,0,b'\x00\x01\x02\x03\x04\x05\x06\x07\x08\t\n\x0b\x0c\r\x0e\x0f\x10'
2256,2,1128001.5,1.7121279999999999,0.0,0.0,20,4,12,0,True,8,False,False,0,b'\x00\x01\x02\x03\x04\x05\x06\x07\x08\t\n\x0b\x0c\r\x0e\x0f\x10'
2257,1,1129000.0,1.7121279999999999,0.0,0.0,20,4,12,0,True,8,False,False,0,b'\x00\x01\x02\x03\x04\x05\x06\x07\x08\t\n\x0b\x0c\r\x0e\x0f\x10'
2258,2,1129001.5,1.7121279999999999,0.0,0.0,20,4,12,0,True,8,False,False,0,b'\x00\x01\x02\x03\x04\x05\x06\x07\x08\t\n\x0b\x0c\r\x0e\x0f\x10'
2259,1,1130000.0,1.7121279999999999,0.0,0.0,20,4,12,0,True,8,False,False,0,b'\x00\x01\x02\x03\x04\x05\x06\x07\x08\t\n\x0b\x0c\r\x0e\x0f\x10'
2260,2,1130001.5,1.7121279999999999,0.0,0.0,20,4,12,0,True,8,False,False,0,b'\x00\x01\x02\x03\x04\x05\x06\x07\x08\t\n\x0b\x0c\r\x0e\x0f\x10'
2261,1,1131000.0,1.7121279999999999,0.0,0.0,20,4,12,0,True,8,False,False,0,b'\x00\x01\x02\x03\x04\x05\x06\x07\x08\t\n\x0b\x0c\r\x0e\x0f\x10'
2262,2,1131001.5,1.7121279999999999,0.0,0.0,20,4,12,0,True,8,False,False,0,b'\x00\x01\x02\x03\x04\x05\x06\x07\x08\t\n\x0b\x0c\r\x0e\x0f\x10'
2263,1,1132000.0,1.7121279999999999,0.0,0.0,20,4,12,0,True,8,False,False,0,b'\x00\x01\x02\x03\x04\x05\x06\x07\x08\t\n\x0b\x0c\r\x0e\x0f\x10'
2264,2,1132001.5,1.7121279999999999,0.0,0.0,20,4,12,0,True,8,False,False,0,b'\x00\x01\x02\x03\x04\x05\x06\x07\x08\t\n\x0b\x0c\r\x0e\x0f\x10'
2265,1,1133000.0,1.7121279999999999,0.0,0.0,20,4,12,0,True,8,False,False,0,b'\x00\x01\x02\x03\x04\x05\x06\x07\x08\t\n\x0b\x0c\r\x0e\x0f\x10'
2266,2,1133001.5,1.7121279999999999,0.0,0.0,20,4,12,0,True,8,False,False,0,b'\x00\x01\x02\x03\x04\x05\x06\x07\x08\t\n\x0b\x0c\r\x0e\x0f\x10'
2267,1,1134000.0,1.7121279999999999,0.0,0.0,20,4,12,0,True,8,False,False,0,b'\x00\x01\x02\x03\x04\x05\x06\x07\x08\t\n\x0b\x0c\r\x0e\x0f\x10'
2268,2,1134001.5,1.7121279999999999,0.0,0.0,20,4,12,0,True,8,False,False,0,b'\x00\x01\x02\x03\x04\x05\x06\x07\x08\t\n\x0b\x0c\r\x0e\x0f\x10'
2269,1,1135000.0,1.7121279999999999,0.0,0.0,20,4,12,0,True,8,False,False,0,b'\x00\x01\x02\x03\x04\x05\x06\x07\x08\t\n\x0b\x0c\r\x0e\x0f\x10'
2270,2,1135001.5,1.7121279999999999,0.0,0.0,20,4,12,0,True,8,False,False,0,b'\x00\x01\x02\x03\x04\x05\x06\x07\x08\t\n\x0b\x0c\r\x0e\x0f\x10'
2271,1,1136000.0,1.7121279999999999,0.0,0.0,20,4,12,0,True,8,False,False,0,b'\x00\x01\x02\x03\x04\x05\x06\x07\x08\t\n\x0b\x0c\r\x0e\x0f\x10'
2272,2,1136001.5,1.7121279999999999,0.0,0.0,20,4,12,0,True,8,False,False,0,b'\x00\x01\x02\x03\x04\x05\x06\x07\x08\t\n\x0b\x0c\r\x0e\x0f\x10'
2273,1,1137000.0,1.7121279999999999,0.0,0.0,20,4,12,0,True,8,False,False,0,b'\x00\x01\x02\x03\x04\x05\x06\x07\x08\t\n\x0b\x0c\r\x0e\x0f\x10'
2274,2,1137001.5,1.7121279999999999,0.0,0.0,20,4,12,0,True,8,False,False,0,b'\x00\x01\x02\x03\x04\x05\x06\x07\x08\t\n\x0b\x0c\r\x0e\x0f\x10'
2275,1,1138000.0,1.7121279999999999,0.0,0.0,20,4,12,0,True,8,False,False,0,b'\x00\x01\x02\x03\x04\x05\x06\x07\x08\t\n\x0b\x0c\r\x0e\x0f\x10'
2276,2,1138001.5,1.7121279999999999,0.0,0.0,20,4,12,0,True,8,False,False,0,b'\x00\x01\x02\x03\x04\x05\x06\x07\x08\t\n\x0b\x0c\r\x0e\x0f\x10'
2277,1,1139000.0,1.7121279999999999,0.0,0.0,20,4,12,0,True,8,False,False,0,b'\x00\x01\x02\x03\x04\x05\x06\x07\x08\t\n\x0b\x0c\r\x0e\x0f\x10'
2278,2,1139001.5,1.7121279999999999,0.0,0.0,20,4,12,0,True,8,False,False,0,b'\x00\x01\x02\x03\x04\x05\x06\x07\x08\t\n\x0b\x0c\r\x0e\x0f\x10'
2279,1,1140000.0,1.7121279999999999,0.0,0.0,20,4,12,0,True,8,False,False,0,b'\x00\x01\x02\x03\x04\x05\x06\x07\x08\t\n\x0b\x0c\r\x0e\x0f\x10'
2280,2,1140001.5,1.7121279999999999,0.0,0.0,20,4,12,0,True,8,False,False,0,b'\x00\x01\x02\x03\x04\x05\x06\x07\x08\t\n\x0b\x0c\r\x0e\x0f\x10'
2281,1,1141000.0,1.7121279999999999,0.0,0.0,20,4,12,0,True,8,False,False,0,b'\x00\x01\x02\x03\x04\x05\x06\x07\x08\t\n\x0b\x0c\r\x0e\x0f\x10'
2282,2,1141001.5,1.7121279999999999,0.0,0.0,20,4,12,0,True,8,False,False,0,b'\x00\x01\x02\x03\x04\x05\x06\x07\x08\t\n\x0b\x0c\r\x0e\x0f\x10'
2283,1,1142000.0,1.7121279999999999,0.0,0.0,20,4,12,0,True,8,False,False,0,b'\x00\x01\x02\x03\x04\x05\x06\x07\x08\t\n\x0b\x0c\r\x0e\x0f\x10'
2284,2,1142001.5,1.7121279999999999,0.0,0.0,20,4,12,0,True,8,False,False,0,b'\x00\x01\x02\x03\x04\x05\x06\x07\x08\t\n\x0b\x0c\r\x0e\x0f\x10'
2285,1,1143000.0,1.7121279999999999,0.0,0.0,20,4,12,0,True,8,False,False,0,b'\x00\x01\x02\x03\x04\x05\x06\x07\x08\t\n\x0b\x0c\r\x0e\x0f\x10'
2286,2,1143001.5,1.7121279999999999,0.0,0.0,20,4,12,0,True,8,False,False,0,b'\x00\x01\x02\x03\x04\x05\x06\x07\x08\t\n\x0b\x0c\r\x0e\x0f\x10'
2287,1,1144000.0,1.7121279999999999,0.0,0.0,20,4,12,0,True,8,False,False,0,b'\x00\x01\x02\x03\x04\x05\x06\x07\x08\t\n\x0b\x0c\r\x0e\x0f\x10'
2288,2,1144001.5,1.7121279999999999,0.0,0.0,20,4,12,0,True,8,False,False,0,b'\x00\x01\x02\x03\x04\x05\x06\x07\x08\t\n\x0b\x0c\r\x0e\x0f\x10'
2289,1,1145000.0,1.7121279999999999,0.0,0.0,20,4,12,0,True,8,False,False,0,b'\x00\x01\x02\x03\x04\x05\x06\x07\x08\t\n\x0b\x0c\r\x0e\x0f\x10'
2290,2,1145001.5,1.7121279999999999,0.0,0.0,20,4,12,0,True,8,False,False,0,b'\x00\x01\x02\x03\x04\x05\x06\x07\x08\t\n\x0b\x0c\r\x0e\x0f\x10'
2291,1,1146000.0,1.7121279999999999,0.0,0.0,20,4,12,0,True,8,False,False,0,b'\x00\x01\x02\x03\x04\x05\x06\x07\x08\t\n\x0b\x0c\r\x0e\x0f\x10'
2292,2,1146001.5,1.7121279999999999,0.0,0.0,20,4,12,0,True,8,False,False,0,b'\x00\x01\x02\x03\x04\x05\x06\x07\x08\t\n\x0b\x0c\r\x0e\x0f\x10'
2293,1,1147000.0,1.7121279999999999,0.0,0.0,20,4,12,0,True,8,False,False,0,b'\x00\x01\x02\x03\x04\x05\x06\x07\x08\t\n\x0b\x0c\r\x0e\x0f\x10'
2294,2,1147001.5,1.7121279999999999,0.0,0.0,20,4,12,0,True,8,False,False,0,b'\x00\x01\x02\x03\x04\x05\x06\x07\x08\t\n\x0b\x0c\r\x0e\x0f\x10'
2295,1,1148000.0,1.7121279999999999,0.0,0.0,20,4,12,0,True,8,False,False,0,b'\x00\x01\x02\x03\x04\x05\x06\x07\x08\t\n\x0b\x0c\r\x0e\x0f\x10'
2296,2,1148001.5,1.7121279999999999,0.0,0.0,20,4,12,0,True,8,False,False,0,b'\x00\x01\x02\x03\x04\x05\x06\x07\x08\t\n\x0b\x0c\r\x0e\x0f\x10'
2297,1,1149000.0,1.7121279999999999,0.0,0.0,20,4,12,0,True,8,False,False,0,b'\x00\x01\x02\x03\x04\x05\x06\x07\x08\t\n\x0b\x0c\r\x0e\x0f\x10'
2298,2,1149001.5,1.7121279999999999,0.0,0.0,20,4,12,0,True,8,False,False,0,b'\x00\x01\x02\x03\x04\x05\x06\x07\x08\t\n\x0b\x0c\r\x0e\x0f\x10'
2299,1,1150000.0,1.7121279999999999,0.0,0.0,20,4,12,0,True,8,False,False,0,b'\x00\x01\x02\x03\x04\x05\x06\x07\x08\t\n\x0b\x0c\r\x0e\x0f\x10'
2300,2,1150001.5,1.7121279999999999,0.0,0.0,20,4,12,0,True,8,False,False,0,b'\x00\x01\x02\x03\x04\x05\x06\x07\x08\t\n\x0b\x0c\r\x0e\x0f\x10'
2301,1,1151000.0,1.7121279999999999,0.0,0.0,20,4,12,0,True,8,False,False,0,b'\x00\x01\x02\x03\x04\x05\x06\x07\x08\t\n\x0b\x0c\r\x0e\x0f\x10'
2302,2,1151001.5,1.7121279999999999,0.0,0.0,20,4,12,0,True,8,False,False,0,b'\x00\x01\x02\x03\x04\x05\x06\x07\x08\t\n\x0b\x0c\r\x0e\x0f\x10'
2303,1,1152000.0,1.7121279999999999,0.0,0.0,20,4,12,0,True,8,False,False,0,b'\x00\x01\x02\x03\x04\x05\x06\x07\x08\t\n\x0b\x0c\r\x0e\x0f\x10'
2304,2,1152001.5,1.7121279999999999,0.0,0.0,20,4,12,0,True,8,False,False,0,b'\x00\x01\x02\x03\x04\x05\x06\x07\x08\t\n\x0b\x0c\r\x0e\x0f\x10'
2305,1,1153000.0,1.7121279999999999,0.0,0.0,20,4,12,0,True,8,False,False,0,b'\x00\x01\x02\x03\x04\x05\x06\x07\x08\t\n\x0b\x0c\r\x0e\x0f\x10'
2306,2,1153001.5,1.7121279999999999,0.0,0.0,20,4,12,0,True,8,False,False,0,b'\x00\x01\x02\x03\x04\x05\x06\x07\x08\t\n\x0b\x0c\r\x0e\x0f\x10'
2307,1,1154000.0,1.7121279999999999,0.0,0.0,20,4,12,0,True,8,False,False,0,b'\x00\x01\x02\x03\x04\x05\x06\x07\x08\t\n\x0b\x0c\r\x0e\x0f\x10'
2308,2,1154001.5,1.7121279999999999,0.0,0.0,20,4,12,0,True,8,False,False,0,b'\x00\x01\x02\x03\x04\x05\x06\x07\x08\t\n\x0b\x0c\r\x0e\x0f\x10'
2309,1,1155000.0,1.7121279999999999,0.0,0.0,20,4,12,0,True,8,False,False,0,b'\x00\x01\x02\x03\x04\x05\x06\x07\x08\t\n\x0b\x0c\r\x0e\x0f\x10'
2310,2,1155001.5,1.7121279999999999,0.0,0.0,20,4,12,0,True,8,False,False,0,b'\x00\x01\x02\x03\x04\x05\x06\x07\x08\t\n\x0b\x0c\r\x0e\x0f\x10'
2311,1,1156000.0,1.7121279999999999,0.0,0.0,20,4,12,0,True,8,False,False,0,b'\x00\x01\x02\x03\x04\x05\x06\x07\x08\t\n\x0b\x0c\r\x0e\x0f\x10'
2312,2,1156001.5,1.7121279999999999,0.0,0.0,20,4,12,0,True,8,False,False,0,b'\x00\x01\x02\x03\x04\x05\x06\x07\x08\t\n\x0b\x0c\r\x0e\x0f\x10'
2313,1,1157000.0,1.7121279999999999,0.0,0.0,20,4,12,0,True,8,False,False,0,b'\x00\x01\x02\x03\x04\x05\x06\x07\x08\t\n\x0b\x0c\r\x0e\x0f\x10'
2314,2,1157001.5,1.7121279999999999,0.0,0.0,20,4,12,0,True,8,False,False,0,b'\x00\x01\x02\x03\x04\x05\x06\x07\x08\t\n\x0b\x0c\r\x0e\x0f\x10'
2315,1,1158000.0,1.7121279999999999,0.0,0.0,20,4,12,0,True,8,False,False,0,b'\x00\x01\x02\x03\x04\x05\x06\x07\x08\t\n\x0b\x0c\r\x0e\x0f\x10'
2316,2,1158001.5,1.7121279999999999,0.0,0.0,20,4,12,0,True,8,False,False,0,b'\x00\x01\x02\x03\x04\x05\x06\x07\x08\t\n\x0b\x0c\r\x0e\x0f\x10'
2317,1,1159000.0,1.7121279999999999,0.0,0.0,20,4,12,0,True,8,False,False,0,b'\x00\x01\x02\x03\x04\x05\x06\x07\x08\t\n\x0b\x0c\r\x0e\x0f\x10'
2318,2,1159001.5,1.7121279999999999,0.0,0.0,20,4,12,0,True,8,False,False,0,b'\x00\x01\x02\x03\x04\x05\x06\x07\x08\t\n\x0b\x0c\r\x0e\x0f\x10'
2319,1,1160000.0,1.7121279999999999,0.0,0.0,20,4,12,0,True,8,False,False,0,b'\x00\x01\x02\x03\x04\x05\x06\x07\x08\t\n\x0b\x0c\r\x0e\x0f\x10'
2320,2,1160001.5,1.7121279999999999,0.0,0.0,20,4,12,0,True,8,False,False,0,b'\x00\x01\x02\x03\x04\x05\x06\x07\x08\t\n\x0b\x0c\r\x0e\x0f\x10'
2321,1,1161000.0,1.7121279999999999,0.0,0.0,20,4,12,0,True,8,False,False,0,b'\x00\x01\x02\x03\x04\x05\x06\x07\x08\t\n\x0b\x0c\r\x0e\x0f\x10'
2322,2,1161001.5,1.7121279999999999,0.0,0.0,20,4,12,0,True,8,False,False,0,b'\x00\x01\x02\x03\x04\x05\x06\x07\x08\t\n\x0b\x0c\r\x0e\x0f\x10'
2323,1,1162000.0,1.7121279999999999,0.0,0.0,20,4,12,0,True,8,False,False,0,b'\x00\x01\x02\x03\x04\x05\x06\x07\x08\t\n\x0b\x0c\r\x0e\x0f\x10'
2324,2,1162001.5,1.7121279999999999,0.0,0.0,20,4,12,0,True,8,False,False,0,b'\x00\x01\x02\x03\x04\x05\x06\x07\x08\t\n\x0b\x0c\r\x0e\x0f\x10'
2325,1,1163000.0,1.7121279999999999,0.0,0.0,20,4,12,0,True,8,False,False,0,b'\x00\x01\x02\x03\x04\x05\x06\x07\x08\t\n\x0b\x0c\r\x0e\x0f\x10'
2326,2,1163001.5,1.7121279999999999,0.0,0.0,20,4,12,0,True,8,False,False,0,b'\x00\x01\x02\x03\x04\x05\x06\x07\x08\t\n\x0b\x0c\r\x0e\x0f\x10'
2327,1,1164000.0,1.7121279999999999,0.0,0.0,20,4,12,0,True,8,False,False,0,b'\x00\x01\x02\x03\x04\x05\x06\x07\x08\t\n\x0b\x0c\r\x0e\x0f\x10'
2328,2,1164001.5,1.7121279999999999,0.0,0.0,20,4,12,0,True,8,False,False,0,b'\x00\x01\x02\x03\x04\x05\x06\x07\x08\t\n\x0b\x0c\r\x0e\x0f\x10'
2329,1,1165000.0,1.7121279999999999,0.0,0.0,20,4,12,0,True,8,False,False,0,b'\x00\x01\x02\x03\x04\x05\x06\x07\x08\t\n\x0b\x0c\r\x0e\x0f\x10'
2330,2,1165001.5,1.7121279999999999,0.0,0.0,20,4,12,0,True,8,False,False,0,b'\x00\x01\x02\x03\x04\x05\x06\x07\x08\t\n\x0b\x0c\r\x0e\x0f\x10'
2331,1,1166000.0,1.7121279999999999,0.0,0.0,20,4,12,0,True,8,False,False,0,b'\x00\x01\x02\x03\x04\x05\x06\x07\x08\t\n\x0b\x0c\r\x0e\x0f\x10'
2332,2,1166001.5,1.7121279999999999,0.0,0.0,20,4,12,0,True,8,False,False,0,b'\x00\x01\x02\x03\x04\x05\x06\x07\x08\t\n\x0b\x0c\r\x0e\x0f\x10'
2333,1,1167000.0,1.7121279999999999,0.0,0.0,20,4,12,0,True,8,False,False,0,b'\x00\x01\x02\x03\x04\x05\x06\x07\x08\t\n\x0b\x0c\r\x0e\x0f\x10'
2334,2,1167001.5,1.7121279999999999,0.0,0.0,20,4,12,0,True,8,False,False,0,b'\x00\x01\x02\x03\x04\x05\x06\x07\x08\t\n\x0b\x0c\r\x0e\x0f\x10'
2335,1,1168000.0,1.7121279999999999,0.0,0.0,20,4,12,0,True,8,False,False,0,b'\x00\x01\x02\x03\x04\x05\x06\x07\x08\t\n\x0b\x0c\r\x0e\x0f\x10'
2336,2,1168001.5,1.7121279999999999,0.0,0.0,20,4,12,0,True,8,False,False,0,b'\x00\x01\x02\x03\x04\x05\x06\x07\x08\t\n\x0b\x0c\r\x0e\x0f\x10'
2337,1,1169000.0,1.7121279999999999,0.0,0.0,20,4,12,0,True,8,False,False,0,b'\x00\x01\x02\x03\x04\x05\x06\x07\x08\t\n\x0b\x0c\r\x0e\x0f\x10'
2338,2,1169001.5,1.7121279999999999,0.0,0.0,20,4,12,0,True,8,False,False,0,b'\x00\x01\x02\x03\x04\x05\x06\x07\x08\t\n\x0b\x0c\r\x0e\x0f\x10'
2339,1,1170000.0,1.7121279999999999,0.0,0.0,20,4,12,0,True,8,False,False,0,b'\x00\x01\x02\x03\x04\x05\x06\x07\x08\t\n\x0b\x0c\r\x0e\x0f\x10'
2340,2,1170001.5,1.7121279999999999,0.0,0.0,20,4,12,0,True,8,False,False,0,b'\x00\x01\x02\x03\x04\x05\x06\x07\x08\t\n\x0b\x0c\r\x0e\x0f\x10'
2341,1,1171000.0,1.7121279999999999,0.0,0.0,20,4,12,0,True,8,False,False,0,b'\x00\x01\x02\x03\x04\x05\x06\x07\x08\t\n\x0b\x0c\r\x0e\x0f\x10'
2342,2,1171001.5,1.7121279999999999,0.0,0.0,20,4,12,0,True,8,False,False,0,b'\x00\x01\x02\x03\x04\x05\x06\x07\x08\t\n\x0b\x0c\r\x0e\x0f\x10'
2343,1,1172000.0,1.7121279999999999,0.0,0.0,20,4,12,0,True,8,False,False,0,b'\x00\x01\x02\x03\x04\x05\x06\x07\x08\t\n\x0b\x0c\r\x0e\x0f\x10'
2344,2,1172001.5,1.7121279999999999,0.0,0.0,20,4,12,0,True,8,False,False,0,b'\x00\x01\x02\x03\x04\x05\x06\x07\x08\t\n\x0b\x0c\r\x0e\x0f\x10'
2345,1,1173000.0,1.7121279999999999,0.0,0.0,20,4,12,0,True,8,False,False,0,b'\x00\x01\x02\x03\x04\x05\x06\x07\x08\t\n\x0b\x0c\r\x0e\x0f\x10'
2346,2,1173001.5,1.7121279999999999,0.0,0.0,20,4,12,0,True,8,False,False,0,b'\x00\x01\x02\x03\x04\x05\x06\x07\x08\t\n\x0b\x0c\r\x0e\x0f\x10'
2347,1,1174000.0,1.7121279999999999,0.0,0.0,20,4,12,0,True,8,False,False,0,b'\x00\x01\x02\x03\x04\x05\x06\x07\x08\t\n\x0b\x0c\r\x0e\x0f\x10'
2348,2,1174001.5,1.7121279999999999,0.0,0.0,20,4,12,0,True,8,False,False,0,b'\x00\x01\x02\x03\x04\x05\x06\x07\x08\t\n\x0b\x0c\r\x0e\x0f\x10'
2349,1,1175000.0,1.7121279999999999,0.0,0.0,20,4,12,0,True,8,False,False,0,b'\x00\x01\x02\x03\x04\x05\x06\x07\x08\t\n\x0b\x0c\r\x0e\x0f\x10'
2350,2,1175001.5,1.7121279999999999,0.0,0.0,20,4,12,0,True,8,False,False,0,b'\x00\x01\x02\x03\x04\x05\x06\x07\x08\t\n\x0b\x0c\r\x0e\x0f\x10'
2351,1,1176000.0,1.7121279999999999,0.0,0.0,20,4,12,0,True,8,False,False,0,b'\x00\x01\x02\x03\x04\x05\x06\x07\x08\t\n\x0b\x0c\r\x0e\x0f\x10'
2352,2,1176001.5,1.7121279999999999,0.0,0.0,20,4,12,0,True,8,False,False,0,b'\x00\x01\x02\x03\x04\x05\x06\x07\x08\t\n\x0b\x0c\r\x0e\x0f\x10'
2353,1,1177000.0,1.7121279999999999,0.0,0.0,20,4,12,0,True,8,False,False,0,b'\x00\x01\x02\x03\x04\x05\x06\x07\x08\t\n\x0b\x0c\r\x0e\x0f\x10'
2354,2,1177001.5,1.7121279999999999,0.0,0.0,20,4,12,0,True,8,False,False,0,b'\x00\x01\x02\x03\x04\x05\x06\x07\x08\t\n\x0b\x0c\r\x0e\x0f\x10'
2355,1,1178000.0,1.7121279999999999,0.0,0.0,20,4,12,0,True,8,False,False,0,b'\x00\x01\x02\x03\x04\x05\x06\x07\x08\t\n\x0b\x0c\r\x0e\x0f\x10'
2356,2,1178001.5,1.7121279999999999,0.0,0.0,20,4,12,0,True,8,False,False,0,b'\x00\x01\x02\x03\x04\x05\x06\x07\x08\t\n\x0b\x0c\r\x0e\x0f\x10'
2357,1,1179000.0,1.7121279999999999,0.0,0.0,20,4,12,0,True,8,False,False,0,b'\x00\x01\x02\x03\x04\x05\x06\x07\x08\t\n\x0b\x0c\r\x0e\x0f\x10'
2358,2,1179001.5,1.7121279999999999,0.0,0.0,20,4,12,0,True,8,False,False,0,b'\x00\x01\x02\x03\x04\x05\x06\x07\x08\t\n\x0b\x0c\r\x0e\x0f\x10'
2359,1,1180000.0,1.7121279999999999,0.0,0.0,20,4,12,0,True,8,False,False,0,b'\x00\x01\x02\x03\x04\x05\x06\x07\x08\t\n\x0b\x0c\r\x0e\x0f\x10'
2360,2,1180001.5,1.7121279999999999,0.0,0.0,20,4,12,0,True,8,False,False,0,b'\x00\x01\x02\x03\x04\x05\x06\x07\x08\t\n\x0b\x0c\r\x0e\x0f\x10'
2361,1,1181000.0,1.7121279999999999,0.0,0.0,20,4,12,0,True,8,False,False,0,b'\x00\x01\x02\x03\x04\x05\x06\x07\x08\t\n\x0b\x0c\r\x0e\x0f\x10'
2362,2,1181001.5,1.7121279999999999,0.0,0.0,20,4,12,0,True,8,False,False,0,b'\x00\x01\x02\x03\x04\x05\x06\x07\x08\t\n\x0b\x0c\r\x0e\x0f\x10'
2363,1,1182000.0,1.7121279999999999,0.0,0.0,20,4,12,0,True,8,False,False,0,b'\x00\x01\x02\x03\x04\x05\x06\x07\x08\t\n\x0b\x0c\r\x0e\x0f\x10'
2364,2,1182001.5,1.7121279999999999,0.0,0.0,20,4,12,0,True,8,False,False,0,b'\x00\x01\x02\x03\x04\x05\x06\x07\x08\t\n\x0b\x0c\r\x0e\x0f\x10'
2365,1,1183000.0,1.7121279999999999,0.0,0.0,20,4,12,0,True,8,False,False,0,b'\x00\x01\x02\x03\x04\x05\x06\x07\x08\t\n\x0b\x0c\r\x0e\x0f\x10'
2366,2,1183001.5,1.7121279999999999,0.0,0.0,20,4,12,0,True,8,False,False,0,b'\x00\x01\x02\x03\x04\x05\x06\x07\x08\t\n\x0b\x0c\r\x0e\x0f\x10'
2367,1,1184000.0,1.7121279999999999,0.0,0.0,20,4,12,0,True,8,False,False,0,b'\x00\x01\x02\x03\x04\x05\x06\x07\x08\t\n\x0b\x0c\r\x0e\x0f\x10'
2368,2,1184001.5,1.7121279999999999,0.0,0.0,20,4,12,0,True,8,False,False,0,b'\x00\x01\x02\x03\x04\x05\x06\x07\x08\t\n\x0b\x0c\r\x0e\x0f\x10'
2369,1,1185000.0,1.7121279999999999,0.0,0.0,20,4,12,0,True,8,False,False,0,b'\x00\x01\x02\x03\x04\x05\x06\x07\x08\t\n\x0b\x0c\r\x0e\x0f\x10'
2370,2,1185001.5,1.7121279999999999,0.0,0.0,20,4,12,0,True,8,False,False,0,b'\x00\x01\x02\x03\x04\x05\x06\x07\x08\t\n\x0b\x0c\r\x0e\x0f\x10'
2371,1,1186000.0,1.7121279999999999,0.0,0.0,20,4,12,0,True,8,False,False,0,b'\x00\x01\x02\x03\x04\x05\x06\x07\x08\t\n\x0b\x0c\r\x0e\x0f\x10'
2372,2,1186001.5,1.7121279999999999,0.0,0.0,20,4,12,0,True,8,False,False,0,b'\x00\x01\x02\x03\x04\x05\x06\x07\x08\t\n\x0b\x0c\r\x0e\x0f\x10'
2373,1,1187000.0,1.7121279999999999,0.0,0.0,20,4,12,0,True,8,False,False,0,b'\x00\x01\x02\x03\x04\x05\x06\x07\x08\t\n\x0b\x0c\r\x0e\x0f\x10'
2374,2,1187001.5,1.7121279999999999,0.0,0.0,20,4,12,0,True,8,False,False,0,b'\x00\x01\x02\x03\x04\x05\x06\x07\x08\t\n\x0b\x0c\r\x0e\x0f\x10'
2375,1,1188000.0,1.7121279999999999,0.0,0.0,20,4,12,0,True,8,False,False,0,b'\x00\x01\x02\x03\x04\x05\x06\x07\x08\t\n\x0b\x0c\r\x0e\x0f\x10'
2376,2,1188001.5,1.7121279999999999,0.0,0.0,20,4,12,0,True,8,False,False,0,b'\x00\x01\x02\x03\x04\x05\x06\x07\x08\t\n\x0b\x0c\r\x0e\x0f\x10'
2377,1,1189000.0,1.7121279999999999,0.0,0.0,20,4,12,0,True,8,False,False,0,b'\x00\x01\x02\x03\x04\x05\x06\x07\x08\t\n\x0b\x0c\r\x0e\x0f\x10'
2378,2,1189001.5,1.7121279999999999,0.0,0.0,20,4,12,0,True,8,False,False,0,b'\x00\x01\x02\x03\x04\x05\x06\x07\x08\t\n\x0b\x0c\r\x0e\x0f\x10'
2379,1,1190000.0,1.7121279999999999,0.0,0.0,20,4,12,0,True,8,False,False,0,b'\x00\x01\x02\x03\x04\x05\x06\x07\x08\t\n\x0b\x0c\r\x0e\x0f\x10'
2380,2,1190001.5,1.7121279999999999,0.0,0.0,20,4,12,0,True,8,False,False,0,b'\x00\x01\x02\x03\x04\x05\x06\x07\x08\t\n\x0b\x0c\r\x0e\x0f\x10'
2381,1,1191000.0,1.7121279999999999,0.0,0.0,20,4,12,0,True,8,False,False,0,b'\x00\x01\x02\x03\x04\x05\x06\x07\x08\t\n\x0b\x0c\r\x0e\x0f\x10'
2382,2,1191001.5,1.7121279999999999,0.0,0.0,20,4,12,0,True,8,False,False,0,b'\x00\x01\x02\x03\x04\x05\x06\x07\x08\t\n\x0b\x0c\r\x0e\x0f\x10'
2383,1,1192000.0,1.7121279999999999,0.0,0.0,20,4,12,0,True,8,False,False,0,b'\x00\x01\x02\x03\x04\x05\x06\x07\x08\t\n\x0b\x0c\r\x0e\x0f\x10'
2384,2,1192001.5,1.7121279999999999,0.0,0.0,20,4,12,0,True,8,False,False,0,b'\x00\x01\x02\x03\x04\x05\x06\x07\x08\t\n\x0b\x0c\r\x0e\x0f\x10'
2385,1,1193000.0,1.7121279999999999,0.0,0.0,20,4,12,0,True,8,False,False,0,b'\x00\x01\x02\x03\x04\x05\x06\x07\x08\t\n\x0b\x0c\r\x0e\x0f\x10'
2386,2,1193001.5,1.7121279999999999,0.0,0.0,20,4,12,0,True,8,False,False,0,b'\x00\x01\x02\x03\x04\x05\x06\x07\x08\t\n\x0b\x0c\r\x0e\x0f\x10'
2387,1,1194000.0,1.7121279999999999,0.0,0.0,20,4,12,0,True,8,False,False,0,b'\x00\x01\x02\x03\x04\x05\x06\x07\x08\t\n\x0b\x0c\r\x0e\x0f\x10'
2388,2,1194001.5,1.7121279999999999,0.0,0.0,20,4,12,0,True,8,False,False,0,b'\x00\x01\x02\x03\x04\x05\x06\x07\x08\t\n\x0b\x0c\r\x0e\x0f\x10'
2389,1,1195000.0,1.7121279999999999,0.0,0.0,20,4,12,0,True,8,False,False,0,b'\x00\x01\x02\x03\x04\x05\x06\x07\x08\t\n\x0b\x0c\r\x0e\x0f\x10'
2390,2,1195001.5,1.7121279999999999,0.0,0.0,20,4,12,0,True,8,False,False,0,b'\x00\x01\x02\x03\x04\x05\x06\x07\x08\t\n\x0b\x0c\r\x0e\x0f\x10'
2391,1,1196000.0,1.7121279999999999,0.0,0.0,20,4,12,0,True,8,False,False,0,b'\x00\x01\x02\x03\x04\x05\x06\x07\x08\t\n\x0b\x0c\r\x0e\x0f\x10'
2392,2,1196001.5,1.7121279999999999,0.0,0.0,20,4,12,0,True,8,False,False,0,b'\x00\x01\x02\x03\x04\x05\x06\x07\x08\t\n\x0b\x0c\r\x0e\x0f\x10'
2393,1,1197000.0,1.7121279999999999,0.0,0.0,20,4,12,0,True,8,False,False,0,b'\x00\x01\x02\x03\x04\x05\x06\x07\x08\t\n\x0b\x0c\r\x0e\x0f\x10'
2394,2,1197001.5,1.7121279999999999,0.0,0.0,20,4,12,0,True,8,False,False,0,b'\x00\x01\x02\x03\x04\x05\x06\x07\x08\t\n\x0b\x0c\r\x0e\x0f\x10'
2395,1,1198000.0,1.7121279999999999,0.0,0.0,20,4,12,0,True,8,False,False,0,b'\x00\x01\x02\x03\x04\x05\x06\x07\x08\t\n\x0b\x0c\r\x0e\x0f\x10'
2396,2,1198001.5,1.7121279999999999,0.0,0.0,20,4,12,0,True,8,False,False,0,b'\x00\x01\x02\x03\x04\x05\x06\x07\x08\t\n\x0b\x0c\r\x0e\x0f\x10'
2397,1,1199000.0,1.7121279999999999,0.0,0.0,20,4,12,0,True,8,False,False,0,b'\x00\x01\x02\x03\x04\x05\x06\x07\x08\t\n\x0b\x0c\r\x0e\x0f\x10'
2398,2,1199001.5,1.7121279999999999,0.0,0.0,20,4,12,0,True,8,False,False,0,b'\x00\x01\x02\x03\x04\x05\x06\x07\x08\t\n\x0b\x0c\r\x0e\x0f\x10'
2399,1,1200000.0,1.7121279999999999,0.0,0.0,20,4,12,0,True,8,False,False,0,b'\x00\x01\x02\x03\x04\x05\x06\x07\x08\t\n\x0b\x0c\r\x0e\x0f\x10'
2400,2,1200001.5,1.7121279999999999,0.0,0.0,20,4,12,0,True,8,False,False,0,b'\x00\x01\x02\x03\x04\x05\x06\x07\x08\t\n\x0b\x0c\r\x0e\x0f\x10'
