id,time,snr,rssi,collision,missed_start,missed_end,interrupted
1,1001.712129,140.0,20.0,False,False,False,
2,1002.712129,140.0,20.0,True,False,False,
3,2001.712128,140.0,20.0,False,False,False,
4,2002.712128,140.0,20.0,True,False,False,
5,3001.7121279999997,140.0,20.0,False,False,False,
6,3002.7121279999997,140.0,20.0,True,False,False,
7,4001.7121279999997,140.0,20.0,False,False,False,
8,4002.7121279999997,140.0,20.0,True,False,False,
9,5001.712128,140.0,20.0,False,False,False,
10,5002.712128,140.0,20.0,True,False,False,
11,6001.712128,140.0,20.0,False,False,False,
12,6002.712128,140.0,20.0,True,False,False,
13,7001.712128,140.0,20.0,False,False,False,
14,7002.712128,140.0,20.0,True,False,False,
15,8001.712127999999,140.0,20.0,False,False,False,
16,8002.712127999999,140.0,20.0,True,False,False,
17,9001.712128,140.0,20.0,False,False,False,
18,9002.712128,140.0,20.0,True,False,False,
19,10001.712128,140.0,20.0,False,False,False,
20,10002.712128,140.0,20.0,True,False,False,
21,11001.712128,140.0,20.0,False,False,False,
22,11002.712128,140.0,20.0,True,False,False,
23,12001.712128,140.0,20.0,False,False,False,
24,12002.712128,140.0,20.0,True,False,False,
25,13001.712128,140.0,20.0,False,False,False,
26,13002.712128,140.0,20.0,True,False,False,
27,14001.712128,140.0,20.0,False,False,False,
28,14002.712128,140.0,20.0,True,False,False,
29,15001.712128,140.0,20.0,False,False,False,
30,15002.712128,140.0,20.0,True,False,False,
31,16001.712128,140.0,20.0,False,False,False,
32,16002.712128,140.0,20.0,True,False,False,
33,17001.712128,140.0,20.0,False,False,False,
34,17002.712128,140.0,20.0,True,False,False,
35,18001.712128,140.0,20.0,False,False,False,
36,18002.712128,140.0,20.0,True,False,False,
37,19001.712128,140.0,20.0,False,False,False,
38,19002.712128,140.0,20.0,True,False,False,
39,20001.712128,140.0,20.0,False,False,False,
40,20002.712128,140.0,20.0,True,False,False,
41,21001.712128,140.0,20.0,False,False,False,
42,21002.712128,140.0,20.0,True,False,False,
43,22001.712128,140.0,20.0,False,False,False,
44,22002.712128,140.0,20.0,True,False,False,
45,23001.712128,140.0,20.0,False,False,False,
46,23002.712128,140.0,20.0,True,False,False,
47,24001.712128,140.0,20.0,False,False,False,
48,24002.712128,140.0,20.0,True,False,False,
49,25001.712128,140.0,20.0,True,False,False,
50,25002.712128,140.0,20.0,True,False,False,
51,26001.712128,140.0,20.0,False,False,False,
52,26002.712128,140.0,20.0,True,False,False,
53,27001.712128,140.0,20.0,False,False,False,
54,27002.712128,140.0,20.0,True,False,False,
55,28001.712128,140.0,20.0,False,False,False,
56,28002.712128,140.0,20.0,True,False,False,
57,29001.712128,140.0,20.0,False,False,False,
58,29002.712128,140.0,20.0,True,False,False,
59,30001.712128,140.0,20.0,False,False,False,
60,30002.712128,140.0,20.0,True,False,False,
61,31001.712128,140.0,20.0,False,False,False,
62,31002.712128,140.0,20.0,True,False,False,
63,32001.712128,140.0,20.0,False,False,False,
64,32002.712128,140.0,20.0,True,False,False,
65,33001.712128,140.0,20.0,False,False,False,
66,33002.712128,140.0,20.0,True,False,False,
67,34001.712128,140.0,20.0,False,False,False,
68,34002.712128,140.0,20.0,True,False,False,
69,35001.712128,140.0,20.0,False,False,False,
70,35002.712128,140.0,20.0,True,False,False,
71,36001.712128,140.0,20.0,False,False,False,
72,36002.712128,140.0,20.0,True,False,False,
73,37001.712128,140.0,20.0,False,False,False,
74,37002.712128,140.0,20.0,True,False,False,
75,38001.712128,140.0,20.0,False,False,False,
76,38002.712128,140.0,20.0,True,False,False,
77,39001.712128,140.0,20.0,False,False,False,
78,39002.712128,140.0,20.0,True,False,False,
79,40001.712128,140.0,20.0,False,False,False,
80,40002.712128,140.0,20.0,True,False,False,
81,41001.712128,140.0,20.0,False,False,False,
82,41002.712128,140.0,20.0,True,False,False,
83,42001.712128,140.0,20.0,False,False,False,
84,42002.712128,140.0,20.0,True,False,False,
85,43001.712128,140.0,20.0,False,False,False,
86,43002.712128,140.0,20.0,True,False,False,
87,44001.712128,140.0,20.0,False,False,False,
88,44002.712128,140.0,20.0,True,False,False,
89,45001.712128,140.0,20.0,False,False,False,
90,45002.712128,140.0,20.0,True,False,False,
91,46001.712128,140.0,20.0,False,False,False,
92,46002.712128,140.0,20.0,True,False,False,
93,47001.712128,140.0,20.0,False,False,False,
94,47002.712128,140.0,20.0,True,False,False,
95,48001.712128,140.0,20.0,False,False,False,
96,48002.712128,140.0,20.0,True,False,False,
97,49001.712128,140.0,20.0,False,False,False,
98,49002.712128,140.0,20.0,True,False,False,
99,50001.712128,140.0,20.0,False,False,False,
100,50002.712128,140.0,20.0,True,False,False,
101,51001.712128,140.0,20.0,False,False,False,
102,51002.712128,140.0,20.0,True,False,False,
103,52001.712128,140.0,20.0,False,False,False,
104,52002.712128,140.0,20.0,True,False,False,
105,53001.712128,140.0,20.0,False,False,False,
106,53002.712128,140.0,20.0,True,False,False,
107,54001.712128,140.0,20.0,False,False,False,
108,54002.712128,140.0,20.0,True,False,False,
109,55001.712128,140.0,20.0,False,False,False,
110,55002.712128,140.0,20.0,True,False,False,
111,56001.712128,140.0,20.0,False,False,False,
112,56002.712128,140.0,20.0,True,False,False,
113,57001.712128,140.0,20.0,False,False,False,
114,57002.712128,140.0,20.0,True,False,False,
115,58001.712128,140.0,20.0,False,False,False,
116,58002.712128,140.0,20.0,True,False,False,
117,59001.712128,140.0,20.0,False,False,False,
118,59002.712128,140.0,20.0,True,False,False,
119,60001.712128,140.0,20.0,False,False,False,
120,60002.712128,140.0,20.0,True,False,False,
121,61001.712128,140.0,20.0,False,False,False,
122,61002.712128,140.0,20.0,True,False,False,
123,62001.712128,140.0,20.0,False,False,False,
124,62002.712128,140.0,20.0,True,False,False,
125,63001.712128,140.0,20.0,False,False,False,
126,63002.712128,140.0,20.0,True,False,False,
127,64001.712128,140.0,20.0,False,False,False,
128,64002.712128,140.0,20.0,True,False,False,
129,65001.712128,140.0,20.0,True,False,False,
130,65002.712128,140.0,20.0,True,False,False,
131,66001.712128,140.0,20.0,False,False,False,
132,66002.712128,140.0,20.0,True,False,False,
133,67001.712128,140.0,20.0,False,False,False,
134,67002.712128,140.0,20.0,True,False,False,
135,68001.712128,140.0,20.0,False,False,False,
136,68002.712128,140.0,20.0,True,False,False,
137,69001.712128,140.0,20.0,False,False,False,
138,69002.712128,140.0,20.0,True,False,False,
139,70001.712128,140.0,20.0,False,False,False,
140,70002.712128,140.0,20.0,True,False,False,
141,71001.712128,140.0,20.0,False,False,False,
142,71002.712128,140.0,20.0,True,False,False,
143,72001.712128,140.0,20.0,False,False,False,
144,72002.712128,140.0,20.0,True,False,False,
145,73001.712128,140.0,20.0,False,False,False,
146,73002.712128,140.0,20.0,True,False,False,
147,74001.712128,140.0,20.0,False,False,False,
148,74002.712128,140.0,20.0,True,False,False,
149,75001.712128,140.0,20.0,False,False,False,
150,75002.712128,140.0,20.0,True,False,False,
151,76001.712128,140.0,20.0,True,False,False,
152,76002.712128,140.0,20.0,True,False,False,
153,77001.712128,140.0,20.0,False,False,False,
154,77002.712128,140.0,20.0,True,False,False,
155,78001.712128,140.0,20.0,False,False,False,
156,78002.712128,140.0,20.0,True,False,False,
157,79001.712128,140.0,20.0,False,False,False,
158,79002.712128,140.0,20.0,True,False,False,
159,80001.712128,140.0,20.0,False,False,False,
160,80002.712128,140.0,20.0,True,False,False,
161,81001.712128,140.0,20.0,False,False,False,
162,81002.712128,140.0,20.0,True,False,False,
163,82001.712128,140.0,20.0,False,False,False,
164,82002.712128,140.0,20.0,True,False,False,
165,83001.712128,140.0,20.0,False,False,False,
166,83002.712128,140.0,20.0,True,False,False,
167,84001.712128,140.0,20.0,False,False,False,
168,84002.712128,140.0,20.0,True,False,False,
169,85001.712128,140.0,20.0,False,False,False,
170,85002.712128,140.0,20.0,True,False,False,
171,86001.712128,140.0,20.0,False,False,False,
172,86002.712128,140.0,20.0,True,False,False,
173,87001.712128,140.0,20.0,False,False,False,
174,87002.712128,140.0,20.0,True,False,False,
175,88001.712128,140.0,20.0,False,False,False,
176,88002.712128,140.0,20.0,True,False,False,
177,89001.712128,140.0,20.0,False,False,False,
178,89002.712128,140.0,20.0,True,False,False,
179,90001.712128,140.0,20.0,False,False,False,
180,90002.712128,140.0,20.0,True,False,False,
181,91001.712128,140.0,20.0,False,False,False,
182,91002.712128,140.0,20.0,True,False,False,
183,92001.712128,140.0,20.0,False,False,False,
184,92002.712128,140.0,20.0,True,False,False,
185,93001.712128,140.0,20.0,False,False,False,
186,93002.712128,140.0,20.0,True,False,False,
187,94001.712128,140.0,20.0,False,False,False,
188,94002.712128,140.0,20.0,True,False,False,
189,95001.712128,140.0,20.0,False,False,False,
190,95002.712128,140.0,20.0,True,False,False,
191,96001.712128,140.0,20.0,False,False,False,
192,96002.712128,140.0,20.0,True,False,False,
193,97001.712128,140.0,20.0,False,False,False,
194,97002.712128,140.0,20.0,True,False,False,
195,98001.712128,140.0,20.0,False,False,False,
196,98002.712128,140.0,20.0,True,False,False,
197,99001.712128,140.0,20.0,False,False,False,
198,99002.712128,140.0,20.0,True,False,False,
199,100001.712128,140.0,20.0,False,False,False,
200,100002.712128,140.0,20.0,True,False,False,
201,101001.712128,140.0,20.0,False,False,False,
202,101002.712128,140.0,20.0,True,False,False,
203,102001.712128,140.0,20.0,True,False,False,
204,102002.712128,140.0,20.0,True,False,False,
205,103001.712128,140.0,20.0,False,False,False,
206,103002.712128,140.0,20.0,True,False,False,
207,104001.712128,140.0,20.0,False,False,False,
208,104002.712128,140.0,20.0,True,False,False,
209,105001.712128,140.0,20.0,False,False,False,
210,105002.712128,140.0,20.0,True,False,False,
211,106001.712128,140.0,20.0,False,False,False,
212,106002.712128,140.0,20.0,True,False,False,
213,107001.712128,140.0,20.0,False,False,False,
214,107002.712128,140.0,20.0,True,False,False,
215,108001.712128,140.0,20.0,False,False,False,
216,108002.712128,140.0,20.0,True,False,False,
217,109001.712128,140.0,20.0,False,False,False,
218,109002.712128,140.0,20.0,True,False,False,
219,110001.712128,140.0,20.0,False,False,False,
220,110002.712128,140.0,20.0,True,False,False,
221,111001.712128,140.0,20.0,False,False,False,
222,111002.712128,140.0,20.0,True,False,False,
223,112001.712128,140.0,20.0,False,False,False,
224,112002.712128,140.0,20.0,True,False,False,
225,113001.712128,140.0,20.0,True,False,False,
226,113002.712128,140.0,20.0,True,False,False,
227,114001.712128,140.0,20.0,False,False,False,
228,114002.712128,140.0,20.0,True,False,False,
229,115001.712128,140.0,20.0,False,False,False,
230,115002.712128,140.0,20.0,True,False,False,
231,116001.712128,140.0,20.0,False,False,False,
232,116002.712128,140.0,20.0,True,False,False,
233,117001.712128,140.0,20.0,False,False,False,
234,117002.712128,140.0,20.0,True,False,False,
235,118001.712128,140.0,20.0,False,False,False,
236,118002.712128,140.0,20.0,True,False,False,
237,119001.712128,140.0,20.0,False,False,False,
238,119002.712128,140.0,20.0,True,False,False,
239,120001.712128,140.0,20.0,False,False,False,
240,120002.712128,140.0,20.0,True,False,False,
241,121001.712128,140.0,20.0,False,False,False,
242,121002.712128,140.0,20.0,True,False,False,
243,122001.712128,140.0,20.0,False,False,False,
244,122002.712128,140.0,20.0,True,False,False,
245,123001.712128,140.0,20.0,False,False,False,
246,123002.712128,140.0,20.0,True,False,False,
247,124001.712128,140.0,20.0,False,False,False,
248,124002.712128,140.0,20.0,True,False,False,
249,125001.712128,140.0,20.0,False,False,False,
250,125002.712128,140.0,20.0,True,False,False,
251,126001.712128,140.0,20.0,False,False,False,
252,126002.712128,140.0,20.0,True,False,False,
253,127001.712128,140.0,20.0,False,False,False,
254,127002.712128,140.0,20.0,True,False,False,
255,128001.712128,140.0,20.0,False,False,False,
256,128002.712128,140.0,20.0,True,False,False,
257,129001.712128,140.0,20.0,False,False,False,
258,129002.712128,140.0,20.0,True,False,False,
259,130001.712128,140.0,20.0,False,False,False,
260,130002.712128,140.0,20.0,True,False,False,
261,131001.712128,140.0,20.0,False,False,False,
262,131002.712128,140.0,20.0,True,False,False,
263,132001.71212799998,140.0,20.0,False,False,False,
264,132002.71212799998,140.0,20.0,True,False,False,
265,133001.71212799998,140.0,20.0,False,False,False,
266,133002.71212799998,140.0,20.0,True,False,False,
267,134001.71212799998,140.0,20.0,False,False,False,
268,134002.71212799998,140.0,20.0,True,False,False,
269,135001.71212799998,140.0,20.0,True,False,False,
270,135002.71212799998,140.0,20.0,True,False,False,
271,136001.71212799998,140.0,20.0,False,False,False,
272,136002.71212799998,140.0,20.0,True,False,False,
273,137001.71212799998,140.0,20.0,True,False,False,
274,137002.71212799998,140.0,20.0,True,False,False,
275,138001.71212799998,140.0,20.0,False,False,False,
276,138002.71212799998,140.0,20.0,True,False,False,
277,139001.71212799998,140.0,20.0,False,False,False,
278,139002.71212799998,140.0,20.0,True,False,False,
279,140001.71212799998,140.0,20.0,False,False,False,
280,140002.71212799998,140.0,20.0,True,False,False,
281,141001.71212799998,140.0,20.0,False,False,False,
282,141002.71212799998,140.0,20.0,True,False,False,
283,142001.71212799998,140.0,20.0,False,False,False,
284,142002.71212799998,140.0,20.0,True,False,False,
285,143001.71212799998,140.0,20.0,False,False,False,
286,143002.71212799998,140.0,20.0,True,False,False,
287,144001.71212799998,140.0,20.0,False,False,False,
288,144002.71212799998,140.0,20.0,True,False,False,
289,145001.71212799998,140.0,20.0,False,False,False,
290,145002.71212799998,140.0,20.0,True,False,False,
291,146001.71212799998,140.0,20.0,False,False,False,
292,146002.71212799998,140.0,20.0,True,False,False,
293,147001.71212799998,140.0,20.0,False,False,False,
294,147002.71212799998,140.0,20.0,True,False,False,
295,148001.71212799998,140.0,20.0,False,False,False,
296,148002.71212799998,140.0,20.0,True,False,False,
297,149001.71212799998,140.0,20.0,False,False,False,
298,149002.71212799998,140.0,20.0,True,False,False,
299,150001.71212799998,140.0,20.0,False,False,False,
300,150002.71212799998,140.0,20.0,True,False,False,
301,151001.71212799998,140.0,20.0,False,False,False,
302,151002.71212799998,140.0,20.0,True,False,False,
303,152001.71212799998,140.0,20.0,False,False,False,
304,152002.71212799998,140.0,20.0,True,False,False,
305,153001.71212799998,140.0,20.0,False,False,False,
306,153002.71212799998,140.0,20.0,True,False,False,
307,154001.71212799998,140.0,20.0,False,False,False,
308,154002.71212799998,140.0,20.0,True,False,False,
309,155001.71212799998,140.0,20.0,False,False,False,
310,155002.71212799998,140.0,20.0,True,False,False,
311,156001.71212799998,140.0,20.0,False,False,False,
312,156002.71212799998,140.0,20.0,True,False,False,
313,157001.71212799998,140.0,20.0,False,False,False,
314,157002.71212799998,140.0,20.0,True,False,False,
315,158001.71212799998,140.0,20.0,False,False,False,
316,158002.71212799998,140.0,20.0,True,False,False,
317,159001.71212799998,140.0,20.0,False,False,False,
318,159002.71212799998,140.0,20.0,True,False,False,
319,160001.71212799998,140.0,20.0,False,False,False,
320,160002.71212799998,140.0,20.0,True,False,False,
321,161001.71212799998,140.0,20.0,False,False,False,
322,161002.71212799998,140.0,20.0,True,False,False,
323,162001.71212799998,140.0,20.0,False,False,False,
324,162002.71212799998,140.0,20.0,True,False,False,
325,163001.71212799998,140.0,20.0,False,False,False,
326,163002.71212799998,140.0,20.0,True,False,False,
327,164001.71212799998,140.0,20.0,False,False,False,
328,164002.71212799998,140.0,20.0,True,False,False,
329,165001.71212799998,140.0,20.0,False,False,False,
330,165002.71212799998,140.0,20.0,True,False,False,
331,166001.71212799998,140.0,20.0,False,False,False,
332,166002.71212799998,140.0,20.0,True,False,False,
333,167001.71212799998,140.0,20.0,False,False,False,
334,167002.71212799998,140.0,20.0,True,False,False,
335,168001.71212799998,140.0,20.0,False,False,False,
336,168002.71212799998,140.0,20.0,True,False,False,
337,169001.71212799998,140.0,20.0,False,False,False,
338,169002.71212799998,140.0,20.0,True,False,False,
339,170001.71212799998,140.0,20.0,False,False,False,
340,170002.71212799998,140.0,20.0,True,False,False,
341,171001.71212799998,140.0,20.0,False,False,False,
342,171002.71212799998,140.0,20.0,True,False,False,
343,172001.71212799998,140.0,20.0,False,False,False,
344,172002.71212799998,140.0,20.0,True,False,False,
345,173001.71212799998,140.0,20.0,False,False,False,
346,173002.71212799998,140.0,20.0,True,False,False,
347,174001.71212799998,140.0,20.0,False,False,False,
348,174002.71212799998,140.0,20.0,True,False,False,
349,175001.71212799998,140.0,20.0,False,False,False,
350,175002.71212799998,140.0,20.0,True,False,False,
351,176001.71212799998,140.0,20.0,False,False,False,
352,176002.71212799998,140.0,20.0,True,False,False,
353,177001.71212799998,140.0,20.0,False,False,False,
354,177002.71212799998,140.0,20.0,True,False,False,
355,178001.71212799998,140.0,20.0,False,False,False,
356,178002.71212799998,140.0,20.0,True,False,False,
357,179001.71212799998,140.0,20.0,True,False,False,
358,179002.71212799998,140.0,20.0,True,False,False,
359,180001.71212799998,140.0,20.0,False,False,False,
360,180002.71212799998,140.0,20.0,True,False,False,
361,181001.71212799998,140.0,20.0,False,False,False,
362,181002.71212799998,140.0,20.0,True,False,False,
363,182001.71212799998,140.0,20.0,False,False,False,
364,182002.71212799998,140.0,20.0,True,False,False,
365,183001.71212799998,140.0,20.0,False,False,False,
366,183002.71212799998,140.0,20.0,True,False,False,
367,184001.71212799998,140.0,20.0,False,False,False,
368,184002.71212799998,140.0,20.0,True,False,False,
369,185001.71212799998,140.0,20.0,False,False,False,
370,185002.71212799998,140.0,20.0,True,False,False,
371,186001.71212799998,140.0,20.0,False,False,False,
372,186002.71212799998,140.0,20.0,True,False,False,
373,187001.71212799998,140.0,20.0,False,False,False,
374,187002.71212799998,140.0,20.0,True,False,False,
375,188001.71212799998,140.0,20.0,False,False,False,
376,188002.71212799998,140.0,20.0,True,False,False,
377,189001.71212799998,140.0,20.0,False,False,False,
378,189002.71212799998,140.0,20.0,True,False,False,
379,190001.71212799998,140.0,20.0,False,False,False,
380,190002.71212799998,140.0,20.0,True,False,False,
381,191001.71212799998,140.0,20.0,False,False,False,
382,191002.71212799998,140.0,20.0,True,False,False,
383,192001.71212799998,140.0,20.0,False,False,False,
384,192002.71212799998,140.0,20.0,True,False,False,
385,193001.71212799998,140.0,20.0,False,False,False,
386,193002.71212799998,140.0,20.0,True,False,False,
387,194001.71212799998,140.0,20.0,False,False,False,
388,194002.71212799998,140.0,20.0,True,False,False,
389,195001.71212799998,140.0,20.0,False,False,False,
390,195002.71212799998,140.0,20.0,True,False,False,
391,196001.71212799998,140.0,20.0,False,False,False,
392,196002.71212799998,140.0,20.0,True,False,False,
393,197001.71212799998,140.0,20.0,False,False,False,
394,197002.71212799998,140.0,20.0,True,False,False,
395,198001.71212799998,140.0,20.0,False,False,False,
396,198002.71212799998,140.0,20.0,True,False,False,
397,199001.71212799998,140.0,20.0,True,False,False,
398,199002.71212799998,140.0,20.0,True,False,False,
399,200001.71212799998,140.0,20.0,False,False,False,
400,200002.71212799998,140.0,20.0,True,False,False,
401,201001.71212799998,140.0,20.0,False,False,False,
402,201002.71212799998,140.0,20.0,True,False,False,
403,202001.71212799998,140.0,20.0,False,False,False,
404,202002.71212799998,140.0,20.0,True,False,False,
405,203001.71212799998,140.0,20.0,False,False,False,
406,203002.71212799998,140.0,20.0,True,False,False,
407,204001.71212799998,140.0,20.0,False,False,False,
408,204002.71212799998,140.0,20.0,True,False,False,
409,205001.71212799998,140.0,20.0,False,False,False,
410,205002.71212799998,140.0,20.0,True,False,False,
411,206001.71212799998,140.0,20.0,False,False,False,
412,206002.71212799998,140.0,20.0,True,False,False,
413,207001.71212799998,140.0,20.0,False,False,False,
414,207002.71212799998,140.0,20.0,True,False,False,
415,208001.71212799998,140.0,20.0,False,False,False,
416,208002.71212799998,140.0,20.0,True,False,False,
417,209001.71212799998,140.0,20.0,False,False,False,
418,209002.71212799998,140.0,20.0,True,False,False,
419,210001.71212799998,140.0,20.0,False,False,False,
420,210002.71212799998,140.0,20.0,True,False,False,
421,211001.71212799998,140.0,20.0,False,False,False,
422,211002.71212799998,140.0,20.0,True,False,False,
423,212001.71212799998,140.0,20.0,False,False,False,
424,212002.71212799998,140.0,20.0,True,False,False,
425,213001.71212799998,140.0,20.0,False,False,False,
426,213002.71212799998,140.0,20.0,True,False,False,
427,214001.71212799998,140.0,20.0,False,False,False,
428,214002.71212799998,140.0,20.0,True,False,False,
429,215001.71212799998,140.0,20.0,False,False,False,
430,215002.71212799998,140.0,20.0,True,False,False,
431,216001.71212799998,140.0,20.0,False,False,False,
432,216002.71212799998,140.0,20.0,True,False,False,
433,217001.71212799998,140.0,20.0,False,False,False,
434,217002.71212799998,140.0,20.0,True,False,False,
435,218001.71212799998,140.0,20.0,False,False,False,
436,218002.71212799998,140.0,20.0,True,False,False,
437,219001.71212799998,140.0,20.0,False,False,False,
438,219002.71212799998,140.0,20.0,True,False,False,
439,220001.71212799998,140.0,20.0,False,False,False,
440,220002.71212799998,140.0,20.0,True,False,False,
441,221001.71212799998,140.0,20.0,False,False,False,
442,221002.71212799998,140.0,20.0,True,False,False,
443,222001.71212799998,140.0,20.0,False,False,False,
444,222002.71212799998,140.0,20.0,True,False,False,
445,223001.71212799998,140.0,20.0,False,False,False,
446,223002.71212799998,140.0,20.0,True,False,False,
447,224001.71212799998,140.0,20.0,False,False,False,
448,224002.71212799998,140.0,20.0,True,False,False,
449,225001.71212799998,140.0,20.0,False,False,False,
450,225002.71212799998,140.0,20.0,True,False,False,
451,226001.71212799998,140.0,20.0,False,False,False,
452,226002.71212799998,140.0,20.0,True,False,False,
453,227001.71212799998,140.0,20.0,False,False,False,
454,227002.71212799998,140.0,20.0,True,False,False,
455,228001.71212799998,140.0,20.0,False,False,False,
456,228002.71212799998,140.0,20.0,True,False,False,
457,229001.71212799998,140.0,20.0,False,False,False,
458,229002.71212799998,140.0,20.0,True,False,False,
459,230001.71212799998,140.0,20.0,False,False,False,
460,230002.71212799998,140.0,20.0,True,False,False,
461,231001.71212799998,140.0,20.0,True,False,False,
462,231002.71212799998,140.0,20.0,True,False,False,
463,232001.71212799998,140.0,20.0,False,False,False,
464,232002.71212799998,140.0,20.0,True,False,False,
465,233001.71212799998,140.0,20.0,False,False,False,
466,233002.71212799998,140.0,20.0,True,False,False,
467,234001.71212799998,140.0,20.0,False,False,False,
468,234002.71212799998,140.0,20.0,True,False,False,
469,235001.71212799998,140.0,20.0,False,False,False,
470,235002.71212799998,140.0,20.0,True,False,False,
471,236001.71212799998,140.0,20.0,False,False,False,
472,236002.71212799998,140.0,20.0,True,False,False,
473,237001.71212799998,140.0,20.0,False,False,False,
474,237002.71212799998,140.0,20.0,True,False,False,
475,238001.71212799998,140.0,20.0,True,False,False,
476,238002.71212799998,140.0,20.0,True,False,False,
477,239001.71212799998,140.0,20.0,False,False,False,
478,239002.71212799998,140.0,20.0,True,False,False,
479,240001.71212799998,140.0,20.0,False,False,False,
480,240002.71212799998,140.0,20.0,True,False,False,
481,241001.71212799998,140.0,20.0,False,False,False,
482,241002.71212799998,140.0,20.0,True,False,False,
483,242001.71212799998,140.0,20.0,False,False,False,
484,242002.71212799998,140.0,20.0,True,False,False,
485,243001.71212799998,140.0,20.0,False,False,False,
486,243002.71212799998,140.0,20.0,True,False,False,
487,244001.71212799998,140.0,20.0,False,False,False,
488,244002.71212799998,140.0,20.0,True,False,False,
489,245001.71212799998,140.0,20.0,False,False,False,
490,245002.71212799998,140.0,20.0,True,False,False,
491,246001.71212799998,140.0,20.0,True,False,False,
492,246002.71212799998,140.0,20.0,True,False,False,
493,247001.71212799998,140.0,20.0,False,False,False,
494,247002.71212799998,140.0,20.0,True,False,False,
495,248001.71212799998,140.0,20.0,False,False,False,
496,248002.71212799998,140.0,20.0,True,False,False,
497,249001.71212799998,140.0,20.0,False,False,False,
498,249002.71212799998,140.0,20.0,True,False,False,
499,250001.71212799998,140.0,20.0,False,False,False,
500,250002.71212799998,140.0,20.0,True,False,False,
501,251001.71212799998,140.0,20.0,False,False,False,
502,251002.71212799998,140.0,20.0,True,False,False,
503,252001.71212799998,140.0,20.0,False,False,False,
504,252002.71212799998,140.0,20.0,True,False,False,
505,253001.71212799998,140.0,20.0,False,False,False,
506,253002.71212799998,140.0,20.0,True,False,False,
507,254001.71212799998,140.0,20.0,False,False,False,
508,254002.71212799998,140.0,20.0,True,False,False,
509,255001.71212799998,140.0,20.0,False,False,False,
510,255002.71212799998,140.0,20.0,True,False,False,
511,256001.71212799998,140.0,20.0,False,False,False,
512,256002.71212799998,140.0,20.0,True,False,False,
513,257001.71212799998,140.0,20.0,False,False,False,
514,257002.71212799998,140.0,20.0,True,False,False,
515,258001.71212799998,140.0,20.0,False,False,False,
516,258002.71212799998,140.0,20.0,True,False,False,
517,259001.71212799998,140.0,20.0,False,False,False,
518,259002.71212799998,140.0,20.0,True,False,False,
519,260001.71212799998,140.0,20.0,False,False,False,
520,260002.71212799998,140.0,20.0,True,False,False,
521,261001.71212799998,140.0,20.0,False,False,False,
522,261002.71212799998,140.0,20.0,True,False,False,
523,262001.71212799998,140.0,20.0,True,False,False,
524,262002.71212799998,140.0,20.0,True,False,False,
525,263001.712128,140.0,20.0,False,False,False,
526,263002.712128,140.0,20.0,True,False,False,
527,264001.712128,140.0,20.0,False,False,False,
528,264002.712128,140.0,20.0,True,False,False,
529,265001.712128,140.0,20.0,False,False,False,
530,265002.712128,140.0,20.0,True,False,False,
531,266001.712128,140.0,20.0,False,False,False,
532,266002.712128,140.0,20.0,True,False,False,
533,267001.712128,140.0,20.0,True,False,False,
534,267002.712128,140.0,20.0,True,False,False,
535,268001.712128,140.0,20.0,False,False,False,
536,268002.712128,140.0,20.0,True,False,False,
537,269001.712128,140.0,20.0,False,False,False,
538,269002.712128,140.0,20.0,True,False,False,
539,270001.712128,140.0,20.0,False,False,False,
540,270002.712128,140.0,20.0,True,False,False,
541,271001.712128,140.0,20.0,False,False,False,
542,271002.712128,140.0,20.0,True,False,False,
543,272001.712128,140.0,20.0,True,False,False,
544,272002.712128,140.0,20.0,True,False,False,
545,273001.712128,140.0,20.0,False,False,False,
546,273002.712128,140.0,20.0,True,False,False,
547,274001.712128,140.0,20.0,False,False,False,
548,274002.712128,140.0,20.0,True,False,False,
549,275001.712128,140.0,20.0,False,False,False,
550,275002.712128,140.0,20.0,True,False,False,
551,276001.712128,140.0,20.0,False,False,False,
552,276002.712128,140.0,20.0,True,False,False,
553,277001.712128,140.0,20.0,False,False,False,
554,277002.712128,140.0,20.0,True,False,False,
555,278001.712128,140.0,20.0,False,False,False,
556,278002.712128,140.0,20.0,True,False,False,
557,279001.712128,140.0,20.0,False,False,False,
558,279002.712128,140.0,20.0,True,False,False,
559,280001.712128,140.0,20.0,False,False,False,
560,280002.712128,140.0,20.0,True,False,False,
561,281001.712128,140.0,20.0,False,False,False,
562,281002.712128,140.0,20.0,True,False,False,
563,282001.712128,140.0,20.0,False,False,False,
564,282002.712128,140.0,20.0,True,False,False,
565,283001.712128,140.0,20.0,False,False,False,
566,283002.712128,140.0,20.0,True,False,False,
567,284001.712128,140.0,20.0,False,False,False,
568,284002.712128,140.0,20.0,True,False,False,
569,285001.712128,140.0,20.0,False,False,False,
570,285002.712128,140.0,20.0,True,False,False,
571,286001.712128,140.0,20.0,False,False,False,
572,286002.712128,140.0,20.0,True,False,False,
573,287001.712128,140.0,20.0,False,False,False,
574,287002.712128,140.0,20.0,True,False,False,
575,288001.712128,140.0,20.0,False,False,False,
576,288002.712128,140.0,20.0,True,False,False,
577,289001.712128,140.0,20.0,False,False,False,
578,289002.712128,140.0,20.0,True,False,False,
579,290001.712128,140.0,20.0,False,False,False,
580,290002.712128,140.0,20.0,True,False,False,
581,291001.712128,140.0,20.0,False,False,False,
582,291002.712128,140.0,20.0,True,False,False,
583,292001.712128,140.0,20.0,False,False,False,
584,292002.712128,140.0,20.0,True,False,False,
585,293001.712128,140.0,20.0,False,False,False,
586,293002.712128,140.0,20.0,True,False,False,
587,294001.712128,140.0,20.0,True,False,False,
588,294002.712128,140.0,20.0,True,False,False,
589,295001.712128,140.0,20.0,False,False,False,
590,295002.712128,140.0,20.0,True,False,False,
591,296001.712128,140.0,20.0,False,False,False,
592,296002.712128,140.0,20.0,True,False,False,
593,297001.712128,140.0,20.0,False,False,False,
594,297002.712128,140.0,20.0,True,False,False,
595,298001.712128,140.0,20.0,False,False,False,
596,298002.712128,140.0,20.0,True,False,False,
597,299001.712128,140.0,20.0,False,False,False,
598,299002.712128,140.0,20.0,True,False,False,
599,300001.712128,140.0,20.0,False,False,False,
600,300002.712128,140.0,20.0,True,False,False,
601,301001.712128,140.0,20.0,False,False,False,
602,301002.712128,140.0,20.0,True,False,False,
603,302001.712128,140.0,20.0,False,False,False,
604,302002.712128,140.0,20.0,True,False,False,
605,303001.712128,140.0,20.0,False,False,False,
606,303002.712128,140.0,20.0,True,False,False,
607,304001.712128,140.0,20.0,False,False,False,
608,304002.712128,140.0,20.0,True,False,False,
609,305001.712128,140.0,20.0,False,False,False,
610,305002.712128,140.0,20.0,True,False,False,
611,306001.712128,140.0,20.0,False,False,False,
612,306002.712128,140.0,20.0,True,False,False,
613,307001.712128,140.0,20.0,False,False,False,
614,307002.712128,140.0,20.0,True,False,False,
615,308001.712128,140.0,20.0,True,False,False,
616,308002.712128,140.0,20.0,True,False,False,
617,309001.712128,140.0,20.0,False,False,False,
618,309002.712128,140.0,20.0,True,False,False,
619,310001.712128,140.0,20.0,False,False,False,
620,310002.712128,140.0,20.0,True,False,False,
621,311001.712128,140.0,20.0,False,False,False,
622,311002.712128,140.0,20.0,True,False,False,
623,312001.712128,140.0,20.0,False,False,False,
624,312002.712128,140.0,20.0,True,False,False,
625,313001.712128,140.0,20.0,False,False,False,
626,313002.712128,140.0,20.0,True,False,False,
627,314001.712128,140.0,20.0,False,False,False,
628,314002.712128,140.0,20.0,True,False,False,
629,315001.712128,140.0,20.0,False,False,False,
630,315002.712128,140.0,20.0,True,False,False,
631,316001.712128,140.0,20.0,False,False,False,
632,316002.712128,140.0,20.0,True,False,False,
633,317001.712128,140.0,20.0,False,False,False,
634,317002.712128,140.0,20.0,True,False,False,
635,318001.712128,140.0,20.0,False,False,False,
636,318002.712128,140.0,20.0,True,False,False,
637,319001.712128,140.0,20.0,False,False,False,
638,319002.712128,140.0,20.0,True,False,False,
639,320001.712128,140.0,20.0,False,False,False,
640,320002.712128,140.0,20.0,True,False,False,
641,321001.712128,140.0,20.0,False,False,False,
642,321002.712128,140.0,20.0,True,False,False,
643,322001.712128,140.0,20.0,False,False,False,
644,322002.712128,140.0,20.0,True,False,False,
645,323001.712128,140.0,20.0,False,False,False,
646,323002.712128,140.0,20.0,True,False,False,
647,324001.712128,140.0,20.0,False,False,False,
648,324002.712128,140.0,20.0,True,False,False,
649,325001.712128,140.0,20.0,False,False,False,
650,325002.712128,140.0,20.0,True,False,False,
651,326001.712128,140.0,20.0,True,False,False,
652,326002.712128,140.0,20.0,True,False,False,
653,327001.712128,140.0,20.0,False,False,False,
654,327002.712128,140.0,20.0,True,False,False,
655,328001.712128,140.0,20.0,False,False,False,
656,328002.712128,140.0,20.0,True,False,False,
657,329001.712128,140.0,20.0,False,False,False,
658,329002.712128,140.0,20.0,True,False,False,
659,330001.712128,140.0,20.0,False,False,False,
660,330002.712128,140.0,20.0,True,False,False,
661,331001.712128,140.0,20.0,False,False,False,
662,331002.712128,140.0,20.0,True,False,False,
663,332001.712128,140.0,20.0,False,False,False,
664,332002.712128,140.0,20.0,True,False,False,
665,333001.712128,140.0,20.0,False,False,False,
666,333002.712128,140.0,20.0,True,False,False,
667,334001.712128,140.0,20.0,False,False,False,
668,334002.712128,140.0,20.0,True,False,False,
669,335001.712128,140.0,20.0,False,False,False,
670,335002.712128,140.0,20.0,True,False,False,
671,336001.712128,140.0,20.0,False,False,False,
672,336002.712128,140.0,20.0,True,False,False,
673,337001.712128,140.0,20.0,False,False,False,
674,337002.712128,140.0,20.0,True,False,False,
675,338001.712128,140.0,20.0,False,False,False,
676,338002.712128,140.0,20.0,True,False,False,
677,339001.712128,140.0,20.0,False,False,False,
678,339002.712128,140.0,20.0,True,False,False,
679,340001.712128,140.0,20.0,False,False,False,
680,340002.712128,140.0,20.0,True,False,False,
681,341001.712128,140.0,20.0,False,False,False,
682,341002.712128,140.0,20.0,True,False,False,
683,342001.712128,140.0,20.0,False,False,False,
684,342002.712128,140.0,20.0,True,False,False,
685,343001.712128,140.0,20.0,False,False,False,
686,343002.712128,140.0,20.0,True,False,False,
687,344001.712128,140.0,20.0,False,False,False,
688,344002.712128,140.0,20.0,True,False,False,
689,345001.712128,140.0,20.0,False,False,False,
690,345002.712128,140.0,20.0,True,False,False,
691,346001.712128,140.0,20.0,False,False,False,
692,346002.712128,140.0,20.0,True,False,False,
693,347001.712128,140.0,20.0,False,False,False,
694,347002.712128,140.0,20.0,True,False,False,
695,348001.712128,140.0,20.0,False,False,False,
696,348002.712128,140.0,20.0,True,False,False,
697,349001.712128,140.0,20.0,True,False,False,
698,349002.712128,140.0,20.0,True,False,False,
699,350001.712128,140.0,20.0,False,False,False,
700,350002.712128,140.0,20.0,True,False,False,
701,351001.712128,140.0,20.0,False,False,False,
702,351002.712128,140.0,20.0,True,False,False,
703,352001.712128,140.0,20.0,False,False,False,
704,352002.712128,140.0,20.0,True,False,False,
705,353001.712128,140.0,20.0,False,False,False,
706,353002.712128,140.0,20.0,True,False,False,
707,354001.712128,140.0,20.0,False,False,False,
708,354002.712128,140.0,20.0,True,False,False,
709,355001.712128,140.0,20.0,False,False,False,
710,355002.712128,140.0,20.0,True,False,False,
711,356001.712128,140.0,20.0,False,False,False,
712,356002.712128,140.0,20.0,True,False,False,
713,357001.712128,140.0,20.0,False,False,False,
714,357002.712128,140.0,20.0,True,False,False,
715,358001.712128,140.0,20.0,False,False,False,
716,358002.712128,140.0,20.0,True,False,False,
717,359001.712128,140.0,20.0,False,False,False,
718,359002.712128,140.0,20.0,True,False,False,
719,360001.712128,140.0,20.0,False,False,False,
720,360002.712128,140.0,20.0,True,False,False,
721,361001.712128,140.0,20.0,False,False,False,
722,361002.712128,140.0,20.0,True,False,False,
723,362001.712128,140.0,20.0,False,False,False,
724,362002.712128,140.0,20.0,True,False,False,
725,363001.712128,140.0,20.0,False,False,False,
726,363002.712128,140.0,20.0,True,False,False,
727,364001.712128,140.0,20.0,False,False,False,
728,364002.712128,140.0,20.0,True,False,False,
729,365001.712128,140.0,20.0,False,False,False,
730,365002.712128,140.0,20.0,True,False,False,
731,366001.712128,140.0,20.0,False,False,False,
732,366002.712128,140.0,20.0,True,False,False,
733,367001.712128,140.0,20.0,False,False,False,
734,367002.712128,140.0,20.0,True,False,False,
735,368001.712128,140.0,20.0,False,False,False,
736,368002.712128,140.0,20.0,True,False,False,
737,369001.712128,140.0,20.0,False,False,False,
738,369002.712128,140.0,20.0,True,False,False,
739,370001.712128,140.0,20.0,False,False,False,
740,370002.712128,140.0,20.0,True,False,False,
741,371001.712128,140.0,20.0,False,False,False,
742,371002.712128,140.0,20.0,True,False,False,
743,372001.712128,140.0,20.0,False,False,False,
744,372002.712128,140.0,20.0,True,False,False,
745,373001.712128,140.0,20.0,False,False,False,
746,373002.712128,140.0,20.0,True,False,False,
747,374001.712128,140.0,20.0,False,False,False,
748,374002.712128,140.0,20.0,True,False,False,
749,375001.712128,140.0,20.0,False,False,False,
750,375002.712128,140.0,20.0,True,False,False,
751,376001.712128,140.0,20.0,False,False,False,
752,376002.712128,140.0,20.0,True,False,False,
753,377001.712128,140.0,20.0,False,False,False,
754,377002.712128,140.0,20.0,True,False,False,
755,378001.712128,140.0,20.0,False,False,False,
756,378002.712128,140.0,20.0,True,False,False,
757,379001.712128,140.0,20.0,False,False,False,
758,379002.712128,140.0,20.0,True,False,False,
759,380001.712128,140.0,20.0,False,False,False,
760,380002.712128,140.0,20.0,True,False,False,
761,381001.712128,140.0,20.0,False,False,False,
762,381002.712128,140.0,20.0,True,False,False,
763,382001.712128,140.0,20.0,False,False,False,
764,382002.712128,140.0,20.0,True,False,False,
765,383001.712128,140.0,20.0,False,False,False,
766,383002.712128,140.0,20.0,True,False,False,
767,384001.712128,140.0,20.0,False,False,False,
768,384002.712128,140.0,20.0,True,False,False,
769,385001.712128,140.0,20.0,False,False,False,
770,385002.712128,140.0,20.0,True,False,False,
771,386001.712128,140.0,20.0,False,False,False,
772,386002.712128,140.0,20.0,True,False,False,
773,387001.712128,140.0,20.0,False,False,False,
774,387002.712128,140.0,20.0,True,False,False,
775,388001.712128,140.0,20.0,False,False,False,
776,388002.712128,140.0,20.0,True,False,False,
777,389001.712128,140.0,20.0,False,False,False,
778,389002.712128,140.0,20.0,True,False,False,
779,390001.712128,140.0,20.0,True,False,False,
780,390002.712128,140.0,20.0,True,False,False,
781,391001.712128,140.0,20.0,False,False,False,
782,391002.712128,140.0,20.0,True,False,False,
783,392001.712128,140.0,20.0,False,False,False,
784,392002.712128,140.0,20.0,True,False,False,
785,393001.712128,140.0,20.0,False,False,False,
786,393002.712128,140.0,20.0,True,False,False,
787,394001.712128,140.0,20.0,False,False,False,
788,394002.712128,140.0,20.0,True,False,False,
789,395001.712128,140.0,20.0,False,False,False,
790,395002.712128,140.0,20.0,True,False,False,
791,396001.712128,140.0,20.0,False,False,False,
792,396002.712128,140.0,20.0,True,False,False,
793,397001.712128,140.0,20.0,False,False,False,
794,397002.712128,140.0,20.0,True,False,False,
795,398001.712128,140.0,20.0,False,False,False,
796,398002.712128,140.0,20.0,True,False,False,
797,399001.712128,140.0,20.0,False,False,False,
798,399002.712128,140.0,20.0,True,False,False,
799,400001.712128,140.0,20.0,False,False,False,
800,400002.712128,140.0,20.0,True,False,False,
801,401001.712128,140.0,20.0,True,False,False,
802,401002.712128,140.0,20.0,True,False,False,
803,402001.712128,140.0,20.0,True,False,False,
804,402002.712128,140.0,20.0,True,False,False,
805,403001.712128,140.0,20.0,False,False,False,
806,403002.712128,140.0,20.0,True,False,False,
807,404001.712128,140.0,20.0,False,False,False,
808,404002.712128,140.0,20.0,True,False,False,
809,405001.712128,140.0,20.0,False,False,False,
810,405002.712128,140.0,20.0,True,False,False,
811,406001.712128,140.0,20.0,True,False,False,
812,406002.712128,140.0,20.0,True,False,False,
813,407001.712128,140.0,20.0,False,False,False,
814,407002.712128,140.0,20.0,True,False,False,
815,408001.712128,140.0,20.0,False,False,False,
816,408002.712128,140.0,20.0,True,False,False,
817,409001.712128,140.0,20.0,False,False,False,
818,409002.712128,140.0,20.0,True,False,False,
819,410001.712128,140.0,20.0,False,False,False,
820,410002.712128,140.0,20.0,True,False,False,
821,411001.712128,140.0,20.0,False,False,False,
822,411002.712128,140.0,20.0,True,False,False,
823,412001.712128,140.0,20.0,False,False,False,
824,412002.712128,140.0,20.0,True,False,False,
825,413001.712128,140.0,20.0,False,False,False,
826,413002.712128,140.0,20.0,True,False,False,
827,414001.712128,140.0,20.0,False,False,False,
828,414002.712128,140.0,20.0,True,False,False,
829,415001.712128,140.0,20.0,False,False,False,
830,415002.712128,140.0,20.0,True,False,False,
831,416001.712128,140.0,20.0,False,False,False,
832,416002.712128,140.0,20.0,True,False,False,
833,417001.712128,140.0,20.0,False,False,False,
834,417002.712128,140.0,20.0,True,False,False,
835,418001.712128,140.0,20.0,False,False,False,
836,418002.712128,140.0,20.0,True,False,False,
837,419001.712128,140.0,20.0,False,False,False,
838,419002.712128,140.0,20.0,True,False,False,
839,420001.712128,140.0,20.0,False,False,False,
840,420002.712128,140.0,20.0,True,False,False,
841,421001.712128,140.0,20.0,False,False,False,
842,421002.712128,140.0,20.0,True,False,False,
843,422001.712128,140.0,20.0,False,False,False,
844,422002.712128,140.0,20.0,True,False,False,
845,423001.712128,140.0,20.0,False,False,False,
846,423002.712128,140.0,20.0,True,False,False,
847,424001.712128,140.0,20.0,False,False,False,
848,424002.712128,140.0,20.0,True,False,False,
849,425001.712128,140.0,20.0,False,False,False,
850,425002.712128,140.0,20.0,True,False,False,
851,426001.712128,140.0,20.0,False,False,False,
852,426002.712128,140.0,20.0,True,False,False,
853,427001.712128,140.0,20.0,False,False,False,
854,427002.712128,140.0,20.0,True,False,False,
855,428001.712128,140.0,20.0,False,False,False,
856,428002.712128,140.0,20.0,True,False,False,
857,429001.712128,140.0,20.0,False,False,False,
858,429002.712128,140.0,20.0,True,False,False,
859,430001.712128,140.0,20.0,False,False,False,
860,430002.712128,140.0,20.0,True,False,False,
861,431001.712128,140.0,20.0,False,False,False,
862,431002.712128,140.0,20.0,True,False,False,
863,432001.712128,140.0,20.0,False,False,False,
864,432002.712128,140.0,20.0,True,False,False,
865,433001.712128,140.0,20.0,False,False,False,
866,433002.712128,140.0,20.0,True,False,False,
867,434001.712128,140.0,20.0,False,False,False,
868,434002.712128,140.0,20.0,True,False,False,
869,435001.712128,140.0,20.0,False,False,False,
870,435002.712128,140.0,20.0,True,False,False,
871,436001.712128,140.0,20.0,False,False,False,
872,436002.712128,140.0,20.0,True,False,False,
873,437001.712128,140.0,20.0,False,False,False,
874,437002.712128,140.0,20.0,True,False,False,
875,438001.712128,140.0,20.0,False,False,False,
876,438002.712128,140.0,20.0,True,False,False,
877,439001.712128,140.0,20.0,False,False,False,
878,439002.712128,140.0,20.0,True,False,False,
879,440001.712128,140.0,20.0,False,False,False,
880,440002.712128,140.0,20.0,True,False,False,
881,441001.712128,140.0,20.0,False,False,False,
882,441002.712128,140.0,20.0,True,False,False,
883,442001.712128,140.0,20.0,False,False,False,
884,442002.712128,140.0,20.0,True,False,False,
885,443001.712128,140.0,20.0,False,False,False,
886,443002.712128,140.0,20.0,True,False,False,
887,444001.712128,140.0,20.0,False,False,False,
888,444002.712128,140.0,20.0,True,False,False,
889,445001.712128,140.0,20.0,False,False,False,
890,445002.712128,140.0,20.0,True,False,False,
891,446001.712128,140.0,20.0,False,False,False,
892,446002.712128,140.0,20.0,True,False,False,
893,447001.712128,140.0,20.0,False,False,False,
894,447002.712128,140.0,20.0,True,False,False,
895,448001.712128,140.0,20.0,False,False,False,
896,448002.712128,140.0,20.0,True,False,False,
897,449001.712128,140.0,20.0,False,False,False,
898,449002.712128,140.0,20.0,True,False,False,
899,450001.712128,140.0,20.0,False,False,False,
900,450002.712128,140.0,20.0,True,False,False,
901,451001.712128,140.0,20.0,False,False,False,
902,451002.712128,140.0,20.0,True,False,False,
903,452001.712128,140.0,20.0,True,False,False,
904,452002.712128,140.0,20.0,True,False,False,
905,453001.712128,140.0,20.0,False,False,False,
906,453002.712128,140.0,20.0,True,False,False,
907,454001.712128,140.0,20.0,False,False,False,
908,454002.712128,140.0,20.0,True,False,False,
909,455001.712128,140.0,20.0,True,False,False,
910,455002.712128,140.0,20.0,True,False,False,
911,456001.712128,140.0,20.0,False,False,False,
912,456002.712128,140.0,20.0,True,False,False,
913,457001.712128,140.0,20.0,False,False,False,
914,457002.712128,140.0,20.0,True,False,False,
915,458001.712128,140.0,20.0,False,False,False,
916,458002.712128,140.0,20.0,True,False,False,
917,459001.712128,140.0,20.0,False,False,False,
918,459002.712128,140.0,20.0,True,False,False,
919,460001.712128,140.0,20.0,False,False,False,
920,460002.712128,140.0,20.0,True,False,False,
921,461001.712128,140.0,20.0,False,False,False,
922,461002.712128,140.0,20.0,True,False,False,
923,462001.712128,140.0,20.0,False,False,False,
924,462002.712128,140.0,20.0,True,False,False,
925,463001.712128,140.0,20.0,False,False,False,
926,463002.712128,140.0,20.0,True,False,False,
927,464001.712128,140.0,20.0,False,False,False,
928,464002.712128,140.0,20.0,True,False,False,
929,465001.712128,140.0,20.0,False,False,False,
930,465002.712128,140.0,20.0,True,False,False,
931,466001.712128,140.0,20.0,False,False,False,
932,466002.712128,140.0,20.0,True,False,False,
933,467001.712128,140.0,20.0,False,False,False,
934,467002.712128,140.0,20.0,True,False,False,
935,468001.712128,140.0,20.0,False,False,False,
936,468002.712128,140.0,20.0,True,False,False,
937,469001.712128,140.0,20.0,False,False,False,
938,469002.712128,140.0,20.0,True,False,False,
939,470001.712128,140.0,20.0,False,False,False,
940,470002.712128,140.0,20.0,True,False,False,
941,471001.712128,140.0,20.0,False,False,False,
942,471002.712128,140.0,20.0,True,False,False,
943,472001.712128,140.0,20.0,True,False,False,
944,472002.712128,140.0,20.0,True,False,False,
945,473001.712128,140.0,20.0,False,False,False,
946,473002.712128,140.0,20.0,True,False,False,
947,474001.712128,140.0,20.0,False,False,False,
948,474002.712128,140.0,20.0,True,False,False,
949,475001.712128,140.0,20.0,False,False,False,
950,475002.712128,140.0,20.0,True,False,False,
951,476001.712128,140.0,20.0,False,False,False,
952,476002.712128,140.0,20.0,True,False,False,
953,477001.712128,140.0,20.0,False,False,False,
954,477002.712128,140.0,20.0,True,False,False,
955,478001.712128,140.0,20.0,False,False,False,
956,478002.712128,140.0,20.0,True,False,False,
957,479001.712128,140.0,20.0,False,False,False,
958,479002.712128,140.0,20.0,True,False,False,
959,480001.712128,140.0,20.0,False,False,False,
960,480002.712128,140.0,20.0,True,False,False,
961,481001.712128,140.0,20.0,False,False,False,
962,481002.712128,140.0,20.0,True,False,False,
963,482001.712128,140.0,20.0,False,False,False,
964,482002.712128,140.0,20.0,True,False,False,
965,483001.712128,140.0,20.0,False,False,False,
966,483002.712128,140.0,20.0,True,False,False,
967,484001.712128,140.0,20.0,False,False,False,
968,484002.712128,140.0,20.0,True,False,False,
969,485001.712128,140.0,20.0,False,False,False,
970,485002.712128,140.0,20.0,True,False,False,
971,486001.712128,140.0,20.0,False,False,False,
972,486002.712128,140.0,20.0,True,False,False,
973,487001.712128,140.0,20.0,False,False,False,
974,487002.712128,140.0,20.0,True,False,False,
975,488001.712128,140.0,20.0,False,False,False,
976,488002.712128,140.0,20.0,True,False,False,
977,489001.712128,140.0,20.0,False,False,False,
978,489002.712128,140.0,20.0,True,False,False,
979,490001.712128,140.0,20.0,False,False,False,
980,490002.712128,140.0,20.0,True,False,False,
981,491001.712128,140.0,20.0,False,False,False,
982,491002.712128,140.0,20.0,True,False,False,
983,492001.712128,140.0,20.0,False,False,False,
984,492002.712128,140.0,20.0,True,False,False,
985,493001.712128,140.0,20.0,False,False,False,
986,493002.712128,140.0,20.0,True,False,False,
987,494001.712128,140.0,20.0,True,False,False,
988,494002.712128,140.0,20.0,True,False,False,
989,495001.712128,140.0,20.0,False,False,False,
990,495002.712128,140.0,20.0,True,False,False,
991,496001.712128,140.0,20.0,False,False,False,
992,496002.712128,140.0,20.0,True,False,False,
993,497001.712128,140.0,20.0,False,False,False,
994,497002.712128,140.0,20.0,True,False,False,
995,498001.712128,140.0,20.0,False,False,False,
996,498002.712128,140.0,20.0,True,False,False,
997,499001.712128,140.0,20.0,False,False,False,
998,499002.712128,140.0,20.0,True,False,False,
999,500001.712128,140.0,20.0,False,False,False,
1000,500002.712128,140.0,20.0,True,False,False,
1001,501001.712128,140.0,20.0,False,False,False,
1002,501002.712128,140.0,20.0,True,False,False,
1003,502001.712128,140.0,20.0,False,False,False,
1004,502002.712128,140.0,20.0,True,False,False,
1005,503001.712128,140.0,20.0,False,False,False,
1006,503002.712128,140.0,20.0,True,False,False,
1007,504001.712128,140.0,20.0,False,False,False,
1008,504002.712128,140.0,20.0,True,False,False,
1009,505001.712128,140.0,20.0,False,False,False,
1010,505002.712128,140.0,20.0,True,False,False,
1011,506001.712128,140.0,20.0,False,False,False,
1012,506002.712128,140.0,20.0,True,False,False,
1013,507001.712128,140.0,20.0,False,False,False,
1014,507002.712128,140.0,20.0,True,False,False,
1015,508001.712128,140.0,20.0,True,False,False,
1016,508002.712128,140.0,20.0,True,False,False,
1017,509001.712128,140.0,20.0,True,False,False,
1018,509002.712128,140.0,20.0,True,False,False,
1019,510001.712128,140.0,20.0,False,False,False,
1020,510002.712128,140.0,20.0,True,False,False,
1021,511001.712128,140.0,20.0,False,False,False,
1022,511002.712128,140.0,20.0,True,False,False,
1023,512001.712128,140.0,20.0,False,False,False,
1024,512002.712128,140.0,20.0,True,False,False,
1025,513001.712128,140.0,20.0,False,False,False,
1026,513002.712128,140.0,20.0,True,False,False,
1027,514001.712128,140.0,20.0,False,False,False,
1028,514002.712128,140.0,20.0,True,False,False,
1029,515001.712128,140.0,20.0,False,False,False,
1030,515002.712128,140.0,20.0,True,False,False,
1031,516001.712128,140.0,20.0,True,False,False,
1032,516002.712128,140.0,20.0,True,False,False,
1033,517001.712128,140.0,20.0,False,False,False,
1034,517002.712128,140.0,20.0,True,False,False,
1035,518001.712128,140.0,20.0,False,False,False,
1036,518002.712128,140.0,20.0,True,False,False,
1037,519001.712128,140.0,20.0,False,False,False,
1038,519002.712128,140.0,20.0,True,False,False,
1039,520001.712128,140.0,20.0,False,False,False,
1040,520002.712128,140.0,20.0,True,False,False,
1041,521001.712128,140.0,20.0,False,False,False,
1042,521002.712128,140.0,20.0,True,False,False,
1043,522001.712128,140.0,20.0,False,False,False,
1044,522002.712128,140.0,20.0,True,False,False,
1045,523001.712128,140.0,20.0,False,False,False,
1046,523002.712128,140.0,20.0,True,False,False,
1047,524001.712128,140.0,20.0,False,False,False,
1048,524002.712128,140.0,20.0,True,False,False,
1049,525001.712128,140.0,20.0,False,False,False,
1050,525002.712128,140.0,20.0,True,False,False,
1051,526001.712128,140.0,20.0,False,False,False,
1052,526002.712128,140.0,20.0,True,False,False,
1053,527001.712128,140.0,20.0,False,False,False,
1054,527002.712128,140.0,20.0,True,False,False,
1055,528001.712128,140.0,20.0,False,False,False,
1056,528002.712128,140.0,20.0,True,False,False,
1057,529001.712128,140.0,20.0,False,False,False,
1058,529002.712128,140.0,20.0,True,False,False,
1059,530001.712128,140.0,20.0,False,False,False,
1060,530002.712128,140.0,20.0,True,False,False,
1061,531001.712128,140.0,20.0,False,False,False,
1062,531002.712128,140.0,20.0,True,False,False,
1063,532001.712128,140.0,20.0,False,False,False,
1064,532002.712128,140.0,20.0,True,False,False,
1065,533001.712128,140.0,20.0,False,False,False,
1066,533002.712128,140.0,20.0,True,False,False,
1067,534001.712128,140.0,20.0,False,False,False,
1068,534002.712128,140.0,20.0,True,False,False,
1069,535001.712128,140.0,20.0,False,False,False,
1070,535002.712128,140.0,20.0,True,False,False,
1071,536001.712128,140.0,20.0,False,False,False,
1072,536002.712128,140.0,20.0,True,False,False,
1073,537001.712128,140.0,20.0,False,False,False,
1074,537002.712128,140.0,20.0,True,False,False,
1075,538001.712128,140.0,20.0,False,False,False,
1076,538002.712128,140.0,20.0,True,False,False,
1077,539001.712128,140.0,20.0,False,False,False,
1078,539002.712128,140.0,20.0,True,False,False,
1079,540001.712128,140.0,20.0,False,False,False,
1080,540002.712128,140.0,20.0,True,False,False,
1081,541001.712128,140.0,20.0,False,False,False,
1082,541002.712128,140.0,20.0,True,False,False,
1083,542001.712128,140.0,20.0,True,False,False,
1084,542002.712128,140.0,20.0,True,False,False,
1085,543001.712128,140.0,20.0,False,False,False,
1086,543002.712128,140.0,20.0,True,False,False,
1087,544001.712128,140.0,20.0,False,False,False,
1088,544002.712128,140.0,20.0,True,False,False,
1089,545001.712128,140.0,20.0,False,False,False,
1090,545002.712128,140.0,20.0,True,False,False,
1091,546001.712128,140.0,20.0,False,False,False,
1092,546002.712128,140.0,20.0,True,False,False,
1093,547001.712128,140.0,20.0,False,False,False,
1094,547002.712128,140.0,20.0,True,False,False,
1095,548001.712128,140.0,20.0,False,False,False,
1096,548002.712128,140.0,20.0,True,False,False,
1097,549001.712128,140.0,20.0,False,False,False,
1098,549002.712128,140.0,20.0,True,False,False,
1099,550001.712128,140.0,20.0,False,False,False,
1100,550002.712128,140.0,20.0,True,False,False,
1101,551001.712128,140.0,20.0,False,False,False,
1102,551002.712128,140.0,20.0,True,False,False,
1103,552001.712128,140.0,20.0,False,False,False,
1104,552002.712128,140.0,20.0,True,False,False,
1105,553001.712128,140.0,20.0,False,False,False,
1106,553002.712128,140.0,20.0,True,False,False,
1107,554001.712128,140.0,20.0,False,False,False,
1108,554002.712128,140.0,20.0,True,False,False,
1109,555001.712128,140.0,20.0,False,False,False,
1110,555002.712128,140.0,20.0,True,False,False,
1111,556001.712128,140.0,20.0,False,False,False,
1112,556002.712128,140.0,20.0,True,False,False,
1113,557001.712128,140.0,20.0,False,False,False,
1114,557002.712128,140.0,20.0,True,False,False,
1115,558001.712128,140.0,20.0,False,False,False,
1116,558002.712128,140.0,20.0,True,False,False,
1117,559001.712128,140.0,20.0,False,False,False,
1118,559002.712128,140.0,20.0,True,False,False,
1119,560001.712128,140.0,20.0,False,False,False,
1120,560002.712128,140.0,20.0,True,False,False,
1121,561001.712128,140.0,20.0,False,False,False,
1122,561002.712128,140.0,20.0,True,False,False,
1123,562001.712128,140.0,20.0,False,False,False,
1124,562002.712128,140.0,20.0,True,False,False,
1125,563001.712128,140.0,20.0,False,False,False,
1126,563002.712128,140.0,20.0,True,False,False,
1127,564001.712128,140.0,20.0,False,False,False,
1128,564002.712128,140.0,20.0,True,False,False,
1129,565001.712128,140.0,20.0,False,False,False,
1130,565002.712128,140.0,20.0,True,False,False,
1131,566001.712128,140.0,20.0,False,False,False,
1132,566002.712128,140.0,20.0,True,False,False,
1133,567001.712128,140.0,20.0,False,False,False,
1134,567002.712128,140.0,20.0,True,False,False,
1135,568001.712128,140.0,20.0,False,False,False,
1136,568002.712128,140.0,20.0,True,False,False,
1137,569001.712128,140.0,20.0,False,False,False,
1138,569002.712128,140.0,20.0,True,False,False,
1139,570001.712128,140.0,20.0,False,False,False,
1140,570002.712128,140.0,20.0,True,False,False,
1141,571001.712128,140.0,20.0,False,False,False,
1142,571002.712128,140.0,20.0,True,False,False,
1143,572001.712128,140.0,20.0,False,False,False,
1144,572002.712128,140.0,20.0,True,False,False,
1145,573001.712128,140.0,20.0,False,False,False,
1146,573002.712128,140.0,20.0,True,False,False,
1147,574001.712128,140.0,20.0,True,False,False,
1148,574002.712128,140.0,20.0,True,False,False,
1149,575001.712128,140.0,20.0,False,False,False,
1150,575002.712128,140.0,20.0,True,False,False,
1151,576001.712128,140.0,20.0,False,False,False,
1152,576002.712128,140.0,20.0,True,False,False,
1153,577001.712128,140.0,20.0,False,False,False,
1154,577002.712128,140.0,20.0,True,False,False,
1155,578001.712128,140.0,20.0,False,False,False,
1156,578002.712128,140.0,20.0,True,False,False,
1157,579001.712128,140.0,20.0,False,False,False,
1158,579002.712128,140.0,20.0,True,False,False,
1159,580001.712128,140.0,20.0,False,False,False,
1160,580002.712128,140.0,20.0,True,False,False,
1161,581001.712128,140.0,20.0,False,False,False,
1162,581002.712128,140.0,20.0,True,False,False,
1163,582001.712128,140.0,20.0,False,False,False,
1164,582002.712128,140.0,20.0,True,False,False,
1165,583001.712128,140.0,20.0,False,False,False,
1166,583002.712128,140.0,20.0,True,False,False,
1167,584001.712128,140.0,20.0,False,False,False,
1168,584002.712128,140.0,20.0,True,False,False,
1169,585001.712128,140.0,20.0,False,False,False,
1170,585002.712128,140.0,20.0,True,False,False,
1171,586001.712128,140.0,20.0,False,False,False,
1172,586002.712128,140.0,20.0,True,False,False,
1173,587001.712128,140.0,20.0,False,False,False,
1174,587002.712128,140.0,20.0,True,False,False,
1175,588001.712128,140.0,20.0,False,False,False,
1176,588002.712128,140.0,20.0,True,False,False,
1177,589001.712128,140.0,20.0,False,False,False,
1178,589002.712128,140.0,20.0,True,False,False,
1179,590001.712128,140.0,20.0,False,False,False,
1180,590002.712128,140.0,20.0,True,False,False,
1181,591001.712128,140.0,20.0,False,False,False,
1182,591002.712128,140.0,20.0,True,False,False,
1183,592001.712128,140.0,20.0,False,False,False,
1184,592002.712128,140.0,20.0,True,False,False,
1185,593001.712128,140.0,20.0,False,False,False,
1186,593002.712128,140.0,20.0,True,False,False,
1187,594001.712128,140.0,20.0,False,False,False,
1188,594002.712128,140.0,20.0,True,False,False,
1189,595001.712128,140.0,20.0,False,False,False,
1190,595002.712128,140.0,20.0,True,False,False,
1191,596001.712128,140.0,20.0,False,False,False,
1192,596002.712128,140.0,20.0,True,False,False,
1193,597001.712128,140.0,20.0,False,False,False,
1194,597002.712128,140.0,20.0,True,False,False,
1195,598001.712128,140.0,20.0,False,False,False,
1196,598002.712128,140.0,20.0,True,False,False,
1197,599001.712128,140.0,20.0,False,False,False,
1198,599002.712128,140.0,20.0,True,False,False,
1199,600001.712128,140.0,20.0,False,False,False,
1200,600002.712128,140.0,20.0,True,False,False,
1201,601001.712128,140.0,20.0,False,False,False,
1202,601002.712128,140.0,20.0,True,False,False,
1203,602001.712128,140.0,20.0,False,False,False,
1204,602002.712128,140.0,20.0,True,False,False,
1205,603001.712128,140.0,20.0,False,False,False,
1206,603002.712128,140.0,20.0,True,False,False,
1207,604001.712128,140.0,20.0,True,False,False,
1208,604002.712128,140.0,20.0,True,False,False,
1209,605001.712128,140.0,20.0,False,False,False,
1210,605002.712128,140.0,20.0,True,False,False,
1211,606001.712128,140.0,20.0,False,False,False,
1212,606002.712128,140.0,20.0,True,False,False,
1213,607001.712128,140.0,20.0,False,False,False,
1214,607002.712128,140.0,20.0,True,False,False,
1215,608001.712128,140.0,20.0,False,False,False,
1216,608002.712128,140.0,20.0,True,False,False,
1217,609001.712128,140.0,20.0,False,False,False,
1218,609002.712128,140.0,20.0,True,False,False,
1219,610001.712128,140.0,20.0,False,False,False,
1220,610002.712128,140.0,20.0,True,False,False,
1221,611001.712128,140.0,20.0,False,False,False,
1222,611002.712128,140.0,20.0,True,False,False,
1223,612001.712128,140.0,20.0,False,False,False,
1224,612002.712128,140.0,20.0,True,False,False,
1225,613001.712128,140.0,20.0,False,False,False,
1226,613002.712128,140.0,20.0,True,False,False,
1227,614001.712128,140.0,20.0,False,False,False,
1228,614002.712128,140.0,20.0,True,False,False,
1229,615001.712128,140.0,20.0,False,False,False,
1230,615002.712128,140.0,20.0,True,False,False,
1231,616001.712128,140.0,20.0,False,False,False,
1232,616002.712128,140.0,20.0,True,False,False,
1233,617001.712128,140.0,20.0,False,False,False,
1234,617002.712128,140.0,20.0,True,False,False,
1235,618001.712128,140.0,20.0,False,False,False,
1236,618002.712128,140.0,20.0,True,False,False,
1237,619001.712128,140.0,20.0,False,False,False,
1238,619002.712128,140.0,20.0,True,False,False,
1239,620001.712128,140.0,20.0,False,False,False,
1240,620002.712128,140.0,20.0,True,False,False,
1241,621001.712128,140.0,20.0,False,False,False,
1242,621002.712128,140.0,20.0,True,False,False,
1243,622001.712128,140.0,20.0,False,False,False,
1244,622002.712128,140.0,20.0,True,False,False,
1245,623001.712128,140.0,20.0,False,False,False,
1246,623002.712128,140.0,20.0,True,False,False,
1247,624001.712128,140.0,20.0,False,False,False,
1248,624002.712128,140.0,20.0,True,False,False,
1249,625001.712128,140.0,20.0,False,False,False,
1250,625002.712128,140.0,20.0,True,False,False,
1251,626001.712128,140.0,20.0,False,False,False,
1252,626002.712128,140.0,20.0,True,False,False,
1253,627001.712128,140.0,20.0,False,False,False,
1254,627002.712128,140.0,20.0,True,False,False,
1255,628001.712128,140.0,20.0,False,False,False,
1256,628002.712128,140.0,20.0,True,False,False,
1257,629001.712128,140.0,20.0,False,False,False,
1258,629002.712128,140.0,20.0,True,False,False,
1259,630001.712128,140.0,20.0,False,False,False,
1260,630002.712128,140.0,20.0,True,False,False,
1261,631001.712128,140.0,20.0,False,False,False,
1262,631002.712128,140.0,20.0,True,False,False,
1263,632001.712128,140.0,20.0,False,False,False,
1264,632002.712128,140.0,20.0,True,False,False,
1265,633001.712128,140.0,20.0,False,False,False,
1266,633002.712128,140.0,20.0,True,False,False,
1267,634001.712128,140.0,20.0,False,False,False,
1268,634002.712128,140.0,20.0,True,False,False,
1269,635001.712128,140.0,20.0,False,False,False,
1270,635002.712128,140.0,20.0,True,False,False,
1271,636001.712128,140.0,20.0,False,False,False,
1272,636002.712128,140.0,20.0,True,False,False,
1273,637001.712128,140.0,20.0,False,False,False,
1274,637002.712128,140.0,20.0,True,False,False,
1275,638001.712128,140.0,20.0,False,False,False,
1276,638002.712128,140.0,20.0,True,False,False,
1277,639001.712128,140.0,20.0,False,False,False,
1278,639002.712128,140.0,20.0,True,False,False,
1279,640001.712128,140.0,20.0,False,False,False,
1280,640002.712128,140.0,20.0,True,False,False,
1281,641001.712128,140.0,20.0,False,False,False,
1282,641002.712128,140.0,20.0,True,False,False,
1283,642001.712128,140.0,20.0,False,False,False,
1284,642002.712128,140.0,20.0,True,False,False,
1285,643001.712128,140.0,20.0,False,False,False,
1286,643002.712128,140.0,20.0,True,False,False,
1287,644001.712128,140.0,20.0,False,False,False,
1288,644002.712128,140.0,20.0,True,False,False,
1289,645001.712128,140.0,20.0,False,False,False,
1290,645002.712128,140.0,20.0,True,False,False,
1291,646001.712128,140.0,20.0,False,False,False,
1292,646002.712128,140.0,20.0,True,False,False,
1293,647001.712128,140.0,20.0,True,False,False,
1294,647002.712128,140.0,20.0,True,False,False,
1295,648001.712128,140.0,20.0,False,False,False,
1296,648002.712128,140.0,20.0,True,False,False,
1297,649001.712128,140.0,20.0,False,False,False,
1298,649002.712128,140.0,20.0,True,False,False,
1299,650001.712128,140.0,20.0,False,False,False,
1300,650002.712128,140.0,20.0,True,False,False,
1301,651001.712128,140.0,20.0,False,False,False,
1302,651002.712128,140.0,20.0,True,False,False,
1303,652001.712128,140.0,20.0,False,False,False,
1304,652002.712128,140.0,20.0,True,False,False,
1305,653001.712128,140.0,20.0,False,False,False,
1306,653002.712128,140.0,20.0,True,False,False,
1307,654001.712128,140.0,20.0,False,False,False,
1308,654002.712128,140.0,20.0,True,False,False,
1309,655001.712128,140.0,20.0,False,False,False,
1310,655002.712128,140.0,20.0,True,False,False,
1311,656001.712128,140.0,20.0,True,False,False,
1312,656002.712128,140.0,20.0,True,False,False,
1313,657001.712128,140.0,20.0,False,False,False,
1314,657002.712128,140.0,20.0,True,False,False,
1315,658001.712128,140.0,20.0,False,False,False,
1316,658002.712128,140.0,20.0,True,False,False,
1317,659001.712128,140.0,20.0,False,False,False,
1318,659002.712128,140.0,20.0,True,False,False,
1319,660001.712128,140.0,20.0,False,False,False,
1320,660002.712128,140.0,20.0,True,False,False,
1321,661001.712128,140.0,20.0,False,False,False,
1322,661002.712128,140.0,20.0,True,False,False,
1323,662001.712128,140.0,20.0,False,False,False,
1324,662002.712128,140.0,20.0,True,False,False,
1325,663001.712128,140.0,20.0,False,False,False,
1326,663002.712128,140.0,20.0,True,False,False,
1327,664001.712128,140.0,20.0,False,False,False,
1328,664002.712128,140.0,20.0,True,False,False,
1329,665001.712128,140.0,20.0,False,False,False,
1330,665002.712128,140.0,20.0,True,False,False,
1331,666001.712128,140.0,20.0,False,False,False,
1332,666002.712128,140.0,20.0,True,False,False,
1333,667001.712128,140.0,20.0,False,False,False,
1334,667002.712128,140.0,20.0,True,False,False,
1335,668001.712128,140.0,20.0,False,False,False,
1336,668002.712128,140.0,20.0,True,False,False,
1337,669001.712128,140.0,20.0,False,False,False,
1338,669002.712128,140.0,20.0,True,False,False,
1339,670001.712128,140.0,20.0,False,False,False,
1340,670002.712128,140.0,20.0,True,False,False,
1341,671001.712128,140.0,20.0,False,False,False,
1342,671002.712128,140.0,20.0,True,False,False,
1343,672001.712128,140.0,20.0,False,False,False,
1344,672002.712128,140.0,20.0,True,False,False,
1345,673001.712128,140.0,20.0,False,False,False,
1346,673002.712128,140.0,20.0,True,False,False,
1347,674001.712128,140.0,20.0,False,False,False,
1348,674002.712128,140.0,20.0,True,False,False,
1349,675001.712128,140.0,20.0,False,False,False,
1350,675002.712128,140.0,20.0,True,False,False,
1351,676001.712128,140.0,20.0,False,False,False,
1352,676002.712128,140.0,20.0,True,False,False,
1353,677001.712128,140.0,20.0,False,False,False,
1354,677002.712128,140.0,20.0,True,False,False,
1355,678001.712128,140.0,20.0,False,False,False,
1356,678002.712128,140.0,20.0,True,False,False,
1357,679001.712128,140.0,20.0,False,False,False,
1358,679002.712128,140.0,20.0,True,False,False,
1359,680001.712128,140.0,20.0,False,False,False,
1360,680002.712128,140.0,20.0,True,False,False,
1361,681001.712128,140.0,20.0,False,False,False,
1362,681002.712128,140.0,20.0,True,False,False,
1363,682001.712128,140.0,20.0,False,False,False,
1364,682002.712128,140.0,20.0,True,False,False,
1365,683001.712128,140.0,20.0,False,False,False,
1366,683002.712128,140.0,20.0,True,False,False,
1367,684001.712128,140.0,20.0,False,False,False,
1368,684002.712128,140.0,20.0,True,False,False,
1369,685001.712128,140.0,20.0,False,False,False,
1370,685002.712128,140.0,20.0,True,False,False,
1371,686001.712128,140.0,20.0,False,False,False,
1372,686002.712128,140.0,20.0,True,False,False,
1373,687001.712128,140.0,20.0,True,False,False,
1374,687002.712128,140.0,20.0,True,False,False,
1375,688001.712128,140.0,20.0,False,False,False,
1376,688002.712128,140.0,20.0,True,False,False,
1377,689001.712128,140.0,20.0,False,False,False,
1378,689002.712128,140.0,20.0,True,False,False,
1379,690001.712128,140.0,20.0,False,False,False,
1380,690002.712128,140.0,20.0,True,False,False,
1381,691001.712128,140.0,20.0,False,False,False,
1382,691002.712128,140.0,20.0,True,False,False,
1383,692001.712128,140.0,20.0,False,False,False,
1384,692002.712128,140.0,20.0,True,False,False,
1385,693001.712128,140.0,20.0,False,False,False,
1386,693002.712128,140.0,20.0,True,False,False,
1387,694001.712128,140.0,20.0,False,False,False,
1388,694002.712128,140.0,20.0,True,False,False,
1389,695001.712128,140.0,20.0,True,False,False,
1390,695002.712128,140.0,20.0,True,False,False,
1391,696001.712128,140.0,20.0,False,False,False,
1392,696002.712128,140.0,20.0,True,False,False,
1393,697001.712128,140.0,20.0,False,False,False,
1394,697002.712128,140.0,20.0,True,False,False,
1395,698001.712128,140.0,20.0,False,False,False,
1396,698002.712128,140.0,20.0,True,False,False,
1397,699001.712128,140.0,20.0,False,False,False,
1398,699002.712128,140.0,20.0,True,False,False,
1399,700001.712128,140.0,20.0,True,False,False,
1400,700002.712128,140.0,20.0,True,False,False,
1401,701001.712128,140.0,20.0,False,False,False,
1402,701002.712128,140.0,20.0,True,False,False,
1403,702001.712128,140.0,20.0,False,False,False,
1404,702002.712128,140.0,20.0,True,False,False,
1405,703001.712128,140.0,20.0,False,False,False,
1406,703002.712128,140.0,20.0,True,False,False,
1407,704001.712128,140.0,20.0,False,False,False,
1408,704002.712128,140.0,20.0,True,False,False,
1409,705001.712128,140.0,20.0,False,False,False,
1410,705002.712128,140.0,20.0,True,False,False,
1411,706001.712128,140.0,20.0,False,False,False,
1412,706002.712128,140.0,20.0,True,False,False,
1413,707001.712128,140.0,20.0,False,False,False,
1414,707002.712128,140.0,20.0,True,False,False,
1415,708001.712128,140.0,20.0,False,False,False,
1416,708002.712128,140.0,20.0,True,False,False,
1417,709001.712128,140.0,20.0,False,False,False,
1418,709002.712128,140.0,20.0,True,False,False,
1419,710001.712128,140.0,20.0,False,False,False,
1420,710002.712128,140.0,20.0,True,False,False,
1421,711001.712128,140.0,20.0,False,False,False,
1422,711002.712128,140.0,20.0,True,False,False,
1423,712001.712128,140.0,20.0,False,False,False,
1424,712002.712128,140.0,20.0,True,False,False,
1425,713001.712128,140.0,20.0,False,False,False,
1426,713002.712128,140.0,20.0,True,False,False,
1427,714001.712128,140.0,20.0,False,False,False,
1428,714002.712128,140.0,20.0,True,False,False,
1429,715001.712128,140.0,20.0,False,False,False,
1430,715002.712128,140.0,20.0,True,False,False,
1431,716001.712128,140.0,20.0,False,False,False,
1432,716002.712128,140.0,20.0,True,False,False,
1433,717001.712128,140.0,20.0,False,False,False,
1434,717002.712128,140.0,20.0,True,False,False,
1435,718001.712128,140.0,20.0,False,False,False,
1436,718002.712128,140.0,20.0,True,False,False,
1437,719001.712128,140.0,20.0,False,False,False,
1438,719002.712128,140.0,20.0,True,False,False,
1439,720001.712128,140.0,20.0,False,False,False,
1440,720002.712128,140.0,20.0,True,False,False,
1441,721001.712128,140.0,20.0,False,False,False,
1442,721002.712128,140.0,20.0,True,False,False,
1443,722001.712128,140.0,20.0,False,False,False,
1444,722002.712128,140.0,20.0,True,False,False,
1445,723001.712128,140.0,20.0,False,False,False,
1446,723002.712128,140.0,20.0,True,False,False,
1447,724001.712128,140.0,20.0,False,False,False,
1448,724002.712128,140.0,20.0,True,False,False,
1449,725001.712128,140.0,20.0,False,False,False,
1450,725002.712128,140.0,20.0,True,False,False,
1451,726001.712128,140.0,20.0,False,False,False,
1452,726002.712128,140.0,20.0,True,False,False,
1453,727001.712128,140.0,20.0,False,False,False,
1454,727002.712128,140.0,20.0,True,False,False,
1455,728001.712128,140.0,20.0,False,False,False,
1456,728002.712128,140.0,20.0,True,False,False,
1457,729001.712128,140.0,20.0,False,False,False,
1458,729002.712128,140.0,20.0,True,False,False,
1459,730001.712128,140.0,20.0,False,False,False,
1460,730002.712128,140.0,20.0,True,False,False,
1461,731001.712128,140.0,20.0,False,False,False,
1462,731002.712128,140.0,20.0,True,False,False,
1463,732001.712128,140.0,20.0,False,False,False,
1464,732002.712128,140.0,20.0,True,False,False,
1465,733001.712128,140.0,20.0,False,False,False,
1466,733002.712128,140.0,20.0,True,False,False,
1467,734001.712128,140.0,20.0,False,False,False,
1468,734002.712128,140.0,20.0,True,False,False,
1469,735001.712128,140.0,20.0,False,False,False,
1470,735002.712128,140.0,20.0,True,False,False,
1471,736001.712128,140.0,20.0,False,False,False,
1472,736002.712128,140.0,20.0,True,False,False,
1473,737001.712128,140.0,20.0,False,False,False,
1474,737002.712128,140.0,20.0,True,False,False,
1475,738001.712128,140.0,20.0,False,False,False,
1476,738002.712128,140.0,20.0,True,False,False,
1477,739001.712128,140.0,20.0,False,False,False,
1478,739002.712128,140.0,20.0,True,False,False,
1479,740001.712128,140.0,20.0,False,False,False,
1480,740002.712128,140.0,20.0,True,False,False,
1481,741001.712128,140.0,20.0,False,False,False,
1482,741002.712128,140.0,20.0,True,False,False,
1483,742001.712128,140.0,20.0,False,False,False,
1484,742002.712128,140.0,20.0,True,False,False,
1485,743001.712128,140.0,20.0,False,False,False,
1486,743002.712128,140.0,20.0,True,False,False,
1487,744001.712128,140.0,20.0,False,False,False,
1488,744002.712128,140.0,20.0,True,False,False,
1489,745001.712128,140.0,20.0,False,False,False,
1490,745002.712128,140.0,20.0,True,False,False,
1491,746001.712128,140.0,20.0,False,False,False,
1492,746002.712128,140.0,20.0,True,False,False,
1493,747001.712128,140.0,20.0,False,False,False,
1494,747002.712128,140.0,20.0,True,False,False,
1495,748001.712128,140.0,20.0,False,False,False,
1496,748002.712128,140.0,20.0,True,False,False,
1497,749001.712128,140.0,20.0,False,False,False,
1498,749002.712128,140.0,20.0,True,False,False,
1499,750001.712128,140.0,20.0,True,False,False,
1500,750002.712128,140.0,20.0,True,False,False,
1501,751001.712128,140.0,20.0,False,False,False,
1502,751002.712128,140.0,20.0,True,False,False,
1503,752001.712128,140.0,20.0,False,False,False,
1504,752002.712128,140.0,20.0,True,False,False,
1505,753001.712128,140.0,20.0,False,False,False,
1506,753002.712128,140.0,20.0,True,False,False,
1507,754001.712128,140.0,20.0,False,False,False,
1508,754002.712128,140.0,20.0,True,False,False,
1509,755001.712128,140.0,20.0,False,False,False,
1510,755002.712128,140.0,20.0,True,False,False,
1511,756001.712128,140.0,20.0,False,False,False,
1512,756002.712128,140.0,20.0,True,False,False,
1513,757001.712128,140.0,20.0,False,False,False,
1514,757002.712128,140.0,20.0,True,False,False,
1515,758001.712128,140.0,20.0,False,False,False,
1516,758002.712128,140.0,20.0,True,False,False,
1517,759001.712128,140.0,20.0,False,False,False,
1518,759002.712128,140.0,20.0,True,False,False,
1519,760001.712128,140.0,20.0,False,False,False,
1520,760002.712128,140.0,20.0,True,False,False,
1521,761001.712128,140.0,20.0,True,False,False,
1522,761002.712128,140.0,20.0,True,False,False,
1523,762001.712128,140.0,20.0,False,False,False,
1524,762002.712128,140.0,20.0,True,False,False,
1525,763001.712128,140.0,20.0,False,False,False,
1526,763002.712128,140.0,20.0,True,False,False,
1527,764001.712128,140.0,20.0,False,False,False,
1528,764002.712128,140.0,20.0,True,False,False,
1529,765001.712128,140.0,20.0,False,False,False,
1530,765002.712128,140.0,20.0,True,False,False,
1531,766001.712128,140.0,20.0,False,False,False,
1532,766002.712128,140.0,20.0,True,False,False,
1533,767001.712128,140.0,20.0,False,False,False,
1534,767002.712128,140.0,20.0,True,False,False,
1535,768001.712128,140.0,20.0,False,False,False,
1536,768002.712128,140.0,20.0,True,False,False,
1537,769001.712128,140.0,20.0,False,False,False,
1538,769002.712128,140.0,20.0,True,False,False,
1539,770001.712128,140.0,20.0,False,False,False,
1540,770002.712128,140.0,20.0,True,False,False,
1541,771001.712128,140.0,20.0,False,False,False,
1542,771002.712128,140.0,20.0,True,False,False,
1543,772001.712128,140.0,20.0,False,False,False,
1544,772002.712128,140.0,20.0,True,False,False,
1545,773001.712128,140.0,20.0,True,False,False,
1546,773002.712128,140.0,20.0,True,False,False,
1547,774001.712128,140.0,20.0,False,False,False,
1548,774002.712128,140.0,20.0,True,False,False,
1549,775001.712128,140.0,20.0,False,False,False,
1550,775002.712128,140.0,20.0,True,False,False,
1551,776001.712128,140.0,20.0,False,False,False,
1552,776002.712128,140.0,20.0,True,False,False,
1553,777001.712128,140.0,20.0,True,False,False,
1554,777002.712128,140.0,20.0,True,False,False,
1555,778001.712128,140.0,20.0,False,False,False,
1556,778002.712128,140.0,20.0,True,False,False,
1557,779001.712128,140.0,20.0,False,False,False,
1558,779002.712128,140.0,20.0,True,False,False,
1559,780001.712128,140.0,20.0,False,False,False,
1560,780002.712128,140.0,20.0,True,False,False,
1561,781001.712128,140.0,20.0,False,False,False,
1562,781002.712128,140.0,20.0,True,False,False,
1563,782001.712128,140.0,20.0,False,False,False,
1564,782002.712128,140.0,20.0,True,False,False,
1565,783001.712128,140.0,20.0,False,False,False,
1566,783002.712128,140.0,20.0,True,False,False,
1567,784001.712128,140.0,20.0,False,False,False,
1568,784002.712128,140.0,20.0,True,False,False,
1569,785001.712128,140.0,20.0,False,False,False,
1570,785002.712128,140.0,20.0,True,False,False,
1571,786001.712128,140.0,20.0,False,False,False,
1572,786002.712128,140.0,20.0,True,False,False,
1573,787001.712128,140.0,20.0,False,False,False,
1574,787002.712128,140.0,20.0,True,False,False,
1575,788001.712128,140.0,20.0,False,False,False,
1576,788002.712128,140.0,20.0,True,False,False,
1577,789001.712128,140.0,20.0,False,False,False,
1578,789002.712128,140.0,20.0,True,False,False,
1579,790001.712128,140.0,20.0,False,False,False,
1580,790002.712128,140.0,20.0,True,False,False,
1581,791001.712128,140.0,20.0,False,False,False,
1582,791002.712128,140.0,20.0,True,False,False,
1583,792001.712128,140.0,20.0,False,False,False,
1584,792002.712128,140.0,20.0,True,False,False,
1585,793001.712128,140.0,20.0,False,False,False,
1586,793002.712128,140.0,20.0,True,False,False,
1587,794001.712128,140.0,20.0,False,False,False,
1588,794002.712128,140.0,20.0,True,False,False,
1589,795001.712128,140.0,20.0,False,False,False,
1590,795002.712128,140.0,20.0,True,False,False,
1591,796001.712128,140.0,20.0,False,False,False,
1592,796002.712128,140.0,20.0,True,False,False,
1593,797001.712128,140.0,20.0,False,False,False,
1594,797002.712128,140.0,20.0,True,False,False,
1595,798001.712128,140.0,20.0,False,False,False,
1596,798002.712128,140.0,20.0,True,False,False,
1597,799001.712128,140.0,20.0,False,False,False,
1598,799002.712128,140.0,20.0,True,False,False,
1599,800001.712128,140.0,20.0,True,False,False,
1600,800002.712128,140.0,20.0,True,False,False,
1601,801001.712128,140.0,20.0,False,False,False,
1602,801002.712128,140.0,20.0,True,False,False,
1603,802001.712128,140.0,20.0,False,False,False,
1604,802002.712128,140.0,20.0,True,False,False,
1605,803001.712128,140.0,20.0,False,False,False,
1606,803002.712128,140.0,20.0,True,False,False,
1607,804001.712128,140.0,20.0,False,False,False,
1608,804002.712128,140.0,20.0,True,False,False,
1609,805001.712128,140.0,20.0,False,False,False,
1610,805002.712128,140.0,20.0,True,False,False,
1611,806001.712128,140.0,20.0,False,False,False,
1612,806002.712128,140.0,20.0,True,False,False,
1613,807001.712128,140.0,20.0,False,False,False,
1614,807002.712128,140.0,20.0,True,False,False,
1615,808001.712128,140.0,20.0,False,False,False,
1616,808002.712128,140.0,20.0,True,False,False,
1617,809001.712128,140.0,20.0,False,False,False,
1618,809002.712128,140.0,20.0,True,False,False,
1619,810001.712128,140.0,20.0,False,False,False,
1620,810002.712128,140.0,20.0,True,False,False,
1621,811001.712128,140.0,20.0,False,False,False,
1622,811002.712128,140.0,20.0,True,False,False,
1623,812001.712128,140.0,20.0,False,False,False,
1624,812002.712128,140.0,20.0,True,False,False,
1625,813001.712128,140.0,20.0,False,False,False,
1626,813002.712128,140.0,20.0,True,False,False,
1627,814001.712128,140.0,20.0,False,False,False,
1628,814002.712128,140.0,20.0,True,False,False,
1629,815001.712128,140.0,20.0,False,False,False,
1630,815002.712128,140.0,20.0,True,False,False,
1631,816001.712128,140.0,20.0,False,False,False,
1632,816002.712128,140.0,20.0,True,False,False,
1633,817001.712128,140.0,20.0,False,False,False,
1634,817002.712128,140.0,20.0,True,False,False,
1635,818001.712128,140.0,20.0,False,False,False,
1636,818002.712128,140.0,20.0,True,False,False,
1637,819001.712128,140.0,20.0,False,False,False,
1638,819002.712128,140.0,20.0,True,False,False,
1639,820001.712128,140.0,20.0,False,False,False,
1640,820002.712128,140.0,20.0,True,False,False,
1641,821001.712128,140.0,20.0,False,False,False,
1642,821002.712128,140.0,20.0,True,False,False,
1643,822001.712128,140.0,20.0,False,False,False,
1644,822002.712128,140.0,20.0,True,False,False,
1645,823001.712128,140.0,20.0,False,False,False,
1646,823002.712128,140.0,20.0,True,False,False,
1647,824001.712128,140.0,20.0,False,False,False,
1648,824002.712128,140.0,20.0,True,False,False,
1649,825001.712128,140.0,20.0,False,False,False,
1650,825002.712128,140.0,20.0,True,False,False,
1651,826001.712128,140.0,20.0,False,False,False,
1652,826002.712128,140.0,20.0,True,False,False,
1653,827001.712128,140.0,20.0,False,False,False,
1654,827002.712128,140.0,20.0,True,False,False,
1655,828001.712128,140.0,20.0,False,False,False,
1656,828002.712128,140.0,20.0,True,False,False,
1657,829001.712128,140.0,20.0,False,False,False,
1658,829002.712128,140.0,20.0,True,False,False,
1659,830001.712128,140.0,20.0,False,False,False,
1660,830002.712128,140.0,20.0,True,False,False,
1661,831001.712128,140.0,20.0,False,False,False,
1662,831002.712128,140.0,20.0,True,False,False,
1663,832001.712128,140.0,20.0,False,False,False,
1664,832002.712128,140.0,20.0,True,False,False,
1665,833001.712128,140.0,20.0,False,False,False,
1666,833002.712128,140.0,20.0,True,False,False,
1667,834001.712128,140.0,20.0,False,False,False,
1668,834002.712128,140.0,20.0,True,False,False,
1669,835001.712128,140.0,20.0,False,False,False,
1670,835002.712128,140.0,20.0,True,False,False,
1671,836001.712128,140.0,20.0,False,False,False,
1672,836002.712128,140.0,20.0,True,False,False,
1673,837001.712128,140.0,20.0,False,False,False,
1674,837002.712128,140.0,20.0,True,False,False,
1675,838001.712128,140.0,20.0,False,False,False,
1676,838002.712128,140.0,20.0,True,False,False,
1677,839001.712128,140.0,20.0,False,False,False,
1678,839002.712128,140.0,20.0,True,False,False,
1679,840001.712128,140.0,20.0,False,False,False,
1680,840002.712128,140.0,20.0,True,False,False,
1681,841001.712128,140.0,20.0,False,False,False,
1682,841002.712128,140.0,20.0,True,False,False,
1683,842001.712128,140.0,20.0,False,False,False,
1684,842002.712128,140.0,20.0,True,False,False,
1685,843001.712128,140.0,20.0,False,False,False,
1686,843002.712128,140.0,20.0,True,False,False,
1687,844001.712128,140.0,20.0,False,False,False,
1688,844002.712128,140.0,20.0,True,False,False,
1689,845001.712128,140.0,20.0,False,False,False,
1690,845002.712128,140.0,20.0,True,False,False,
1691,846001.712128,140.0,20.0,False,False,False,
1692,846002.712128,140.0,20.0,True,False,False,
1693,847001.712128,140.0,20.0,False,False,False,
1694,847002.712128,140.0,20.0,True,False,False,
1695,848001.712128,140.0,20.0,False,False,False,
1696,848002.712128,140.0,20.0,True,False,False,
1697,849001.712128,140.0,20.0,False,False,False,
1698,849002.712128,140.0,20.0,True,False,False,
1699,850001.712128,140.0,20.0,False,False,False,
1700,850002.712128,140.0,20.0,True,False,False,
1701,851001.712128,140.0,20.0,False,False,False,
1702,851002.712128,140.0,20.0,True,False,False,
1703,852001.712128,140.0,20.0,False,False,False,
1704,852002.712128,140.0,20.0,True,False,False,
1705,853001.712128,140.0,20.0,False,False,False,
1706,853002.712128,140.0,20.0,True,False,False,
1707,854001.712128,140.0,20.0,True,False,False,
1708,854002.712128,140.0,20.0,True,False,False,
1709,855001.712128,140.0,20.0,False,False,False,
1710,855002.712128,140.0,20.0,True,False,False,
1711,856001.712128,140.0,20.0,False,False,False,
1712,856002.712128,140.0,20.0,True,False,False,
1713,857001.712128,140.0,20.0,False,False,False,
1714,857002.712128,140.0,20.0,True,False,False,
1715,858001.712128,140.0,20.0,False,False,False,
1716,858002.712128,140.0,20.0,True,False,False,
1717,859001.712128,140.0,20.0,False,False,False,
1718,859002.712128,140.0,20.0,True,False,False,
1719,860001.712128,140.0,20.0,True,False,False,
1720,860002.712128,140.0,20.0,True,False,False,
1721,861001.712128,140.0,20.0,False,False,False,
1722,861002.712128,140.0,20.0,True,False,False,
1723,862001.712128,140.0,20.0,False,False,False,
1724,862002.712128,140.0,20.0,True,False,False,
1725,863001.712128,140.0,20.0,False,False,False,
1726,863002.712128,140.0,20.0,True,False,False,
1727,864001.712128,140.0,20.0,False,False,False,
1728,864002.712128,140.0,20.0,True,False,False,
1729,865001.712128,140.0,20.0,False,False,False,
1730,865002.712128,140.0,20.0,True,False,False,
1731,866001.712128,140.0,20.0,False,False,False,
1732,866002.712128,140.0,20.0,True,False,False,
1733,867001.712128,140.0,20.0,False,False,False,
1734,867002.712128,140.0,20.0,True,False,False,
1735,868001.712128,140.0,20.0,False,False,False,
1736,868002.712128,140.0,20.0,True,False,False,
1737,869001.712128,140.0,20.0,False,False,False,
1738,869002.712128,140.0,20.0,True,False,False,
1739,870001.712128,140.0,20.0,False,False,False,
1740,870002.712128,140.0,20.0,True,False,False,
1741,871001.712128,140.0,20.0,False,False,False,
1742,871002.712128,140.0,20.0,True,False,False,
1743,872001.712128,140.0,20.0,False,False,False,
1744,872002.712128,140.0,20.0,True,False,False,
1745,873001.712128,140.0,20.0,False,False,False,
1746,873002.712128,140.0,20.0,True,False,False,
1747,874001.712128,140.0,20.0,True,False,False,
1748,874002.712128,140.0,20.0,True,False,False,
1749,875001.712128,140.0,20.0,False,False,False,
1750,875002.712128,140.0,20.0,True,False,False,
1751,876001.712128,140.0,20.0,False,False,False,
1752,876002.712128,140.0,20.0,True,False,False,
1753,877001.712128,140.0,20.0,False,False,False,
1754,877002.712128,140.0,20.0,True,False,False,
1755,878001.712128,140.0,20.0,False,False,False,
1756,878002.712128,140.0,20.0,True,False,False,
1757,879001.712128,140.0,20.0,False,False,False,
1758,879002.712128,140.0,20.0,True,False,False,
1759,880001.712128,140.0,20.0,False,False,False,
1760,880002.712128,140.0,20.0,True,False,False,
1761,881001.712128,140.0,20.0,False,False,False,
1762,881002.712128,140.0,20.0,True,False,False,
1763,882001.712128,140.0,20.0,False,False,False,
1764,882002.712128,140.0,20.0,True,False,False,
1765,883001.712128,140.0,20.0,False,False,False,
1766,883002.712128,140.0,20.0,True,False,False,
1767,884001.712128,140.0,20.0,False,False,False,
1768,884002.712128,140.0,20.0,True,False,False,
1769,885001.712128,140.0,20.0,False,False,False,
1770,885002.712128,140.0,20.0,True,False,False,
1771,886001.712128,140.0,20.0,True,False,False,
1772,886002.712128,140.0,20.0,True,False,False,
1773,887001.712128,140.0,20.0,False,False,False,
1774,887002.712128,140.0,20.0,True,False,False,
1775,888001.712128,140.0,20.0,False,False,False,
1776,888002.712128,140.0,20.0,True,False,False,
1777,889001.712128,140.0,20.0,False,False,False,
1778,889002.712128,140.0,20.0,True,False,False,
1779,890001.712128,140.0,20.0,False,False,False,
1780,890002.712128,140.0,20.0,True,False,False,
1781,891001.712128,140.0,20.0,False,False,False,
1782,891002.712128,140.0,20.0,True,False,False,
1783,892001.712128,140.0,20.0,False,False,False,
1784,892002.712128,140.0,20.0,True,False,False,
1785,893001.712128,140.0,20.0,False,False,False,
1786,893002.712128,140.0,20.0,True,False,False,
1787,894001.712128,140.0,20.0,False,False,False,
1788,894002.712128,140.0,20.0,True,False,False,
1789,895001.712128,140.0,20.0,False,False,False,
1790,895002.712128,140.0,20.0,True,False,False,
1791,896001.712128,140.0,20.0,False,False,False,
1792,896002.712128,140.0,20.0,True,False,False,
1793,897001.712128,140.0,20.0,False,False,False,
1794,897002.712128,140.0,20.0,True,False,False,
1795,898001.712128,140.0,20.0,False,False,False,
1796,898002.712128,140.0,20.0,True,False,False,
1797,899001.712128,140.0,20.0,False,False,False,
1798,899002.712128,140.0,20.0,True,False,False,
1799,900001.712128,140.0,20.0,False,False,False,
1800,900002.712128,140.0,20.0,True,False,False,
1801,901001.712128,140.0,20.0,False,False,False,
1802,901002.712128,140.0,20.0,True,False,False,
1803,902001.712128,140.0,20.0,False,False,False,
1804,902002.712128,140.0,20.0,True,False,False,
1805,903001.712128,140.0,20.0,False,False,False,
1806,903002.712128,140.0,20.0,True,False,False,
1807,904001.712128,140.0,20.0,False,False,False,
1808,904002.712128,140.0,20.0,True,False,False,
1809,905001.712128,140.0,20.0,False,False,False,
1810,905002.712128,140.0,20.0,True,False,False,
1811,906001.712128,140.0,20.0,False,False,False,
1812,906002.712128,140.0,20.0,True,False,False,
1813,907001.712128,140.0,20.0,False,False,False,
1814,907002.712128,140.0,20.0,True,False,False,
1815,908001.712128,140.0,20.0,False,False,False,
1816,908002.712128,140.0,20.0,True,False,False,
1817,909001.712128,140.0,20.0,False,False,False,
1818,909002.712128,140.0,20.0,True,False,False,
1819,910001.712128,140.0,20.0,False,False,False,
1820,910002.712128,140.0,20.0,True,False,False,
1821,911001.712128,140.0,20.0,False,False,False,
1822,911002.712128,140.0,20.0,True,False,False,
1823,912001.712128,140.0,20.0,False,False,False,
1824,912002.712128,140.0,20.0,True,False,False,
1825,913001.712128,140.0,20.0,False,False,False,
1826,913002.712128,140.0,20.0,True,False,False,
1827,914001.712128,140.0,20.0,False,False,False,
1828,914002.712128,140.0,20.0,True,False,False,
1829,915001.712128,140.0,20.0,False,False,False,
1830,915002.712128,140.0,20.0,True,False,False,
1831,916001.712128,140.0,20.0,False,False,False,
1832,916002.712128,140.0,20.0,True,False,False,
1833,917001.712128,140.0,20.0,False,False,False,
1834,917002.712128,140.0,20.0,True,False,False,
1835,918001.712128,140.0,20.0,False,False,False,
1836,918002.712128,140.0,20.0,True,False,False,
1837,919001.712128,140.0,20.0,False,False,False,
1838,919002.712128,140.0,20.0,True,False,False,
1839,920001.712128,140.0,20.0,False,False,False,
1840,920002.712128,140.0,20.0,True,False,False,
1841,921001.712128,140.0,20.0,False,False,False,
1842,921002.712128,140.0,20.0,True,False,False,
1843,922001.712128,140.0,20.0,False,False,False,
1844,922002.712128,140.0,20.0,True,False,False,
1845,923001.712128,140.0,20.0,False,False,False,
1846,923002.712128,140.0,20.0,True,False,False,
1847,924001.712128,140.0,20.0,False,False,False,
1848,924002.712128,140.0,20.0,True,False,False,
1849,925001.712128,140.0,20.0,False,False,False,
1850,925002.712128,140.0,20.0,True,False,False,
1851,926001.712128,140.0,20.0,False,False,False,
1852,926002.712128,140.0,20.0,True,False,False,
1853,927001.712128,140.0,20.0,False,False,False,
1854,927002.712128,140.0,20.0,True,False,False,
1855,928001.712128,140.0,20.0,False,False,False,
1856,928002.712128,140.0,20.0,True,False,False,
1857,929001.712128,140.0,20.0,False,False,False,
1858,929002.712128,140.0,20.0,True,False,False,
1859,930001.712128,140.0,20.0,False,False,False,
1860,930002.712128,140.0,20.0,True,False,False,
1861,931001.712128,140.0,20.0,False,False,False,
1862,931002.712128,140.0,20.0,True,False,False,
1863,932001.712128,140.0,20.0,False,False,False,
1864,932002.712128,140.0,20.0,True,False,False,
1865,933001.712128,140.0,20.0,False,False,False,
1866,933002.712128,140.0,20.0,True,False,False,
1867,934001.712128,140.0,20.0,False,False,False,
1868,934002.712128,140.0,20.0,True,False,False,
1869,935001.712128,140.0,20.0,False,False,False,
1870,935002.712128,140.0,20.0,True,False,False,
1871,936001.712128,140.0,20.0,False,False,False,
1872,936002.712128,140.0,20.0,True,False,False,
1873,937001.712128,140.0,20.0,False,False,False,
1874,937002.712128,140.0,20.0,True,False,False,
1875,938001.712128,140.0,20.0,False,False,False,
1876,938002.712128,140.0,20.0,True,False,False,
1877,939001.712128,140.0,20.0,False,False,False,
1878,939002.712128,140.0,20.0,True,False,False,
1879,940001.712128,140.0,20.0,True,False,False,
1880,940002.712128,140.0,20.0,True,False,False,
1881,941001.712128,140.0,20.0,False,False,False,
1882,941002.712128,140.0,20.0,True,False,False,
1883,942001.712128,140.0,20.0,False,False,False,
1884,942002.712128,140.0,20.0,True,False,False,
1885,943001.712128,140.0,20.0,False,False,False,
1886,943002.712128,140.0,20.0,True,False,False,
1887,944001.712128,140.0,20.0,False,False,False,
1888,944002.712128,140.0,20.0,True,False,False,
1889,945001.712128,140.0,20.0,False,False,False,
1890,945002.712128,140.0,20.0,True,False,False,
1891,946001.712128,140.0,20.0,False,False,False,
1892,946002.712128,140.0,20.0,True,False,False,
1893,947001.712128,140.0,20.0,False,False,False,
1894,947002.712128,140.0,20.0,True,False,False,
1895,948001.712128,140.0,20.0,False,False,False,
1896,948002.712128,140.0,20.0,True,False,False,
1897,949001.712128,140.0,20.0,False,False,False,
1898,949002.712128,140.0,20.0,True,False,False,
1899,950001.712128,140.0,20.0,False,False,False,
1900,950002.712128,140.0,20.0,True,False,False,
1901,951001.712128,140.0,20.0,False,False,False,
1902,951002.712128,140.0,20.0,True,False,False,
1903,952001.712128,140.0,20.0,False,False,False,
1904,952002.712128,140.0,20.0,True,False,False,
1905,953001.712128,140.0,20.0,False,False,False,
1906,953002.712128,140.0,20.0,True,False,False,
1907,954001.712128,140.0,20.0,False,False,False,
1908,954002.712128,140.0,20.0,True,False,False,
1909,955001.712128,140.0,20.0,False,False,False,
1910,955002.712128,140.0,20.0,True,False,False,
1911,956001.712128,140.0,20.0,False,False,False,
1912,956002.712128,140.0,20.0,True,False,False,
1913,957001.712128,140.0,20.0,False,False,False,
1914,957002.712128,140.0,20.0,True,False,False,
1915,958001.712128,140.0,20.0,False,False,False,
1916,958002.712128,140.0,20.0,True,False,False,
1917,959001.712128,140.0,20.0,False,False,False,
1918,959002.712128,140.0,20.0,True,False,False,
1919,960001.712128,140.0,20.0,False,False,False,
1920,960002.712128,140.0,20.0,True,False,False,
1921,961001.712128,140.0,20.0,False,False,False,
1922,961002.712128,140.0,20.0,True,False,False,
1923,962001.712128,140.0,20.0,False,False,False,
1924,962002.712128,140.0,20.0,True,False,False,
1925,963001.712128,140.0,20.0,False,False,False,
1926,963002.712128,140.0,20.0,True,False,False,
1927,964001.712128,140.0,20.0,True,False,False,
1928,964002.712128,140.0,20.0,True,False,False,
1929,965001.712128,140.0,20.0,True,False,False,
1930,965002.712128,140.0,20.0,True,False,False,
1931,966001.712128,140.0,20.0,False,False,False,
1932,966002.712128,140.0,20.0,True,False,False,
1933,967001.712128,140.0,20.0,False,False,False,
1934,967002.712128,140.0,20.0,True,False,False,
1935,968001.712128,140.0,20.0,False,False,False,
1936,968002.712128,140.0,20.0,True,False,False,
1937,969001.712128,140.0,20.0,False,False,False,
1938,969002.712128,140.0,20.0,True,False,False,
1939,970001.712128,140.0,20.0,False,False,False,
1940,970002.712128,140.0,20.0,True,False,False,
1941,971001.712128,140.0,20.0,False,False,False,
1942,971002.712128,140.0,20.0,True,False,False,
1943,972001.712128,140.0,20.0,False,False,False,
1944,972002.712128,140.0,20.0,True,False,False,
1945,973001.712128,140.0,20.0,False,False,False,
1946,973002.712128,140.0,20.0,True,False,False,
1947,974001.712128,140.0,20.0,False,False,False,
1948,974002.712128,140.0,20.0,True,False,False,
1949,975001.712128,140.0,20.0,False,False,False,
1950,975002.712128,140.0,20.0,True,False,False,
1951,976001.712128,140.0,20.0,False,False,False,
1952,976002.712128,140.0,20.0,True,False,False,
1953,977001.712128,140.0,20.0,False,False,False,
1954,977002.712128,140.0,20.0,True,False,False,
1955,978001.712128,140.0,20.0,False,False,False,
1956,978002.712128,140.0,20.0,True,False,False,
1957,979001.712128,140.0,20.0,False,False,False,
1958,979002.712128,140.0,20.0,True,False,False,
1959,980001.712128,140.0,20.0,False,False,False,
1960,980002.712128,140.0,20.0,True,False,False,
1961,981001.712128,140.0,20.0,False,False,False,
1962,981002.712128,140.0,20.0,True,False,False,
1963,982001.712128,140.0,20.0,False,False,False,
1964,982002.712128,140.0,20.0,True,False,False,
1965,983001.712128,140.0,20.0,False,False,False,
1966,983002.712128,140.0,20.0,True,False,False,
1967,984001.712128,140.0,20.0,False,False,False,
1968,984002.712128,140.0,20.0,True,False,False,
1969,985001.712128,140.0,20.0,False,False,False,
1970,985002.712128,140.0,20.0,True,False,False,
1971,986001.712128,140.0,20.0,False,False,False,
1972,986002.712128,140.0,20.0,True,False,False,
1973,987001.712128,140.0,20.0,False,False,False,
1974,987002.712128,140.0,20.0,True,False,False,
1975,988001.712128,140.0,20.0,False,False,False,
1976,988002.712128,140.0,20.0,True,False,False,
1977,989001.712128,140.0,20.0,False,False,False,
1978,989002.712128,140.0,20.0,True,False,False,
1979,990001.712128,140.0,20.0,False,False,False,
1980,990002.712128,140.0,20.0,True,False,False,
1981,991001.712128,140.0,20.0,False,False,False,
1982,991002.712128,140.0,20.0,True,False,False,
1983,992001.712128,140.0,20.0,False,False,False,
1984,992002.712128,140.0,20.0,True,False,False,
1985,993001.712128,140.0,20.0,True,False,False,
1986,993002.712128,140.0,20.0,True,False,False,
1987,994001.712128,140.0,20.0,False,False,False,
1988,994002.712128,140.0,20.0,True,False,False,
1989,995001.712128,140.0,20.0,False,False,False,
1990,995002.712128,140.0,20.0,True,False,False,
1991,996001.712128,140.0,20.0,False,False,False,
1992,996002.712128,140.0,20.0,True,False,False,
1993,997001.712128,140.0,20.0,False,False,False,
1994,997002.712128,140.0,20.0,True,False,False,
1995,998001.712128,140.0,20.0,False,False,False,
1996,998002.712128,140.0,20.0,True,False,False,
1997,999001.712128,140.0,20.0,False,False,False,
1998,999002.712128,140.0,20.0,True,False,False,
1999,1000001.712128,140.0,20.0,False,False,False,
2000,1000002.712128,140.0,20.0,True,False,False,
2001,1001001.712128,140.0,20.0,False,False,False,
2002,1001002.712128,140.0,20.0,True,False,False,
2003,1002001.712128,140.0,20.0,True,False,False,
2004,1002002.712128,140.0,20.0,True,False,False,
2005,1003001.712128,140.0,20.0,False,False,False,
2006,1003002.712128,140.0,20.0,True,False,False,
2007,1004001.712128,140.0,20.0,False,False,False,
2008,1004002.712128,140.0,20.0,True,False,False,
2009,1005001.712128,140.0,20.0,False,False,False,
2010,1005002.712128,140.0,20.0,True,False,False,
2011,1006001.712128,140.0,20.0,False,False,False,
2012,1006002.712128,140.0,20.0,True,False,False,
2013,1007001.712128,140.0,20.0,True,False,False,
2014,1007002.712128,140.0,20.0,True,False,False,
2015,1008001.712128,140.0,20.0,False,False,False,
2016,1008002.712128,140.0,20.0,True,False,False,
2017,1009001.712128,140.0,20.0,False,False,False,
2018,1009002.712128,140.0,20.0,True,False,False,
2019,1010001.712128,140.0,20.0,False,False,False,
2020,1010002.712128,140.0,20.0,True,False,False,
2021,1011001.712128,140.0,20.0,False,False,False,
2022,1011002.712128,140.0,20.0,True,False,False,
2023,1012001.712128,140.0,20.0,False,False,False,
2024,1012002.712128,140.0,20.0,True,False,False,
2025,1013001.712128,140.0,20.0,False,False,False,
2026,1013002.712128,140.0,20.0,True,False,False,
2027,1014001.712128,140.0,20.0,False,False,False,
2028,1014002.712128,140.0,20.0,True,False,False,
2029,1015001.712128,140.0,20.0,False,False,False,
2030,1015002.712128,140.0,20.0,True,False,False,
2031,1016001.712128,140.0,20.0,False,False,False,
2032,1016002.712128,140.0,20.0,True,False,False,
2033,1017001.712128,140.0,20.0,False,False,False,
2034,1017002.712128,140.0,20.0,True,False,False,
2035,1018001.712128,140.0,20.0,False,False,False,
2036,1018002.712128,140.0,20.0,True,False,False,
2037,1019001.712128,140.0,20.0,False,False,False,
2038,1019002.712128,140.0,20.0,True,False,False,
2039,1020001.712128,140.0,20.0,False,False,False,
2040,1020002.712128,140.0,20.0,True,False,False,
2041,1021001.712128,140.0,20.0,False,False,False,
2042,1021002.712128,140.0,20.0,True,False,False,
2043,1022001.712128,140.0,20.0,False,False,False,
2044,1022002.712128,140.0,20.0,True,False,False,
2045,1023001.712128,140.0,20.0,False,False,False,
2046,1023002.712128,140.0,20.0,True,False,False,
2047,1024001.712128,140.0,20.0,False,False,False,
2048,1024002.712128,140.0,20.0,True,False,False,
2049,1025001.712128,140.0,20.0,False,False,False,
2050,1025002.712128,140.0,20.0,True,False,False,
2051,1026001.712128,140.0,20.0,False,False,False,
2052,1026002.712128,140.0,20.0,True,False,False,
2053,1027001.712128,140.0,20.0,False,False,False,
2054,1027002.712128,140.0,20.0,True,False,False,
2055,1028001.712128,140.0,20.0,False,False,False,
2056,1028002.712128,140.0,20.0,True,False,False,
2057,1029001.712128,140.0,20.0,False,False,False,
2058,1029002.712128,140.0,20.0,True,False,False,
2059,1030001.712128,140.0,20.0,False,False,False,
2060,1030002.712128,140.0,20.0,True,False,False,
2061,1031001.712128,140.0,20.0,False,False,False,
2062,1031002.712128,140.0,20.0,True,False,False,
2063,1032001.712128,140.0,20.0,False,False,False,
2064,1032002.712128,140.0,20.0,True,False,False,
2065,1033001.712128,140.0,20.0,True,False,False,
2066,1033002.712128,140.0,20.0,True,False,False,
2067,1034001.712128,140.0,20.0,False,False,False,
2068,1034002.712128,140.0,20.0,True,False,False,
2069,1035001.712128,140.0,20.0,False,False,False,
2070,1035002.712128,140.0,20.0,True,False,False,
2071,1036001.712128,140.0,20.0,False,False,False,
2072,1036002.712128,140.0,20.0,True,False,False,
2073,1037001.712128,140.0,20.0,False,False,False,
2074,1037002.712128,140.0,20.0,True,False,False,
2075,1038001.712128,140.0,20.0,False,False,False,
2076,1038002.712128,140.0,20.0,True,False,False,
2077,1039001.712128,140.0,20.0,False,False,False,
2078,1039002.712128,140.0,20.0,True,False,False,
2079,1040001.712128,140.0,20.0,False,False,False,
2080,1040002.712128,140.0,20.0,True,False,False,
2081,1041001.712128,140.0,20.0,False,False,False,
2082,1041002.712128,140.0,20.0,True,False,False,
2083,1042001.712128,140.0,20.0,False,False,False,
2084,1042002.712128,140.0,20.0,True,False,False,
2085,1043001.712128,140.0,20.0,False,False,False,
2086,1043002.712128,140.0,20.0,True,False,False,
2087,1044001.712128,140.0,20.0,False,False,False,
2088,1044002.712128,140.0,20.0,True,False,False,
2089,1045001.712128,140.0,20.0,True,False,False,
2090,1045002.712128,140.0,20.0,True,False,False,
2091,1046001.712128,140.0,20.0,False,False,False,
2092,1046002.712128,140.0,20.0,True,False,False,
2093,1047001.712128,140.0,20.0,False,False,False,
2094,1047002.712128,140.0,20.0,True,False,False,
2095,1048001.712128,140.0,20.0,False,False,False,
2096,1048002.712128,140.0,20.0,True,False,False,
2097,1049001.7121279999,140.0,20.0,False,False,False,
2098,1049002.7121279999,140.0,20.0,True,False,False,
2099,1050001.7121279999,140.0,20.0,False,False,False,
2100,1050002.7121279999,140.0,20.0,True,False,False,
2101,1051001.7121279999,140.0,20.0,False,False,False,
2102,1051002.7121279999,140.0,20.0,True,False,False,
2103,1052001.7121279999,140.0,20.0,False,False,False,
2104,1052002.7121279999,140.0,20.0,True,False,False,
2105,1053001.7121279999,140.0,20.0,False,False,False,
2106,1053002.7121279999,140.0,20.0,True,False,False,
2107,1054001.7121279999,140.0,20.0,False,False,False,
2108,1054002.7121279999,140.0,20.0,True,False,False,
2109,1055001.7121279999,140.0,20.0,False,False,False,
2110,1055002.7121279999,140.0,20.0,True,False,False,
2111,1056001.7121279999,140.0,20.0,False,False,False,
2112,1056002.7121279999,140.0,20.0,True,False,False,
2113,1057001.7121279999,140.0,20.0,False,False,False,
2114,1057002.7121279999,140.0,20.0,True,False,False,
2115,1058001.7121279999,140.0,20.0,False,False,False,
2116,1058002.7121279999,140.0,20.0,True,False,False,
2117,1059001.7121279999,140.0,20.0,False,False,False,
2118,1059002.7121279999,140.0,20.0,True,False,False,
2119,1060001.7121279999,140.0,20.0,False,False,False,
2120,1060002.7121279999,140.0,20.0,True,False,False,
2121,1061001.7121279999,140.0,20.0,False,False,False,
2122,1061002.7121279999,140.0,20.0,True,False,False,
2123,1062001.7121279999,140.0,20.0,False,False,False,
2124,1062002.7121279999,140.0,20.0,True,False,False,
2125,1063001.7121279999,140.0,20.0,False,False,False,
2126,1063002.7121279999,140.0,20.0,True,False,False,
2127,1064001.7121279999,140.0,20.0,True,False,False,
2128,1064002.7121279999,140.0,20.0,True,False,False,
2129,1065001.7121279999,140.0,20.0,False,False,False,
2130,1065002.7121279999,140.0,20.0,True,False,False,
2131,1066001.7121279999,140.0,20.0,False,False,False,
2132,1066002.7121279999,140.0,20.0,True,False,False,
2133,1067001.7121279999,140.0,20.0,False,False,False,
2134,1067002.7121279999,140.0,20.0,True,False,False,
2135,1068001.7121279999,140.0,20.0,False,False,False,
2136,1068002.7121279999,140.0,20.0,True,False,False,
2137,1069001.7121279999,140.0,20.0,False,False,False,
2138,1069002.7121279999,140.0,20.0,True,False,False,
2139,1070001.7121279999,140.0,20.0,False,False,False,
2140,1070002.7121279999,140.0,20.0,True,False,False,
2141,1071001.7121279999,140.0,20.0,False,False,False,
2142,1071002.7121279999,140.0,20.0,True,False,False,
2143,1072001.7121279999,140.0,20.0,False,False,False,
2144,1072002.7121279999,140.0,20.0,True,False,False,
2145,1073001.7121279999,140.0,20.0,True,False,False,
2146,1073002.7121279999,140.0,20.0,True,False,False,
2147,1074001.7121279999,140.0,20.0,False,False,False,
2148,1074002.7121279999,140.0,20.0,True,False,False,
2149,1075001.7121279999,140.0,20.0,False,False,False,
2150,1075002.7121279999,140.0,20.0,True,False,False,
2151,1076001.7121279999,140.0,20.0,False,False,False,
2152,1076002.7121279999,140.0,20.0,True,False,False,
2153,1077001.7121279999,140.0,20.0,False,False,False,
2154,1077002.7121279999,140.0,20.0,True,False,False,
2155,1078001.7121279999,140.0,20.0,False,False,False,
2156,1078002.7121279999,140.0,20.0,True,False,False,
2157,1079001.7121279999,140.0,20.0,False,False,False,
2158,1079002.7121279999,140.0,20.0,True,False,False,
2159,1080001.7121279999,140.0,20.0,False,False,False,
2160,1080002.7121279999,140.0,20.0,True,False,False,
2161,1081001.7121279999,140.0,20.0,False,False,False,
2162,1081002.7121279999,140.0,20.0,True,False,False,
2163,1082001.7121279999,140.0,20.0,False,False,False,
2164,1082002.7121279999,140.0,20.0,True,False,False,
2165,1083001.7121279999,140.0,20.0,False,False,False,
2166,1083002.7121279999,140.0,20.0,True,False,False,
2167,1084001.7121279999,140.0,20.0,False,False,False,
2168,1084002.7121279999,140.0,20.0,True,False,False,
2169,1085001.7121279999,140.0,20.0,False,False,False,
2170,1085002.7121279999,140.0,20.0,True,False,False,
2171,1086001.7121279999,140.0,20.0,False,False,False,
2172,1086002.7121279999,140.0,20.0,True,False,False,
2173,1087001.7121279999,140.0,20.0,False,False,False,
2174,1087002.7121279999,140.0,20.0,True,False,False,
2175,1088001.7121279999,140.0,20.0,False,False,False,
2176,1088002.7121279999,140.0,20.0,True,False,False,
2177,1089001.7121279999,140.0,20.0,False,False,False,
2178,1089002.7121279999,140.0,20.0,True,False,False,
2179,1090001.7121279999,140.0,20.0,False,False,False,
2180,1090002.7121279999,140.0,20.0,True,False,False,
2181,1091001.7121279999,140.0,20.0,False,False,False,
2182,1091002.7121279999,140.0,20.0,True,False,False,
2183,1092001.7121279999,140.0,20.0,True,False,False,
2184,1092002.7121279999,140.0,20.0,True,False,False,
2185,1093001.7121279999,140.0,20.0,False,False,False,
2186,1093002.7121279999,140.0,20.0,True,False,False,
2187,1094001.7121279999,140.0,20.0,False,False,False,
2188,1094002.7121279999,140.0,20.0,True,False,False,
2189,1095001.7121279999,140.0,20.0,False,False,False,
2190,1095002.7121279999,140.0,20.0,True,False,False,
2191,1096001.7121279999,140.0,20.0,True,False,False,
2192,1096002.7121279999,140.0,20.0,True,False,False,
2193,1097001.7121279999,140.0,20.0,False,False,False,
2194,1097002.7121279999,140.0,20.0,True,False,False,
2195,1098001.7121279999,140.0,20.0,False,False,False,
2196,1098002.7121279999,140.0,20.0,True,False,False,
2197,1099001.7121279999,140.0,20.0,False,False,False,
2198,1099002.7121279999,140.0,20.0,True,False,False,
2199,1100001.7121279999,140.0,20.0,False,False,False,
2200,1100002.7121279999,140.0,20.0,True,False,False,
2201,1101001.7121279999,140.0,20.0,False,False,False,
2202,1101002.7121279999,140.0,20.0,True,False,False,
2203,1102001.7121279999,140.0,20.0,False,False,False,
2204,1102002.7121279999,140.0,20.0,True,False,False,
2205,1103001.7121279999,140.0,20.0,False,False,False,
2206,1103002.7121279999,140.0,20.0,True,False,False,
2207,1104001.7121279999,140.0,20.0,False,False,False,
2208,1104002.7121279999,140.0,20.0,True,False,False,
2209,1105001.7121279999,140.0,20.0,False,False,False,
2210,1105002.7121279999,140.0,20.0,True,False,False,
2211,1106001.7121279999,140.0,20.0,False,False,False,
2212,1106002.7121279999,140.0,20.0,True,False,False,
2213,1107001.7121279999,140.0,20.0,False,False,False,
2214,1107002.7121279999,140.0,20.0,True,False,False,
2215,1108001.7121279999,140.0,20.0,False,False,False,
2216,1108002.7121279999,140.0,20.0,True,False,False,
2217,1109001.7121279999,140.0,20.0,False,False,False,
2218,1109002.7121279999,140.0,20.0,True,False,False,
2219,1110001.7121279999,140.0,20.0,False,False,False,
2220,1110002.7121279999,140.0,20.0,True,False,False,
2221,1111001.7121279999,140.0,20.0,False,False,False,
2222,1111002.7121279999,140.0,20.0,True,False,False,
2223,1112001.7121279999,140.0,20.0,False,False,False,
2224,1112002.7121279999,140.0,20.0,True,False,False,
2225,1113001.7121279999,140.0,20.0,False,False,False,
2226,1113002.7121279999,140.0,20.0,True,False,False,
2227,1114001.7121279999,140.0,20.0,False,False,False,
2228,1114002.7121279999,140.0,20.0,True,False,False,
2229,1115001.7121279999,140.0,20.0,False,False,False,
2230,1115002.7121279999,140.0,20.0,True,False,False,
2231,1116001.7121279999,140.0,20.0,False,False,False,
2232,1116002.7121279999,140.0,20.0,True,False,False,
2233,1117001.7121279999,140.0,20.0,False,False,False,
2234,1117002.7121279999,140.0,20.0,True,False,False,
2235,1118001.7121279999,140.0,20.0,False,False,False,
2236,1118002.7121279999,140.0,20.0,True,False,False,
2237,1119001.7121279999,140.0,20.0,False,False,False,
2238,1119002.7121279999,140.0,20.0,True,False,False,
2239,1120001.7121279999,140.0,20.0,False,False,False,
2240,1120002.7121279999,140.0,20.0,True,False,False,
2241,1121001.7121279999,140.0,20.0,False,False,False,
2242,1121002.7121279999,140.0,20.0,True,False,False,
2243,1122001.7121279999,140.0,20.0,False,False,False,
2244,1122002.7121279999,140.0,20.0,True,False,False,
2245,1123001.7121279999,140.0,20.0,True,False,False,
2246,1123002.7121279999,140.0,20.0,True,False,False,
2247,1124001.7121279999,140.0,20.0,False,False,False,
2248,1124002.7121279999,140.0,20.0,True,False,False,
2249,1125001.7121279999,140.0,20.0,False,False,False,
2250,1125002.7121279999,140.0,20.0,True,False,False,
2251,1126001.7121279999,140.0,20.0,False,False,False,
2252,1126002.7121279999,140.0,20.0,True,False,False,
2253,1127001.7121279999,140.0,20.0,False,False,False,
2254,1127002.7121279999,140.0,20.0,True,False,False,
2255,1128001.7121279999,140.0,20.0,False,False,False,
2256,1128002.7121279999,140.0,20.0,True,False,False,
2257,1129001.7121279999,140.0,20.0,False,False,False,
2258,1129002.7121279999,140.0,20.0,True,False,False,
2259,1130001.7121279999,140.0,20.0,False,False,False,
2260,1130002.7121279999,140.0,20.0,True,False,False,
2261,1131001.7121279999,140.0,20.0,False,False,False,
2262,1131002.7121279999,140.0,20.0,True,False,False,
2263,1132001.7121279999,140.0,20.0,False,False,False,
2264,1132002.7121279999,140.0,20.0,True,False,False,
2265,1133001.7121279999,140.0,20.0,False,False,False,
2266,1133002.7121279999,140.0,20.0,True,False,False,
2267,1134001.7121279999,140.0,20.0,False,False,False,
2268,1134002.7121279999,140.0,20.0,True,False,False,
2269,1135001.7121279999,140.0,20.0,False,False,False,
2270,1135002.7121279999,140.0,20.0,True,False,False,
2271,1136001.7121279999,140.0,20.0,False,False,False,
2272,1136002.7121279999,140.0,20.0,True,False,False,
2273,1137001.7121279999,140.0,20.0,False,False,False,
2274,1137002.7121279999,140.0,20.0,True,False,False,
2275,1138001.7121279999,140.0,20.0,False,False,False,
2276,1138002.7121279999,140.0,20.0,True,False,False,
2277,1139001.7121279999,140.0,20.0,False,False,False,
2278,1139002.7121279999,140.0,20.0,True,False,False,
2279,1140001.7121279999,140.0,20.0,False,False,False,
2280,1140002.7121279999,140.0,20.0,True,False,False,
2281,1141001.7121279999,140.0,20.0,False,False,False,
2282,1141002.7121279999,140.0,20.0,True,False,False,
2283,1142001.7121279999,140.0,20.0,False,False,False,
2284,1142002.7121279999,140.0,20.0,True,False,False,
2285,1143001.7121279999,140.0,20.0,False,False,False,
2286,1143002.7121279999,140.0,20.0,True,False,False,
2287,1144001.7121279999,140.0,20.0,False,False,False,
2288,1144002.7121279999,140.0,20.0,True,False,False,
2289,1145001.7121279999,140.0,20.0,False,False,False,
2290,1145002.7121279999,140.0,20.0,True,False,False,
2291,1146001.7121279999,140.0,20.0,False,False,False,
2292,1146002.7121279999,140.0,20.0,True,False,False,
2293,1147001.7121279999,140.0,20.0,False,False,False,
2294,1147002.7121279999,140.0,20.0,True,False,False,
2295,1148001.7121279999,140.0,20.0,False,False,False,
2296,1148002.7121279999,140.0,20.0,True,False,False,
2297,1149001.7121279999,140.0,20.0,False,False,False,
2298,1149002.7121279999,140.0,20.0,True,False,False,
2299,1150001.7121279999,140.0,20.0,False,False,False,
2300,1150002.7121279999,140.0,20.0,True,False,False,
2301,1151001.7121279999,140.0,20.0,False,False,False,
2302,1151002.7121279999,140.0,20.0,True,False,False,
2303,1152001.7121279999,140.0,20.0,False,False,False,
2304,1152002.7121279999,140.0,20.0,True,False,False,
2305,1153001.7121279999,140.0,20.0,True,False,False,
2306,1153002.7121279999,140.0,20.0,True,False,False,
2307,1154001.7121279999,140.0,20.0,False,False,False,
2308,1154002.7121279999,140.0,20.0,True,False,False,
2309,1155001.7121279999,140.0,20.0,False,False,False,
2310,1155002.7121279999,140.0,20.0,True,False,False,
2311,1156001.7121279999,140.0,20.0,False,False,False,
2312,1156002.7121279999,140.0,20.0,True,False,False,
2313,1157001.7121279999,140.0,20.0,False,False,False,
2314,1157002.7121279999,140.0,20.0,True,False,False,
2315,1158001.7121279999,140.0,20.0,False,False,False,
2316,1158002.7121279999,140.0,20.0,True,False,False,
2317,1159001.7121279999,140.0,20.0,False,False,False,
2318,1159002.7121279999,140.0,20.0,True,False,False,
2319,1160001.7121279999,140.0,20.0,False,False,False,
2320,1160002.7121279999,140.0,20.0,True,False,False,
2321,1161001.7121279999,140.0,20.0,False,False,False,
2322,1161002.7121279999,140.0,20.0,True,False,False,
2323,1162001.7121279999,140.0,20.0,False,False,False,
2324,1162002.7121279999,140.0,20.0,True,False,False,
2325,1163001.7121279999,140.0,20.0,True,False,False,
2326,1163002.7121279999,140.0,20.0,True,False,False,
2327,1164001.7121279999,140.0,20.0,False,False,False,
2328,1164002.7121279999,140.0,20.0,True,False,False,
2329,1165001.7121279999,140.0,20.0,False,False,False,
2330,1165002.7121279999,140.0,20.0,True,False,False,
2331,1166001.7121279999,140.0,20.0,False,False,False,
2332,1166002.7121279999,140.0,20.0,True,False,False,
2333,1167001.7121279999,140.0,20.0,False,False,False,
2334,1167002.7121279999,140.0,20.0,True,False,False,
2335,1168001.7121279999,140.0,20.0,False,False,False,
2336,1168002.7121279999,140.0,20.0,True,False,False,
2337,1169001.7121279999,140.0,20.0,False,False,False,
2338,1169002.7121279999,140.0,20.0,True,False,False,
2339,1170001.7121279999,140.0,20.0,False,False,False,
2340,1170002.7121279999,140.0,20.0,True,False,False,
2341,1171001.7121279999,140.0,20.0,False,False,False,
2342,1171002.7121279999,140.0,20.0,True,False,False,
2343,1172001.7121279999,140.0,20.0,False,False,False,
2344,1172002.7121279999,140.0,20.0,True,False,False,
2345,1173001.7121279999,140.0,20.0,True,False,False,
2346,1173002.7121279999,140.0,20.0,True,False,False,
2347,1174001.7121279999,140.0,20.0,False,False,False,
2348,1174002.7121279999,140.0,20.0,True,False,False,
2349,1175001.7121279999,140.0,20.0,False,False,False,
2350,1175002.7121279999,140.0,20.0,True,False,False,
2351,1176001.7121279999,140.0,20.0,False,False,False,
2352,1176002.7121279999,140.0,20.0,True,False,False,
2353,1177001.7121279999,140.0,20.0,False,False,False,
2354,1177002.7121279999,140.0,20.0,True,False,False,
2355,1178001.7121279999,140.0,20.0,False,False,False,
2356,1178002.7121279999,140.0,20.0,True,False,False,
2357,1179001.7121279999,140.0,20.0,False,False,False,
2358,1179002.7121279999,140.0,20.0,True,False,False,
2359,1180001.7121279999,140.0,20.0,False,False,False,
2360,1180002.7121279999,140.0,20.0,True,False,False,
2361,1181001.7121279999,140.0,20.0,False,False,False,
2362,1181002.7121279999,140.0,20.0,True,False,False,
2363,1182001.7121279999,140.0,20.0,False,False,False,
2364,1182002.7121279999,140.0,20.0,True,False,False,
2365,1183001.7121279999,140.0,20.0,False,False,False,
2366,1183002.7121279999,140.0,20.0,True,False,False,
2367,1184001.7121279999,140.0,20.0,False,False,False,
2368,1184002.7121279999,140.0,20.0,True,False,False,
2369,1185001.7121279999,140.0,20.0,False,False,False,
2370,1185002.7121279999,140.0,20.0,True,False,False,
2371,1186001.7121279999,140.0,20.0,False,False,False,
2372,1186002.7121279999,140.0,20.0,True,False,False,
2373,1187001.7121279999,140.0,20.0,False,False,False,
2374,1187002.7121279999,140.0,20.0,True,False,False,
2375,1188001.7121279999,140.0,20.0,False,False,False,
2376,1188002.7121279999,140.0,20.0,True,False,False,
2377,1189001.7121279999,140.0,20.0,False,False,False,
2378,1189002.7121279999,140.0,20.0,True,False,False,
2379,1190001.7121279999,140.0,20.0,False,False,False,
2380,1190002.7121279999,140.0,20.0,True,False,False,
2381,1191001.7121279999,140.0,20.0,False,False,False,
2382,1191002.7121279999,140.0,20.0,True,False,False,
2383,1192001.7121279999,140.0,20.0,False,False,False,
2384,1192002.7121279999,140.0,20.0,True,False,False,
2385,1193001.7121279999,140.0,20.0,False,False,False,
2386,1193002.7121279999,140.0,20.0,True,False,False,
2387,1194001.7121279999,140.0,20.0,True,False,False,
2388,1194002.7121279999,140.0,20.0,True,False,False,
2389,1195001.7121279999,140.0,20.0,False,False,False,
2390,1195002.7121279999,140.0,20.0,True,False,False,
2391,1196001.7121279999,140.0,20.0,False,False,False,
2392,1196002.7121279999,140.0,20.0,True,False,False,
2393,1197001.7121279999,140.0,20.0,False,False,False,
2394,1197002.7121279999,140.0,20.0,True,False,False,
2395,1198001.7121279999,140.0,20.0,False,False,False,
2396,1198002.7121279999,140.0,20.0,True,False,False,
2397,1199001.7121279999,140.0,20.0,False,False,False,
2398,1199002.7121279999,140.0,20.0,True,False,False,
2399,1200001.7121279999,140.0,20.0,True,False,False,
2400,1200002.7121279999,140.0,20.0,True,False,False,
