id,time,snr,rssi,collision,missed_start,missed_end,interrupted
1,1000.0760329999999,128.0,8.0,True,False,False,
2,1000.0810329999999,140.0,20.0,True,False,False,
3,2000.076032,128.0,8.0,True,False,False,
4,2000.0810319999998,140.0,20.0,True,False,False,
5,3000.076032,128.0,8.0,True,False,False,
6,3000.081032,140.0,20.0,True,False,False,
7,4000.076032,128.0,8.0,True,False,False,
8,4000.0810319999996,140.0,20.0,True,False,False,
9,5000.076032,128.0,8.0,True,False,False,
10,5000.081032,140.0,20.0,True,False,False,
11,6000.076032,128.0,8.0,True,False,False,
12,6000.081032,140.0,20.0,True,False,False,
13,7000.076032,128.0,8.0,True,False,False,
14,7000.081032,140.0,20.0,True,False,False,
15,8000.076032,128.0,8.0,True,False,False,
16,8000.081032,140.0,20.0,True,False,False,
17,9000.076031999999,128.0,8.0,True,False,False,
18,9000.081032,140.0,20.0,True,False,False,
19,10000.076031999999,128.0,8.0,True,False,False,
20,10000.081032,140.0,20.0,True,False,False,
21,11000.076031999999,128.0,8.0,True,False,False,
22,11000.081032,140.0,20.0,True,False,False,
23,12000.076031999999,128.0,8.0,True,False,False,
24,12000.081032,140.0,20.0,True,False,False,
25,13000.076031999999,128.0,8.0,True,False,False,
26,13000.081032,140.0,20.0,True,False,False,
27,14000.076031999999,128.0,8.0,True,False,False,
28,14000.081032,140.0,20.0,True,False,False,
29,15000.076031999999,128.0,8.0,True,False,False,
30,15000.081032,140.0,20.0,True,False,False,
31,16000.076031999999,128.0,8.0,True,False,False,
32,16000.081032,140.0,20.0,True,False,False,
33,17000.076032,128.0,8.0,True,False,False,
34,17000.081032,140.0,20.0,True,False,False,
35,18000.076032,128.0,8.0,True,False,False,
36,18000.081032,140.0,20.0,True,False,False,
37,19000.076032,128.0,8.0,True,False,False,
38,19000.081032,140.0,20.0,True,False,False,
39,20000.076032,128.0,8.0,True,False,False,
40,20000.081032,140.0,20.0,True,False,False,
41,21000.076032,128.0,8.0,True,False,False,
42,21000.081032,140.0,20.0,True,False,False,
43,22000.076031999997,128.0,8.0,True,False,False,
44,22000.081032,140.0,20.0,True,False,False,
45,23000.076031999997,128.0,8.0,True,False,False,
46,23000.081032,140.0,20.0,True,False,False,
47,24000.076031999997,128.0,8.0,True,False,False,
48,24000.081032,140.0,20.0,True,False,False,
49,25000.076031999997,128.0,8.0,True,False,False,
50,25000.081032,140.0,20.0,True,False,False,
51,26000.076031999997,128.0,8.0,True,False,False,
52,26000.081032,140.0,20.0,True,False,False,
53,27000.076031999997,128.0,8.0,True,False,False,
54,27000.081032,140.0,20.0,True,False,False,
55,28000.076031999997,128.0,8.0,True,False,False,
56,28000.081032,140.0,20.0,True,False,False,
57,29000.076031999997,128.0,8.0,True,False,False,
58,29000.081032,140.0,20.0,True,False,False,
59,30000.076031999997,128.0,8.0,True,False,False,
60,30000.081032,140.0,20.0,True,False,False,
61,31000.076031999997,128.0,8.0,True,False,False,
62,31000.081032,140.0,20.0,True,False,False,
63,32000.076031999997,128.0,8.0,True,False,False,
64,32000.081032,140.0,20.0,True,False,False,
65,33000.076032,128.0,8.0,True,False,False,
66,33000.081032,140.0,20.0,True,False,False,
67,34000.076032,128.0,8.0,True,False,False,
68,34000.081032,140.0,20.0,True,False,False,
69,35000.076032,128.0,8.0,True,False,False,
70,35000.081032,140.0,20.0,True,False,False,
71,36000.076032,128.0,8.0,True,False,False,
72,36000.081032,140.0,20.0,True,False,False,
73,37000.076032,128.0,8.0,True,False,False,
74,37000.081032,140.0,20.0,True,False,False,
75,38000.076032,128.0,8.0,True,False,False,
76,38000.081032,140.0,20.0,True,False,False,
77,39000.076032,128.0,8.0,True,False,False,
78,39000.081032,140.0,20.0,True,False,False,
79,40000.076032,128.0,8.0,True,False,False,
80,40000.081031999995,140.0,20.0,True,False,False,
81,41000.076032,128.0,8.0,True,False,False,
82,41000.081031999995,140.0,20.0,True,False,False,
83,42000.076032,128.0,8.0,True,False,False,
84,42000.081031999995,140.0,20.0,True,False,False,
85,43000.076032,128.0,8.0,True,False,False,
86,43000.081031999995,140.0,20.0,True,False,False,
87,44000.076032,128.0,8.0,True,False,False,
88,44000.081031999995,140.0,20.0,True,False,False,
89,45000.076032,128.0,8.0,True,False,False,
90,45000.081031999995,140.0,20.0,True,False,False,
91,46000.076032,128.0,8.0,True,False,False,
92,46000.081031999995,140.0,20.0,True,False,False,
93,47000.076032,128.0,8.0,True,False,False,
94,47000.081031999995,140.0,20.0,True,False,False,
95,48000.076032,128.0,8.0,True,False,False,
96,48000.081031999995,140.0,20.0,True,False,False,
97,49000.076032,128.0,8.0,True,False,False,
98,49000.081031999995,140.0,20.0,True,False,False,
99,50000.076032,128.0,8.0,True,False,False,
100,50000.081031999995,140.0,20.0,True,False,False,
101,51000.076032,128.0,8.0,True,False,False,
102,51000.081031999995,140.0,20.0,True,False,False,
103,52000.076032,128.0,8.0,True,False,False,
104,52000.081031999995,140.0,20.0,True,False,False,
105,53000.076032,128.0,8.0,True,False,False,
106,53000.081031999995,140.0,20.0,True,False,False,
107,54000.076032,128.0,8.0,True,False,False,
108,54000.081031999995,140.0,20.0,True,False,False,
109,55000.076032,128.0,8.0,True,False,False,
110,55000.081031999995,140.0,20.0,True,False,False,
111,56000.076032,128.0,8.0,True,False,False,
112,56000.081031999995,140.0,20.0,True,False,False,
113,57000.076032,128.0,8.0,True,False,False,
114,57000.081031999995,140.0,20.0,True,False,False,
115,58000.076032,128.0,8.0,True,False,False,
116,58000.081031999995,140.0,20.0,True,False,False,
117,59000.076032,128.0,8.0,True,False,False,
118,59000.081031999995,140.0,20.0,True,False,False,
119,60000.076032,128.0,8.0,True,False,False,
120,60000.081031999995,140.0,20.0,True,False,False,
121,61000.076032,128.0,8.0,True,False,False,
122,61000.081031999995,140.0,20.0,True,False,False,
123,62000.076032,128.0,8.0,True,False,False,
124,62000.081031999995,140.0,20.0,True,False,False,
125,63000.076032,128.0,8.0,True,False,False,
126,63000.081031999995,140.0,20.0,True,False,False,
127,64000.076032,128.0,8.0,True,False,False,
128,64000.081031999995,140.0,20.0,True,False,False,
129,65000.076032,128.0,8.0,True,False,False,
130,65000.081031999995,140.0,20.0,True,False,False,
131,66000.076032,128.0,8.0,True,False,False,
132,66000.081032,140.0,20.0,True,False,False,
133,67000.076032,128.0,8.0,True,False,False,
134,67000.081032,140.0,20.0,True,False,False,
135,68000.076032,128.0,8.0,True,False,False,
136,68000.081032,140.0,20.0,True,False,False,
137,69000.076032,128.0,8.0,True,False,False,
138,69000.081032,140.0,20.0,True,False,False,
139,70000.076032,128.0,8.0,True,False,False,
140,70000.081032,140.0,20.0,True,False,False,
141,71000.076032,128.0,8.0,True,False,False,
142,71000.081032,140.0,20.0,True,False,False,
143,72000.076032,128.0,8.0,True,False,False,
144,72000.081032,140.0,20.0,True,False,False,
145,73000.076032,128.0,8.0,True,False,False,
146,73000.081032,140.0,20.0,True,False,False,
147,74000.076032,128.0,8.0,True,False,False,
148,74000.081032,140.0,20.0,True,False,False,
149,75000.076032,128.0,8.0,True,False,False,
150,75000.081032,140.0,20.0,True,False,False,
151,76000.076032,128.0,8.0,True,False,False,
152,76000.081032,140.0,20.0,True,False,False,
153,77000.076032,128.0,8.0,True,False,False,
154,77000.081032,140.0,20.0,True,False,False,
155,78000.076032,128.0,8.0,True,False,False,
156,78000.081032,140.0,20.0,True,False,False,
157,79000.076032,128.0,8.0,True,False,False,
158,79000.081032,140.0,20.0,True,False,False,
159,80000.076032,128.0,8.0,True,False,False,
160,80000.081032,140.0,20.0,True,False,False,
161,81000.076032,128.0,8.0,True,False,False,
162,81000.081032,140.0,20.0,True,False,False,
163,82000.076032,128.0,8.0,True,False,False,
164,82000.081032,140.0,20.0,True,False,False,
165,83000.076032,128.0,8.0,True,False,False,
166,83000.081032,140.0,20.0,True,False,False,
167,84000.076032,128.0,8.0,True,False,False,
168,84000.081032,140.0,20.0,True,False,False,
169,85000.076032,128.0,8.0,True,False,False,
170,85000.081032,140.0,20.0,True,False,False,
171,86000.076032,128.0,8.0,True,False,False,
172,86000.081032,140.0,20.0,True,False,False,
173,87000.076032,128.0,8.0,True,False,False,
174,87000.081032,140.0,20.0,True,False,False,
175,88000.076032,128.0,8.0,True,False,False,
176,88000.081032,140.0,20.0,True,False,False,
177,89000.076032,128.0,8.0,True,False,False,
178,89000.081032,140.0,20.0,True,False,False,
179,90000.076032,128.0,8.0,True,False,False,
180,90000.081032,140.0,20.0,True,False,False,
181,91000.076032,128.0,8.0,True,False,False,
182,91000.081032,140.0,20.0,True,False,False,
183,92000.076032,128.0,8.0,True,False,False,
184,92000.081032,140.0,20.0,True,False,False,
185,93000.076032,128.0,8.0,True,False,False,
186,93000.081032,140.0,20.0,True,False,False,
187,94000.076032,128.0,8.0,True,False,False,
188,94000.081032,140.0,20.0,True,False,False,
189,95000.076032,128.0,8.0,True,False,False,
190,95000.081032,140.0,20.0,True,False,False,
191,96000.076032,128.0,8.0,True,False,False,
192,96000.081032,140.0,20.0,True,False,False,
193,97000.076032,128.0,8.0,True,False,False,
194,97000.081032,140.0,20.0,True,False,False,
195,98000.076032,128.0,8.0,True,False,False,
196,98000.081032,140.0,20.0,True,False,False,
197,99000.076032,128.0,8.0,True,False,False,
198,99000.081032,140.0,20.0,True,False,False,
199,100000.076032,128.0,8.0,True,False,False,
200,100000.081032,140.0,20.0,True,False,False,
201,101000.076032,128.0,8.0,True,False,False,
202,101000.081032,140.0,20.0,True,False,False,
203,102000.076032,128.0,8.0,True,False,False,
204,102000.081032,140.0,20.0,True,False,False,
205,103000.076032,128.0,8.0,True,False,False,
206,103000.081032,140.0,20.0,True,False,False,
207,104000.076032,128.0,8.0,True,False,False,
208,104000.081032,140.0,20.0,True,False,False,
209,105000.076032,128.0,8.0,True,False,False,
210,105000.081032,140.0,20.0,True,False,False,
211,106000.076032,128.0,8.0,True,False,False,
212,106000.081032,140.0,20.0,True,False,False,
213,107000.076032,128.0,8.0,True,False,False,
214,107000.081032,140.0,20.0,True,False,False,
215,108000.076032,128.0,8.0,True,False,False,
216,108000.081032,140.0,20.0,True,False,False,
217,109000.076032,128.0,8.0,True,False,False,
218,109000.081032,140.0,20.0,True,False,False,
219,110000.076032,128.0,8.0,True,False,False,
220,110000.081032,140.0,20.0,True,False,False,
221,111000.076032,128.0,8.0,True,False,False,
222,111000.081032,140.0,20.0,True,False,False,
223,112000.076032,128.0,8.0,True,False,False,
224,112000.081032,140.0,20.0,True,False,False,
225,113000.076032,128.0,8.0,True,False,False,
226,113000.081032,140.0,20.0,True,False,False,
227,114000.076032,128.0,8.0,True,False,False,
228,114000.081032,140.0,20.0,True,False,False,
229,115000.076032,128.0,8.0,True,False,False,
230,115000.081032,140.0,20.0,True,False,False,
231,116000.076032,128.0,8.0,True,False,False,
232,116000.081032,140.0,20.0,True,False,False,
233,117000.076032,128.0,8.0,True,False,False,
234,117000.081032,140.0,20.0,True,False,False,
235,118000.076032,128.0,8.0,True,False,False,
236,118000.081032,140.0,20.0,True,False,False,
237,119000.076032,128.0,8.0,True,False,False,
238,119000.081032,140.0,20.0,True,False,False,
239,120000.076032,128.0,8.0,True,False,False,
240,120000.08103199999,140.0,20.0,True,False,False,
241,121000.076032,128.0,8.0,True,False,False,
242,121000.08103199999,140.0,20.0,True,False,False,
243,122000.076032,128.0,8.0,True,False,False,
244,122000.08103199999,140.0,20.0,True,False,False,
245,123000.076032,128.0,8.0,True,False,False,
246,123000.08103199999,140.0,20.0,True,False,False,
247,124000.076032,128.0,8.0,True,False,False,
248,124000.08103199999,140.0,20.0,True,False,False,
249,125000.076032,128.0,8.0,True,False,False,
250,125000.08103199999,140.0,20.0,True,False,False,
251,126000.076032,128.0,8.0,True,False,False,
252,126000.08103199999,140.0,20.0,True,False,False,
253,127000.076032,128.0,8.0,True,False,False,
254,127000.08103199999,140.0,20.0,True,False,False,
255,128000.076032,128.0,8.0,True,False,False,
256,128000.08103199999,140.0,20.0,True,False,False,
257,129000.076032,128.0,8.0,True,False,False,
258,129000.08103199999,140.0,20.0,True,False,False,
259,130000.076032,128.0,8.0,True,False,False,
260,130000.08103199999,140.0,20.0,True,False,False,
261,131000.076032,128.0,8.0,True,False,False,
262,131000.08103199999,140.0,20.0,True,False,False,
263,132000.07603199998,128.0,8.0,True,False,False,
264,132000.081032,140.0,20.0,True,False,False,
265,133000.07603199998,128.0,8.0,True,False,False,
266,133000.081032,140.0,20.0,True,False,False,
267,134000.07603199998,128.0,8.0,True,False,False,
268,134000.081032,140.0,20.0,True,False,False,
269,135000.07603199998,128.0,8.0,True,False,False,
270,135000.081032,140.0,20.0,True,False,False,
271,136000.07603199998,128.0,8.0,True,False,False,
272,136000.081032,140.0,20.0,True,False,False,
273,137000.07603199998,128.0,8.0,True,False,False,
274,137000.081032,140.0,20.0,True,False,False,
275,138000.07603199998,128.0,8.0,True,False,False,
276,138000.081032,140.0,20.0,True,False,False,
277,139000.07603199998,128.0,8.0,True,False,False,
278,139000.081032,140.0,20.0,True,False,False,
279,140000.07603199998,128.0,8.0,True,False,False,
280,140000.081032,140.0,20.0,True,False,False,
281,141000.07603199998,128.0,8.0,True,False,False,
282,141000.081032,140.0,20.0,True,False,False,
283,142000.07603199998,128.0,8.0,True,False,False,
284,142000.081032,140.0,20.0,True,False,False,
285,143000.07603199998,128.0,8.0,True,False,False,
286,143000.081032,140.0,20.0,True,False,False,
287,144000.07603199998,128.0,8.0,True,False,False,
288,144000.081032,140.0,20.0,True,False,False,
289,145000.07603199998,128.0,8.0,True,False,False,
290,145000.081032,140.0,20.0,True,False,False,
291,146000.07603199998,128.0,8.0,True,False,False,
292,146000.081032,140.0,20.0,True,False,False,
293,147000.07603199998,128.0,8.0,True,False,False,
294,147000.081032,140.0,20.0,True,False,False,
295,148000.07603199998,128.0,8.0,True,False,False,
296,148000.081032,140.0,20.0,True,False,False,
297,149000.07603199998,128.0,8.0,True,False,False,
298,149000.081032,140.0,20.0,True,False,False,
299,150000.07603199998,128.0,8.0,True,False,False,
300,150000.081032,140.0,20.0,True,False,False,
301,151000.07603199998,128.0,8.0,True,False,False,
302,151000.081032,140.0,20.0,True,False,False,
303,152000.07603199998,128.0,8.0,True,False,False,
304,152000.081032,140.0,20.0,True,False,False,
305,153000.07603199998,128.0,8.0,True,False,False,
306,153000.081032,140.0,20.0,True,False,False,
307,154000.07603199998,128.0,8.0,True,False,False,
308,154000.081032,140.0,20.0,True,False,False,
309,155000.07603199998,128.0,8.0,True,False,False,
310,155000.081032,140.0,20.0,True,False,False,
311,156000.07603199998,128.0,8.0,True,False,False,
312,156000.081032,140.0,20.0,True,False,False,
313,157000.07603199998,128.0,8.0,True,False,False,
314,157000.081032,140.0,20.0,True,False,False,
315,158000.07603199998,128.0,8.0,True,False,False,
316,158000.081032,140.0,20.0,True,False,False,
317,159000.07603199998,128.0,8.0,True,False,False,
318,159000.081032,140.0,20.0,True,False,False,
319,160000.07603199998,128.0,8.0,True,False,False,
320,160000.081032,140.0,20.0,True,False,False,
321,161000.07603199998,128.0,8.0,True,False,False,
322,161000.081032,140.0,20.0,True,False,False,
323,162000.07603199998,128.0,8.0,True,False,False,
324,162000.081032,140.0,20.0,True,False,False,
325,163000.07603199998,128.0,8.0,True,False,False,
326,163000.081032,140.0,20.0,True,False,False,
327,164000.07603199998,128.0,8.0,True,False,False,
328,164000.081032,140.0,20.0,True,False,False,
329,165000.07603199998,128.0,8.0,True,False,False,
330,165000.081032,140.0,20.0,True,False,False,
331,166000.07603199998,128.0,8.0,True,False,False,
332,166000.081032,140.0,20.0,True,False,False,
333,167000.07603199998,128.0,8.0,True,False,False,
334,167000.081032,140.0,20.0,True,False,False,
335,168000.07603199998,128.0,8.0,True,False,False,
336,168000.081032,140.0,20.0,True,False,False,
337,169000.07603199998,128.0,8.0,True,False,False,
338,169000.081032,140.0,20.0,True,False,False,
339,170000.07603199998,128.0,8.0,True,False,False,
340,170000.081032,140.0,20.0,True,False,False,
341,171000.07603199998,128.0,8.0,True,False,False,
342,171000.081032,140.0,20.0,True,False,False,
343,172000.07603199998,128.0,8.0,True,False,False,
344,172000.081032,140.0,20.0,True,False,False,
345,173000.07603199998,128.0,8.0,True,False,False,
346,173000.081032,140.0,20.0,True,False,False,
347,174000.07603199998,128.0,8.0,True,False,False,
348,174000.081032,140.0,20.0,True,False,False,
349,175000.07603199998,128.0,8.0,True,False,False,
350,175000.081032,140.0,20.0,True,False,False,
351,176000.07603199998,128.0,8.0,True,False,False,
352,176000.081032,140.0,20.0,True,False,False,
353,177000.07603199998,128.0,8.0,True,False,False,
354,177000.081032,140.0,20.0,True,False,False,
355,178000.07603199998,128.0,8.0,True,False,False,
356,178000.081032,140.0,20.0,True,False,False,
357,179000.07603199998,128.0,8.0,True,False,False,
358,179000.081032,140.0,20.0,True,False,False,
359,180000.07603199998,128.0,8.0,True,False,False,
360,180000.081032,140.0,20.0,True,False,False,
361,181000.07603199998,128.0,8.0,True,False,False,
362,181000.081032,140.0,20.0,True,False,False,
363,182000.07603199998,128.0,8.0,True,False,False,
364,182000.081032,140.0,20.0,True,False,False,
365,183000.07603199998,128.0,8.0,True,False,False,
366,183000.081032,140.0,20.0,True,False,False,
367,184000.07603199998,128.0,8.0,True,False,False,
368,184000.081032,140.0,20.0,True,False,False,
369,185000.07603199998,128.0,8.0,True,False,False,
370,185000.081032,140.0,20.0,True,False,False,
371,186000.07603199998,128.0,8.0,True,False,False,
372,186000.081032,140.0,20.0,True,False,False,
373,187000.07603199998,128.0,8.0,True,False,False,
374,187000.081032,140.0,20.0,True,False,False,
375,188000.07603199998,128.0,8.0,True,False,False,
376,188000.081032,140.0,20.0,True,False,False,
377,189000.07603199998,128.0,8.0,True,False,False,
378,189000.081032,140.0,20.0,True,False,False,
379,190000.07603199998,128.0,8.0,True,False,False,
380,190000.081032,140.0,20.0,True,False,False,
381,191000.07603199998,128.0,8.0,True,False,False,
382,191000.081032,140.0,20.0,True,False,False,
383,192000.07603199998,128.0,8.0,True,False,False,
384,192000.081032,140.0,20.0,True,False,False,
385,193000.07603199998,128.0,8.0,True,False,False,
386,193000.081032,140.0,20.0,True,False,False,
387,194000.07603199998,128.0,8.0,True,False,False,
388,194000.081032,140.0,20.0,True,False,False,
389,195000.07603199998,128.0,8.0,True,False,False,
390,195000.081032,140.0,20.0,True,False,False,
391,196000.07603199998,128.0,8.0,True,False,False,
392,196000.081032,140.0,20.0,True,False,False,
393,197000.07603199998,128.0,8.0,True,False,False,
394,197000.081032,140.0,20.0,True,False,False,
395,198000.07603199998,128.0,8.0,True,False,False,
396,198000.081032,140.0,20.0,True,False,False,
397,199000.07603199998,128.0,8.0,True,False,False,
398,199000.081032,140.0,20.0,True,False,False,
399,200000.07603199998,128.0,8.0,True,False,False,
400,200000.081032,140.0,20.0,True,False,False,
401,201000.07603199998,128.0,8.0,True,False,False,
402,201000.081032,140.0,20.0,True,False,False,
403,202000.07603199998,128.0,8.0,True,False,False,
404,202000.081032,140.0,20.0,True,False,False,
405,203000.07603199998,128.0,8.0,True,False,False,
406,203000.081032,140.0,20.0,True,False,False,
407,204000.07603199998,128.0,8.0,True,False,False,
408,204000.081032,140.0,20.0,True,False,False,
409,205000.07603199998,128.0,8.0,True,False,False,
410,205000.081032,140.0,20.0,True,False,False,
411,206000.07603199998,128.0,8.0,True,False,False,
412,206000.081032,140.0,20.0,True,False,False,
413,207000.07603199998,128.0,8.0,True,False,False,
414,207000.081032,140.0,20.0,True,False,False,
415,208000.07603199998,128.0,8.0,True,False,False,
416,208000.081032,140.0,20.0,True,False,False,
417,209000.07603199998,128.0,8.0,True,False,False,
418,209000.081032,140.0,20.0,True,False,False,
419,210000.07603199998,128.0,8.0,True,False,False,
420,210000.081032,140.0,20.0,True,False,False,
421,211000.07603199998,128.0,8.0,True,False,False,
422,211000.081032,140.0,20.0,True,False,False,
423,212000.07603199998,128.0,8.0,True,False,False,
424,212000.081032,140.0,20.0,True,False,False,
425,213000.07603199998,128.0,8.0,True,False,False,
426,213000.081032,140.0,20.0,True,False,False,
427,214000.07603199998,128.0,8.0,True,False,False,
428,214000.081032,140.0,20.0,True,False,False,
429,215000.07603199998,128.0,8.0,True,False,False,
430,215000.081032,140.0,20.0,True,False,False,
431,216000.07603199998,128.0,8.0,True,False,False,
432,216000.081032,140.0,20.0,True,False,False,
433,217000.07603199998,128.0,8.0,True,False,False,
434,217000.081032,140.0,20.0,True,False,False,
435,218000.07603199998,128.0,8.0,True,False,False,
436,218000.081032,140.0,20.0,True,False,False,
437,219000.07603199998,128.0,8.0,True,False,False,
438,219000.081032,140.0,20.0,True,False,False,
439,220000.07603199998,128.0,8.0,True,False,False,
440,220000.081032,140.0,20.0,True,False,False,
441,221000.07603199998,128.0,8.0,True,False,False,
442,221000.081032,140.0,20.0,True,False,False,
443,222000.07603199998,128.0,8.0,True,False,False,
444,222000.081032,140.0,20.0,True,False,False,
445,223000.07603199998,128.0,8.0,True,False,False,
446,223000.081032,140.0,20.0,True,False,False,
447,224000.07603199998,128.0,8.0,True,False,False,
448,224000.081032,140.0,20.0,True,False,False,
449,225000.07603199998,128.0,8.0,True,False,False,
450,225000.081032,140.0,20.0,True,False,False,
451,226000.07603199998,128.0,8.0,True,False,False,
452,226000.081032,140.0,20.0,True,False,False,
453,227000.07603199998,128.0,8.0,True,False,False,
454,227000.081032,140.0,20.0,True,False,False,
455,228000.07603199998,128.0,8.0,True,False,False,
456,228000.081032,140.0,20.0,True,False,False,
457,229000.07603199998,128.0,8.0,True,False,False,
458,229000.081032,140.0,20.0,True,False,False,
459,230000.07603199998,128.0,8.0,True,False,False,
460,230000.081032,140.0,20.0,True,False,False,
461,231000.07603199998,128.0,8.0,True,False,False,
462,231000.081032,140.0,20.0,True,False,False,
463,232000.07603199998,128.0,8.0,True,False,False,
464,232000.081032,140.0,20.0,True,False,False,
465,233000.07603199998,128.0,8.0,True,False,False,
466,233000.081032,140.0,20.0,True,False,False,
467,234000.07603199998,128.0,8.0,True,False,False,
468,234000.081032,140.0,20.0,True,False,False,
469,235000.07603199998,128.0,8.0,True,False,False,
470,235000.081032,140.0,20.0,True,False,False,
471,236000.07603199998,128.0,8.0,True,False,False,
472,236000.081032,140.0,20.0,True,False,False,
473,237000.07603199998,128.0,8.0,True,False,False,
474,237000.081032,140.0,20.0,True,False,False,
475,238000.07603199998,128.0,8.0,True,False,False,
476,238000.081032,140.0,20.0,True,False,False,
477,239000.07603199998,128.0,8.0,True,False,False,
478,239000.081032,140.0,20.0,True,False,False,
479,240000.07603199998,128.0,8.0,True,False,False,
480,240000.081032,140.0,20.0,True,False,False,
481,241000.07603199998,128.0,8.0,True,False,False,
482,241000.081032,140.0,20.0,True,False,False,
483,242000.07603199998,128.0,8.0,True,False,False,
484,242000.081032,140.0,20.0,True,False,False,
485,243000.07603199998,128.0,8.0,True,False,False,
486,243000.081032,140.0,20.0,True,False,False,
487,244000.07603199998,128.0,8.0,True,False,False,
488,244000.081032,140.0,20.0,True,False,False,
489,245000.07603199998,128.0,8.0,True,False,False,
490,245000.081032,140.0,20.0,True,False,False,
491,246000.07603199998,128.0,8.0,True,False,False,
492,246000.081032,140.0,20.0,True,False,False,
493,247000.07603199998,128.0,8.0,True,False,False,
494,247000.081032,140.0,20.0,True,False,False,
495,248000.07603199998,128.0,8.0,True,False,False,
496,248000.081032,140.0,20.0,True,False,False,
497,249000.07603199998,128.0,8.0,True,False,False,
498,249000.081032,140.0,20.0,True,False,False,
499,250000.07603199998,128.0,8.0,True,False,False,
500,250000.081032,140.0,20.0,True,False,False,
501,251000.07603199998,128.0,8.0,True,False,False,
502,251000.081032,140.0,20.0,True,False,False,
503,252000.07603199998,128.0,8.0,True,False,False,
504,252000.081032,140.0,20.0,True,False,False,
505,253000.07603199998,128.0,8.0,True,False,False,
506,253000.081032,140.0,20.0,True,False,False,
507,254000.07603199998,128.0,8.0,True,False,False,
508,254000.081032,140.0,20.0,True,False,False,
509,255000.07603199998,128.0,8.0,True,False,False,
510,255000.081032,140.0,20.0,True,False,False,
511,256000.07603199998,128.0,8.0,True,False,False,
512,256000.081032,140.0,20.0,True,False,False,
513,257000.07603199998,128.0,8.0,True,False,False,
514,257000.081032,140.0,20.0,True,False,False,
515,258000.07603199998,128.0,8.0,True,False,False,
516,258000.081032,140.0,20.0,True,False,False,
517,259000.07603199998,128.0,8.0,True,False,False,
518,259000.081032,140.0,20.0,True,False,False,
519,260000.07603199998,128.0,8.0,True,False,False,
520,260000.081032,140.0,20.0,True,False,False,
521,261000.07603199998,128.0,8.0,True,False,False,
522,261000.081032,140.0,20.0,True,False,False,
523,262000.07603199998,128.0,8.0,True,False,False,
524,262000.081032,140.0,20.0,True,False,False,
525,263000.076032,128.0,8.0,True,False,False,
526,263000.081032,140.0,20.0,True,False,False,
527,264000.076032,128.0,8.0,True,False,False,
528,264000.081032,140.0,20.0,True,False,False,
529,265000.076032,128.0,8.0,True,False,False,
530,265000.081032,140.0,20.0,True,False,False,
531,266000.076032,128.0,8.0,True,False,False,
532,266000.081032,140.0,20.0,True,False,False,
533,267000.076032,128.0,8.0,True,False,False,
534,267000.081032,140.0,20.0,True,False,False,
535,268000.076032,128.0,8.0,True,False,False,
536,268000.081032,140.0,20.0,True,False,False,
537,269000.076032,128.0,8.0,True,False,False,
538,269000.081032,140.0,20.0,True,False,False,
539,270000.076032,128.0,8.0,True,False,False,
540,270000.081032,140.0,20.0,True,False,False,
541,271000.076032,128.0,8.0,True,False,False,
542,271000.081032,140.0,20.0,True,False,False,
543,272000.076032,128.0,8.0,True,False,False,
544,272000.081032,140.0,20.0,True,False,False,
545,273000.076032,128.0,8.0,True,False,False,
546,273000.081032,140.0,20.0,True,False,False,
547,274000.076032,128.0,8.0,True,False,False,
548,274000.081032,140.0,20.0,True,False,False,
549,275000.076032,128.0,8.0,True,False,False,
550,275000.081032,140.0,20.0,True,False,False,
551,276000.076032,128.0,8.0,True,False,False,
552,276000.081032,140.0,20.0,True,False,False,
553,277000.076032,128.0,8.0,True,False,False,
554,277000.081032,140.0,20.0,True,False,False,
555,278000.076032,128.0,8.0,True,False,False,
556,278000.081032,140.0,20.0,True,False,False,
557,279000.076032,128.0,8.0,True,False,False,
558,279000.081032,140.0,20.0,True,False,False,
559,280000.076032,128.0,8.0,True,False,False,
560,280000.081032,140.0,20.0,True,False,False,
561,281000.076032,128.0,8.0,True,False,False,
562,281000.08103199996,140.0,20.0,True,False,False,
563,282000.076032,128.0,8.0,True,False,False,
564,282000.08103199996,140.0,20.0,True,False,False,
565,283000.076032,128.0,8.0,True,False,False,
566,283000.08103199996,140.0,20.0,True,False,False,
567,284000.076032,128.0,8.0,True,False,False,
568,284000.08103199996,140.0,20.0,True,False,False,
569,285000.076032,128.0,8.0,True,False,False,
570,285000.08103199996,140.0,20.0,True,False,False,
571,286000.076032,128.0,8.0,True,False,False,
572,286000.08103199996,140.0,20.0,True,False,False,
573,287000.076032,128.0,8.0,True,False,False,
574,287000.08103199996,140.0,20.0,True,False,False,
575,288000.076032,128.0,8.0,True,False,False,
576,288000.08103199996,140.0,20.0,True,False,False,
577,289000.076032,128.0,8.0,True,False,False,
578,289000.08103199996,140.0,20.0,True,False,False,
579,290000.076032,128.0,8.0,True,False,False,
580,290000.08103199996,140.0,20.0,True,False,False,
581,291000.076032,128.0,8.0,True,False,False,
582,291000.08103199996,140.0,20.0,True,False,False,
583,292000.076032,128.0,8.0,True,False,False,
584,292000.08103199996,140.0,20.0,True,False,False,
585,293000.076032,128.0,8.0,True,False,False,
586,293000.08103199996,140.0,20.0,True,False,False,
587,294000.076032,128.0,8.0,True,False,False,
588,294000.08103199996,140.0,20.0,True,False,False,
589,295000.076032,128.0,8.0,True,False,False,
590,295000.08103199996,140.0,20.0,True,False,False,
591,296000.076032,128.0,8.0,True,False,False,
592,296000.08103199996,140.0,20.0,True,False,False,
593,297000.076032,128.0,8.0,True,False,False,
594,297000.08103199996,140.0,20.0,True,False,False,
595,298000.076032,128.0,8.0,True,False,False,
596,298000.08103199996,140.0,20.0,True,False,False,
597,299000.076032,128.0,8.0,True,False,False,
598,299000.08103199996,140.0,20.0,True,False,False,
599,300000.076032,128.0,8.0,True,False,False,
600,300000.08103199996,140.0,20.0,True,False,False,
601,301000.076032,128.0,8.0,True,False,False,
602,301000.08103199996,140.0,20.0,True,False,False,
603,302000.076032,128.0,8.0,True,False,False,
604,302000.08103199996,140.0,20.0,True,False,False,
605,303000.076032,128.0,8.0,True,False,False,
606,303000.08103199996,140.0,20.0,True,False,False,
607,304000.076032,128.0,8.0,True,False,False,
608,304000.08103199996,140.0,20.0,True,False,False,
609,305000.076032,128.0,8.0,True,False,False,
610,305000.08103199996,140.0,20.0,True,False,False,
611,306000.076032,128.0,8.0,True,False,False,
612,306000.08103199996,140.0,20.0,True,False,False,
613,307000.076032,128.0,8.0,True,False,False,
614,307000.08103199996,140.0,20.0,True,False,False,
615,308000.076032,128.0,8.0,True,False,False,
616,308000.08103199996,140.0,20.0,True,False,False,
617,309000.076032,128.0,8.0,True,False,False,
618,309000.08103199996,140.0,20.0,True,False,False,
619,310000.076032,128.0,8.0,True,False,False,
620,310000.08103199996,140.0,20.0,True,False,False,
621,311000.076032,128.0,8.0,True,False,False,
622,311000.08103199996,140.0,20.0,True,False,False,
623,312000.076032,128.0,8.0,True,False,False,
624,312000.08103199996,140.0,20.0,True,False,False,
625,313000.076032,128.0,8.0,True,False,False,
626,313000.08103199996,140.0,20.0,True,False,False,
627,314000.076032,128.0,8.0,True,False,False,
628,314000.08103199996,140.0,20.0,True,False,False,
629,315000.076032,128.0,8.0,True,False,False,
630,315000.08103199996,140.0,20.0,True,False,False,
631,316000.076032,128.0,8.0,True,False,False,
632,316000.08103199996,140.0,20.0,True,False,False,
633,317000.076032,128.0,8.0,True,False,False,
634,317000.08103199996,140.0,20.0,True,False,False,
635,318000.076032,128.0,8.0,True,False,False,
636,318000.08103199996,140.0,20.0,True,False,False,
637,319000.076032,128.0,8.0,True,False,False,
638,319000.08103199996,140.0,20.0,True,False,False,
639,320000.076032,128.0,8.0,True,False,False,
640,320000.08103199996,140.0,20.0,True,False,False,
641,321000.076032,128.0,8.0,True,False,False,
642,321000.08103199996,140.0,20.0,True,False,False,
643,322000.076032,128.0,8.0,True,False,False,
644,322000.08103199996,140.0,20.0,True,False,False,
645,323000.076032,128.0,8.0,True,False,False,
646,323000.08103199996,140.0,20.0,True,False,False,
647,324000.076032,128.0,8.0,True,False,False,
648,324000.08103199996,140.0,20.0,True,False,False,
649,325000.076032,128.0,8.0,True,False,False,
650,325000.08103199996,140.0,20.0,True,False,False,
651,326000.076032,128.0,8.0,True,False,False,
652,326000.08103199996,140.0,20.0,True,False,False,
653,327000.076032,128.0,8.0,True,False,False,
654,327000.08103199996,140.0,20.0,True,False,False,
655,328000.076032,128.0,8.0,True,False,False,
656,328000.08103199996,140.0,20.0,True,False,False,
657,329000.076032,128.0,8.0,True,False,False,
658,329000.08103199996,140.0,20.0,True,False,False,
659,330000.076032,128.0,8.0,True,False,False,
660,330000.08103199996,140.0,20.0,True,False,False,
661,331000.076032,128.0,8.0,True,False,False,
662,331000.08103199996,140.0,20.0,True,False,False,
663,332000.076032,128.0,8.0,True,False,False,
664,332000.08103199996,140.0,20.0,True,False,False,
665,333000.076032,128.0,8.0,True,False,False,
666,333000.08103199996,140.0,20.0,True,False,False,
667,334000.076032,128.0,8.0,True,False,False,
668,334000.08103199996,140.0,20.0,True,False,False,
669,335000.076032,128.0,8.0,True,False,False,
670,335000.08103199996,140.0,20.0,True,False,False,
671,336000.076032,128.0,8.0,True,False,False,
672,336000.08103199996,140.0,20.0,True,False,False,
673,337000.076032,128.0,8.0,True,False,False,
674,337000.08103199996,140.0,20.0,True,False,False,
675,338000.076032,128.0,8.0,True,False,False,
676,338000.08103199996,140.0,20.0,True,False,False,
677,339000.076032,128.0,8.0,True,False,False,
678,339000.08103199996,140.0,20.0,True,False,False,
679,340000.076032,128.0,8.0,True,False,False,
680,340000.08103199996,140.0,20.0,True,False,False,
681,341000.076032,128.0,8.0,True,False,False,
682,341000.08103199996,140.0,20.0,True,False,False,
683,342000.076032,128.0,8.0,True,False,False,
684,342000.08103199996,140.0,20.0,True,False,False,
685,343000.076032,128.0,8.0,True,False,False,
686,343000.08103199996,140.0,20.0,True,False,False,
687,344000.076032,128.0,8.0,True,False,False,
688,344000.08103199996,140.0,20.0,True,False,False,
689,345000.076032,128.0,8.0,True,False,False,
690,345000.08103199996,140.0,20.0,True,False,False,
691,346000.076032,128.0,8.0,True,False,False,
692,346000.08103199996,140.0,20.0,True,False,False,
693,347000.076032,128.0,8.0,True,False,False,
694,347000.08103199996,140.0,20.0,True,False,False,
695,348000.076032,128.0,8.0,True,False,False,
696,348000.08103199996,140.0,20.0,True,False,False,
697,349000.076032,128.0,8.0,True,False,False,
698,349000.08103199996,140.0,20.0,True,False,False,
699,350000.076032,128.0,8.0,True,False,False,
700,350000.08103199996,140.0,20.0,True,False,False,
701,351000.076032,128.0,8.0,True,False,False,
702,351000.08103199996,140.0,20.0,True,False,False,
703,352000.076032,128.0,8.0,True,False,False,
704,352000.08103199996,140.0,20.0,True,False,False,
705,353000.076032,128.0,8.0,True,False,False,
706,353000.08103199996,140.0,20.0,True,False,False,
707,354000.076032,128.0,8.0,True,False,False,
708,354000.08103199996,140.0,20.0,True,False,False,
709,355000.076032,128.0,8.0,True,False,False,
710,355000.08103199996,140.0,20.0,True,False,False,
711,356000.076032,128.0,8.0,True,False,False,
712,356000.08103199996,140.0,20.0,True,False,False,
713,357000.076032,128.0,8.0,True,False,False,
714,357000.08103199996,140.0,20.0,True,False,False,
715,358000.076032,128.0,8.0,True,False,False,
716,358000.08103199996,140.0,20.0,True,False,False,
717,359000.076032,128.0,8.0,True,False,False,
718,359000.08103199996,140.0,20.0,True,False,False,
719,360000.076032,128.0,8.0,True,False,False,
720,360000.08103199996,140.0,20.0,True,False,False,
721,361000.076032,128.0,8.0,True,False,False,
722,361000.08103199996,140.0,20.0,True,False,False,
723,362000.076032,128.0,8.0,True,False,False,
724,362000.08103199996,140.0,20.0,True,False,False,
725,363000.076032,128.0,8.0,True,False,False,
726,363000.08103199996,140.0,20.0,True,False,False,
727,364000.076032,128.0,8.0,True,False,False,
728,364000.08103199996,140.0,20.0,True,False,False,
729,365000.076032,128.0,8.0,True,False,False,
730,365000.08103199996,140.0,20.0,True,False,False,
731,366000.076032,128.0,8.0,True,False,False,
732,366000.08103199996,140.0,20.0,True,False,False,
733,367000.076032,128.0,8.0,True,False,False,
734,367000.08103199996,140.0,20.0,True,False,False,
735,368000.076032,128.0,8.0,True,False,False,
736,368000.08103199996,140.0,20.0,True,False,False,
737,369000.076032,128.0,8.0,True,False,False,
738,369000.08103199996,140.0,20.0,True,False,False,
739,370000.076032,128.0,8.0,True,False,False,
740,370000.08103199996,140.0,20.0,True,False,False,
741,371000.076032,128.0,8.0,True,False,False,
742,371000.08103199996,140.0,20.0,True,False,False,
743,372000.076032,128.0,8.0,True,False,False,
744,372000.08103199996,140.0,20.0,True,False,False,
745,373000.076032,128.0,8.0,True,False,False,
746,373000.08103199996,140.0,20.0,True,False,False,
747,374000.076032,128.0,8.0,True,False,False,
748,374000.08103199996,140.0,20.0,True,False,False,
749,375000.076032,128.0,8.0,True,False,False,
750,375000.08103199996,140.0,20.0,True,False,False,
751,376000.076032,128.0,8.0,True,False,False,
752,376000.08103199996,140.0,20.0,True,False,False,
753,377000.076032,128.0,8.0,True,False,False,
754,377000.08103199996,140.0,20.0,True,False,False,
755,378000.076032,128.0,8.0,True,False,False,
756,378000.08103199996,140.0,20.0,True,False,False,
757,379000.076032,128.0,8.0,True,False,False,
758,379000.08103199996,140.0,20.0,True,False,False,
759,380000.076032,128.0,8.0,True,False,False,
760,380000.08103199996,140.0,20.0,True,False,False,
761,381000.076032,128.0,8.0,True,False,False,
762,381000.08103199996,140.0,20.0,True,False,False,
763,382000.076032,128.0,8.0,True,False,False,
764,382000.08103199996,140.0,20.0,True,False,False,
765,383000.076032,128.0,8.0,True,False,False,
766,383000.08103199996,140.0,20.0,True,False,False,
767,384000.07603199995,128.0,8.0,True,False,False,
768,384000.08103199996,140.0,20.0,True,False,False,
769,385000.07603199995,128.0,8.0,True,False,False,
770,385000.08103199996,140.0,20.0,True,False,False,
771,386000.07603199995,128.0,8.0,True,False,False,
772,386000.08103199996,140.0,20.0,True,False,False,
773,387000.07603199995,128.0,8.0,True,False,False,
774,387000.08103199996,140.0,20.0,True,False,False,
775,388000.07603199995,128.0,8.0,True,False,False,
776,388000.08103199996,140.0,20.0,True,False,False,
777,389000.07603199995,128.0,8.0,True,False,False,
778,389000.08103199996,140.0,20.0,True,False,False,
779,390000.07603199995,128.0,8.0,True,False,False,
780,390000.08103199996,140.0,20.0,True,False,False,
781,391000.07603199995,128.0,8.0,True,False,False,
782,391000.08103199996,140.0,20.0,True,False,False,
783,392000.07603199995,128.0,8.0,True,False,False,
784,392000.08103199996,140.0,20.0,True,False,False,
785,393000.07603199995,128.0,8.0,True,False,False,
786,393000.08103199996,140.0,20.0,True,False,False,
787,394000.07603199995,128.0,8.0,True,False,False,
788,394000.08103199996,140.0,20.0,True,False,False,
789,395000.07603199995,128.0,8.0,True,False,False,
790,395000.08103199996,140.0,20.0,True,False,False,
791,396000.07603199995,128.0,8.0,True,False,False,
792,396000.08103199996,140.0,20.0,True,False,False,
793,397000.07603199995,128.0,8.0,True,False,False,
794,397000.08103199996,140.0,20.0,True,False,False,
795,398000.07603199995,128.0,8.0,True,False,False,
796,398000.08103199996,140.0,20.0,True,False,False,
797,399000.07603199995,128.0,8.0,True,False,False,
798,399000.08103199996,140.0,20.0,True,False,False,
799,400000.07603199995,128.0,8.0,True,False,False,
800,400000.08103199996,140.0,20.0,True,False,False,
801,401000.07603199995,128.0,8.0,True,False,False,
802,401000.08103199996,140.0,20.0,True,False,False,
803,402000.07603199995,128.0,8.0,True,False,False,
804,402000.08103199996,140.0,20.0,True,False,False,
805,403000.07603199995,128.0,8.0,True,False,False,
806,403000.08103199996,140.0,20.0,True,False,False,
807,404000.07603199995,128.0,8.0,True,False,False,
808,404000.08103199996,140.0,20.0,True,False,False,
809,405000.07603199995,128.0,8.0,True,False,False,
810,405000.08103199996,140.0,20.0,True,False,False,
811,406000.07603199995,128.0,8.0,True,False,False,
812,406000.08103199996,140.0,20.0,True,False,False,
813,407000.07603199995,128.0,8.0,True,False,False,
814,407000.08103199996,140.0,20.0,True,False,False,
815,408000.07603199995,128.0,8.0,True,False,False,
816,408000.08103199996,140.0,20.0,True,False,False,
817,409000.07603199995,128.0,8.0,True,False,False,
818,409000.08103199996,140.0,20.0,True,False,False,
819,410000.07603199995,128.0,8.0,True,False,False,
820,410000.08103199996,140.0,20.0,True,False,False,
821,411000.07603199995,128.0,8.0,True,False,False,
822,411000.08103199996,140.0,20.0,True,False,False,
823,412000.07603199995,128.0,8.0,True,False,False,
824,412000.08103199996,140.0,20.0,True,False,False,
825,413000.07603199995,128.0,8.0,True,False,False,
826,413000.08103199996,140.0,20.0,True,False,False,
827,414000.07603199995,128.0,8.0,True,False,False,
828,414000.08103199996,140.0,20.0,True,False,False,
829,415000.07603199995,128.0,8.0,True,False,False,
830,415000.08103199996,140.0,20.0,True,False,False,
831,416000.07603199995,128.0,8.0,True,False,False,
832,416000.08103199996,140.0,20.0,True,False,False,
833,417000.07603199995,128.0,8.0,True,False,False,
834,417000.08103199996,140.0,20.0,True,False,False,
835,418000.07603199995,128.0,8.0,True,False,False,
836,418000.08103199996,140.0,20.0,True,False,False,
837,419000.07603199995,128.0,8.0,True,False,False,
838,419000.08103199996,140.0,20.0,True,False,False,
839,420000.07603199995,128.0,8.0,True,False,False,
840,420000.08103199996,140.0,20.0,True,False,False,
841,421000.07603199995,128.0,8.0,True,False,False,
842,421000.08103199996,140.0,20.0,True,False,False,
843,422000.07603199995,128.0,8.0,True,False,False,
844,422000.08103199996,140.0,20.0,True,False,False,
845,423000.07603199995,128.0,8.0,True,False,False,
846,423000.08103199996,140.0,20.0,True,False,False,
847,424000.07603199995,128.0,8.0,True,False,False,
848,424000.08103199996,140.0,20.0,True,False,False,
849,425000.07603199995,128.0,8.0,True,False,False,
850,425000.08103199996,140.0,20.0,True,False,False,
851,426000.07603199995,128.0,8.0,True,False,False,
852,426000.08103199996,140.0,20.0,True,False,False,
853,427000.07603199995,128.0,8.0,True,False,False,
854,427000.08103199996,140.0,20.0,True,False,False,
855,428000.07603199995,128.0,8.0,True,False,False,
856,428000.08103199996,140.0,20.0,True,False,False,
857,429000.07603199995,128.0,8.0,True,False,False,
858,429000.08103199996,140.0,20.0,True,False,False,
859,430000.07603199995,128.0,8.0,True,False,False,
860,430000.08103199996,140.0,20.0,True,False,False,
861,431000.07603199995,128.0,8.0,True,False,False,
862,431000.08103199996,140.0,20.0,True,False,False,
863,432000.07603199995,128.0,8.0,True,False,False,
864,432000.08103199996,140.0,20.0,True,False,False,
865,433000.07603199995,128.0,8.0,True,False,False,
866,433000.08103199996,140.0,20.0,True,False,False,
867,434000.07603199995,128.0,8.0,True,False,False,
868,434000.08103199996,140.0,20.0,True,False,False,
869,435000.07603199995,128.0,8.0,True,False,False,
870,435000.08103199996,140.0,20.0,True,False,False,
871,436000.07603199995,128.0,8.0,True,False,False,
872,436000.08103199996,140.0,20.0,True,False,False,
873,437000.07603199995,128.0,8.0,True,False,False,
874,437000.08103199996,140.0,20.0,True,False,False,
875,438000.07603199995,128.0,8.0,True,False,False,
876,438000.08103199996,140.0,20.0,True,False,False,
877,439000.07603199995,128.0,8.0,True,False,False,
878,439000.08103199996,140.0,20.0,True,False,False,
879,440000.07603199995,128.0,8.0,True,False,False,
880,440000.08103199996,140.0,20.0,True,False,False,
881,441000.07603199995,128.0,8.0,True,False,False,
882,441000.08103199996,140.0,20.0,True,False,False,
883,442000.07603199995,128.0,8.0,True,False,False,
884,442000.08103199996,140.0,20.0,True,False,False,
885,443000.07603199995,128.0,8.0,True,False,False,
886,443000.08103199996,140.0,20.0,True,False,False,
887,444000.07603199995,128.0,8.0,True,False,False,
888,444000.08103199996,140.0,20.0,True,False,False,
889,445000.07603199995,128.0,8.0,True,False,False,
890,445000.08103199996,140.0,20.0,True,False,False,
891,446000.07603199995,128.0,8.0,True,False,False,
892,446000.08103199996,140.0,20.0,True,False,False,
893,447000.07603199995,128.0,8.0,True,False,False,
894,447000.08103199996,140.0,20.0,True,False,False,
895,448000.07603199995,128.0,8.0,True,False,False,
896,448000.08103199996,140.0,20.0,True,False,False,
897,449000.07603199995,128.0,8.0,True,False,False,
898,449000.08103199996,140.0,20.0,True,False,False,
899,450000.07603199995,128.0,8.0,True,False,False,
900,450000.08103199996,140.0,20.0,True,False,False,
901,451000.07603199995,128.0,8.0,True,False,False,
902,451000.08103199996,140.0,20.0,True,False,False,
903,452000.07603199995,128.0,8.0,True,False,False,
904,452000.08103199996,140.0,20.0,True,False,False,
905,453000.07603199995,128.0,8.0,True,False,False,
906,453000.08103199996,140.0,20.0,True,False,False,
907,454000.07603199995,128.0,8.0,True,False,False,
908,454000.08103199996,140.0,20.0,True,False,False,
909,455000.07603199995,128.0,8.0,True,False,False,
910,455000.08103199996,140.0,20.0,True,False,False,
911,456000.07603199995,128.0,8.0,True,False,False,
912,456000.08103199996,140.0,20.0,True,False,False,
913,457000.07603199995,128.0,8.0,True,False,False,
914,457000.08103199996,140.0,20.0,True,False,False,
915,458000.07603199995,128.0,8.0,True,False,False,
916,458000.08103199996,140.0,20.0,True,False,False,
917,459000.07603199995,128.0,8.0,True,False,False,
918,459000.08103199996,140.0,20.0,True,False,False,
919,460000.07603199995,128.0,8.0,True,False,False,
920,460000.08103199996,140.0,20.0,True,False,False,
921,461000.07603199995,128.0,8.0,True,False,False,
922,461000.08103199996,140.0,20.0,True,False,False,
923,462000.07603199995,128.0,8.0,True,False,False,
924,462000.08103199996,140.0,20.0,True,False,False,
925,463000.07603199995,128.0,8.0,True,False,False,
926,463000.08103199996,140.0,20.0,True,False,False,
927,464000.07603199995,128.0,8.0,True,False,False,
928,464000.08103199996,140.0,20.0,True,False,False,
929,465000.07603199995,128.0,8.0,True,False,False,
930,465000.08103199996,140.0,20.0,True,False,False,
931,466000.07603199995,128.0,8.0,True,False,False,
932,466000.08103199996,140.0,20.0,True,False,False,
933,467000.07603199995,128.0,8.0,True,False,False,
934,467000.08103199996,140.0,20.0,True,False,False,
935,468000.07603199995,128.0,8.0,True,False,False,
936,468000.08103199996,140.0,20.0,True,False,False,
937,469000.07603199995,128.0,8.0,True,False,False,
938,469000.08103199996,140.0,20.0,True,False,False,
939,470000.07603199995,128.0,8.0,True,False,False,
940,470000.08103199996,140.0,20.0,True,False,False,
941,471000.07603199995,128.0,8.0,True,False,False,
942,471000.08103199996,140.0,20.0,True,False,False,
943,472000.07603199995,128.0,8.0,True,False,False,
944,472000.08103199996,140.0,20.0,True,False,False,
945,473000.07603199995,128.0,8.0,True,False,False,
946,473000.08103199996,140.0,20.0,True,False,False,
947,474000.07603199995,128.0,8.0,True,False,False,
948,474000.08103199996,140.0,20.0,True,False,False,
949,475000.07603199995,128.0,8.0,True,False,False,
950,475000.08103199996,140.0,20.0,True,False,False,
951,476000.07603199995,128.0,8.0,True,False,False,
952,476000.08103199996,140.0,20.0,True,False,False,
953,477000.07603199995,128.0,8.0,True,False,False,
954,477000.08103199996,140.0,20.0,True,False,False,
955,478000.07603199995,128.0,8.0,True,False,False,
956,478000.08103199996,140.0,20.0,True,False,False,
957,479000.07603199995,128.0,8.0,True,False,False,
958,479000.08103199996,140.0,20.0,True,False,False,
959,480000.07603199995,128.0,8.0,True,False,False,
960,480000.08103199996,140.0,20.0,True,False,False,
961,481000.07603199995,128.0,8.0,True,False,False,
962,481000.08103199996,140.0,20.0,True,False,False,
963,482000.07603199995,128.0,8.0,True,False,False,
964,482000.08103199996,140.0,20.0,True,False,False,
965,483000.07603199995,128.0,8.0,True,False,False,
966,483000.08103199996,140.0,20.0,True,False,False,
967,484000.07603199995,128.0,8.0,True,False,False,
968,484000.08103199996,140.0,20.0,True,False,False,
969,485000.07603199995,128.0,8.0,True,False,False,
970,485000.08103199996,140.0,20.0,True,False,False,
971,486000.07603199995,128.0,8.0,True,False,False,
972,486000.08103199996,140.0,20.0,True,False,False,
973,487000.07603199995,128.0,8.0,True,False,False,
974,487000.08103199996,140.0,20.0,True,False,False,
975,488000.07603199995,128.0,8.0,True,False,False,
976,488000.08103199996,140.0,20.0,True,False,False,
977,489000.07603199995,128.0,8.0,True,False,False,
978,489000.08103199996,140.0,20.0,True,False,False,
979,490000.07603199995,128.0,8.0,True,False,False,
980,490000.08103199996,140.0,20.0,True,False,False,
981,491000.07603199995,128.0,8.0,True,False,False,
982,491000.08103199996,140.0,20.0,True,False,False,
983,492000.07603199995,128.0,8.0,True,False,False,
984,492000.08103199996,140.0,20.0,True,False,False,
985,493000.07603199995,128.0,8.0,True,False,False,
986,493000.08103199996,140.0,20.0,True,False,False,
987,494000.07603199995,128.0,8.0,True,False,False,
988,494000.08103199996,140.0,20.0,True,False,False,
989,495000.07603199995,128.0,8.0,True,False,False,
990,495000.08103199996,140.0,20.0,True,False,False,
991,496000.07603199995,128.0,8.0,True,False,False,
992,496000.08103199996,140.0,20.0,True,False,False,
993,497000.07603199995,128.0,8.0,True,False,False,
994,497000.08103199996,140.0,20.0,True,False,False,
995,498000.07603199995,128.0,8.0,True,False,False,
996,498000.08103199996,140.0,20.0,True,False,False,
997,499000.07603199995,128.0,8.0,True,False,False,
998,499000.08103199996,140.0,20.0,True,False,False,
999,500000.07603199995,128.0,8.0,True,False,False,
1000,500000.08103199996,140.0,20.0,True,False,False,
1001,501000.07603199995,128.0,8.0,True,False,False,
1002,501000.08103199996,140.0,20.0,True,False,False,
1003,502000.07603199995,128.0,8.0,True,False,False,
1004,502000.08103199996,140.0,20.0,True,False,False,
1005,503000.07603199995,128.0,8.0,True,False,False,
1006,503000.08103199996,140.0,20.0,True,False,False,
1007,504000.07603199995,128.0,8.0,True,False,False,
1008,504000.08103199996,140.0,20.0,True,False,False,
1009,505000.07603199995,128.0,8.0,True,False,False,
1010,505000.08103199996,140.0,20.0,True,False,False,
1011,506000.07603199995,128.0,8.0,True,False,False,
1012,506000.08103199996,140.0,20.0,True,False,False,
1013,507000.07603199995,128.0,8.0,True,False,False,
1014,507000.08103199996,140.0,20.0,True,False,False,
1015,508000.07603199995,128.0,8.0,True,False,False,
1016,508000.08103199996,140.0,20.0,True,False,False,
1017,509000.07603199995,128.0,8.0,True,False,False,
1018,509000.08103199996,140.0,20.0,True,False,False,
1019,510000.07603199995,128.0,8.0,True,False,False,
1020,510000.08103199996,140.0,20.0,True,False,False,
1021,511000.07603199995,128.0,8.0,True,False,False,
1022,511000.08103199996,140.0,20.0,True,False,False,
1023,512000.07603199995,128.0,8.0,True,False,False,
1024,512000.08103199996,140.0,20.0,True,False,False,
1025,513000.07603199995,128.0,8.0,True,False,False,
1026,513000.08103199996,140.0,20.0,True,False,False,
1027,514000.07603199995,128.0,8.0,True,False,False,
1028,514000.08103199996,140.0,20.0,True,False,False,
1029,515000.07603199995,128.0,8.0,True,False,False,
1030,515000.08103199996,140.0,20.0,True,False,False,
1031,516000.07603199995,128.0,8.0,True,False,False,
1032,516000.08103199996,140.0,20.0,True,False,False,
1033,517000.07603199995,128.0,8.0,True,False,False,
1034,517000.08103199996,140.0,20.0,True,False,False,
1035,518000.07603199995,128.0,8.0,True,False,False,
1036,518000.08103199996,140.0,20.0,True,False,False,
1037,519000.07603199995,128.0,8.0,True,False,False,
1038,519000.08103199996,140.0,20.0,True,False,False,
1039,520000.07603199995,128.0,8.0,True,False,False,
1040,520000.08103199996,140.0,20.0,True,False,False,
1041,521000.07603199995,128.0,8.0,True,False,False,
1042,521000.08103199996,140.0,20.0,True,False,False,
1043,522000.07603199995,128.0,8.0,True,False,False,
1044,522000.08103199996,140.0,20.0,True,False,False,
1045,523000.07603199995,128.0,8.0,True,False,False,
1046,523000.08103199996,140.0,20.0,True,False,False,
1047,524000.07603199995,128.0,8.0,True,False,False,
1048,524000.08103199996,140.0,20.0,True,False,False,
1049,525000.076032,128.0,8.0,True,False,False,
1050,525000.081032,140.0,20.0,True,False,False,
1051,526000.076032,128.0,8.0,True,False,False,
1052,526000.081032,140.0,20.0,True,False,False,
1053,527000.076032,128.0,8.0,True,False,False,
1054,527000.081032,140.0,20.0,True,False,False,
1055,528000.076032,128.0,8.0,True,False,False,
1056,528000.081032,140.0,20.0,True,False,False,
1057,529000.076032,128.0,8.0,True,False,False,
1058,529000.081032,140.0,20.0,True,False,False,
1059,530000.076032,128.0,8.0,True,False,False,
1060,530000.081032,140.0,20.0,True,False,False,
1061,531000.076032,128.0,8.0,True,False,False,
1062,531000.081032,140.0,20.0,True,False,False,
1063,532000.076032,128.0,8.0,True,False,False,
1064,532000.081032,140.0,20.0,True,False,False,
1065,533000.076032,128.0,8.0,True,False,False,
1066,533000.081032,140.0,20.0,True,False,False,
1067,534000.076032,128.0,8.0,True,False,False,
1068,534000.081032,140.0,20.0,True,False,False,
1069,535000.076032,128.0,8.0,True,False,False,
1070,535000.081032,140.0,20.0,True,False,False,
1071,536000.076032,128.0,8.0,True,False,False,
1072,536000.081032,140.0,20.0,True,False,False,
1073,537000.076032,128.0,8.0,True,False,False,
1074,537000.081032,140.0,20.0,True,False,False,
1075,538000.076032,128.0,8.0,True,False,False,
1076,538000.081032,140.0,20.0,True,False,False,
1077,539000.076032,128.0,8.0,True,False,False,
1078,539000.081032,140.0,20.0,True,False,False,
1079,540000.076032,128.0,8.0,True,False,False,
1080,540000.081032,140.0,20.0,True,False,False,
1081,541000.076032,128.0,8.0,True,False,False,
1082,541000.081032,140.0,20.0,True,False,False,
1083,542000.076032,128.0,8.0,True,False,False,
1084,542000.081032,140.0,20.0,True,False,False,
1085,543000.076032,128.0,8.0,True,False,False,
1086,543000.081032,140.0,20.0,True,False,False,
1087,544000.076032,128.0,8.0,True,False,False,
1088,544000.081032,140.0,20.0,True,False,False,
1089,545000.076032,128.0,8.0,True,False,False,
1090,545000.081032,140.0,20.0,True,False,False,
1091,546000.076032,128.0,8.0,True,False,False,
1092,546000.081032,140.0,20.0,True,False,False,
1093,547000.076032,128.0,8.0,True,False,False,
1094,547000.081032,140.0,20.0,True,False,False,
1095,548000.076032,128.0,8.0,True,False,False,
1096,548000.081032,140.0,20.0,True,False,False,
1097,549000.076032,128.0,8.0,True,False,False,
1098,549000.081032,140.0,20.0,True,False,False,
1099,550000.076032,128.0,8.0,True,False,False,
1100,550000.081032,140.0,20.0,True,False,False,
1101,551000.076032,128.0,8.0,True,False,False,
1102,551000.081032,140.0,20.0,True,False,False,
1103,552000.076032,128.0,8.0,True,False,False,
1104,552000.081032,140.0,20.0,True,False,False,
1105,553000.076032,128.0,8.0,True,False,False,
1106,553000.081032,140.0,20.0,True,False,False,
1107,554000.076032,128.0,8.0,True,False,False,
1108,554000.081032,140.0,20.0,True,False,False,
1109,555000.076032,128.0,8.0,True,False,False,
1110,555000.081032,140.0,20.0,True,False,False,
1111,556000.076032,128.0,8.0,True,False,False,
1112,556000.081032,140.0,20.0,True,False,False,
1113,557000.076032,128.0,8.0,True,False,False,
1114,557000.081032,140.0,20.0,True,False,False,
1115,558000.076032,128.0,8.0,True,False,False,
1116,558000.081032,140.0,20.0,True,False,False,
1117,559000.076032,128.0,8.0,True,False,False,
1118,559000.081032,140.0,20.0,True,False,False,
1119,560000.076032,128.0,8.0,True,False,False,
1120,560000.081032,140.0,20.0,True,False,False,
1121,561000.076032,128.0,8.0,True,False,False,
1122,561000.081032,140.0,20.0,True,False,False,
1123,562000.076032,128.0,8.0,True,False,False,
1124,562000.081032,140.0,20.0,True,False,False,
1125,563000.076032,128.0,8.0,True,False,False,
1126,563000.081032,140.0,20.0,True,False,False,
1127,564000.076032,128.0,8.0,True,False,False,
1128,564000.081032,140.0,20.0,True,False,False,
1129,565000.076032,128.0,8.0,True,False,False,
1130,565000.081032,140.0,20.0,True,False,False,
1131,566000.076032,128.0,8.0,True,False,False,
1132,566000.081032,140.0,20.0,True,False,False,
1133,567000.076032,128.0,8.0,True,False,False,
1134,567000.081032,140.0,20.0,True,False,False,
1135,568000.076032,128.0,8.0,True,False,False,
1136,568000.081032,140.0,20.0,True,False,False,
1137,569000.076032,128.0,8.0,True,False,False,
1138,569000.081032,140.0,20.0,True,False,False,
1139,570000.076032,128.0,8.0,True,False,False,
1140,570000.081032,140.0,20.0,True,False,False,
1141,571000.076032,128.0,8.0,True,False,False,
1142,571000.081032,140.0,20.0,True,False,False,
1143,572000.076032,128.0,8.0,True,False,False,
1144,572000.081032,140.0,20.0,True,False,False,
1145,573000.076032,128.0,8.0,True,False,False,
1146,573000.081032,140.0,20.0,True,False,False,
1147,574000.076032,128.0,8.0,True,False,False,
1148,574000.081032,140.0,20.0,True,False,False,
1149,575000.076032,128.0,8.0,True,False,False,
1150,575000.081032,140.0,20.0,True,False,False,
1151,576000.076032,128.0,8.0,True,False,False,
1152,576000.081032,140.0,20.0,True,False,False,
1153,577000.076032,128.0,8.0,True,False,False,
1154,577000.081032,140.0,20.0,True,False,False,
1155,578000.076032,128.0,8.0,True,False,False,
1156,578000.081032,140.0,20.0,True,False,False,
1157,579000.076032,128.0,8.0,True,False,False,
1158,579000.081032,140.0,20.0,True,False,False,
1159,580000.076032,128.0,8.0,True,False,False,
1160,580000.081032,140.0,20.0,True,False,False,
1161,581000.076032,128.0,8.0,True,False,False,
1162,581000.081032,140.0,20.0,True,False,False,
1163,582000.076032,128.0,8.0,True,False,False,
1164,582000.081032,140.0,20.0,True,False,False,
1165,583000.076032,128.0,8.0,True,False,False,
1166,583000.081032,140.0,20.0,True,False,False,
1167,584000.076032,128.0,8.0,True,False,False,
1168,584000.081032,140.0,20.0,True,False,False,
1169,585000.076032,128.0,8.0,True,False,False,
1170,585000.081032,140.0,20.0,True,False,False,
1171,586000.076032,128.0,8.0,True,False,False,
1172,586000.081032,140.0,20.0,True,False,False,
1173,587000.076032,128.0,8.0,True,False,False,
1174,587000.081032,140.0,20.0,True,False,False,
1175,588000.076032,128.0,8.0,True,False,False,
1176,588000.081032,140.0,20.0,True,False,False,
1177,589000.076032,128.0,8.0,True,False,False,
1178,589000.081032,140.0,20.0,True,False,False,
1179,590000.076032,128.0,8.0,True,False,False,
1180,590000.081032,140.0,20.0,True,False,False,
1181,591000.076032,128.0,8.0,True,False,False,
1182,591000.081032,140.0,20.0,True,False,False,
1183,592000.076032,128.0,8.0,True,False,False,
1184,592000.081032,140.0,20.0,True,False,False,
1185,593000.076032,128.0,8.0,True,False,False,
1186,593000.081032,140.0,20.0,True,False,False,
1187,594000.076032,128.0,8.0,True,False,False,
1188,594000.081032,140.0,20.0,True,False,False,
1189,595000.076032,128.0,8.0,True,False,False,
1190,595000.081032,140.0,20.0,True,False,False,
1191,596000.076032,128.0,8.0,True,False,False,
1192,596000.081032,140.0,20.0,True,False,False,
1193,597000.076032,128.0,8.0,True,False,False,
1194,597000.081032,140.0,20.0,True,False,False,
1195,598000.076032,128.0,8.0,True,False,False,
1196,598000.081032,140.0,20.0,True,False,False,
1197,599000.076032,128.0,8.0,True,False,False,
1198,599000.081032,140.0,20.0,True,False,False,
1199,600000.076032,128.0,8.0,True,False,False,
1200,600000.081032,140.0,20.0,True,False,False,
1201,601000.076032,128.0,8.0,True,False,False,
1202,601000.081032,140.0,20.0,True,False,False,
1203,602000.076032,128.0,8.0,True,False,False,
1204,602000.081032,140.0,20.0,True,False,False,
1205,603000.076032,128.0,8.0,True,False,False,
1206,603000.081032,140.0,20.0,True,False,False,
1207,604000.076032,128.0,8.0,True,False,False,
1208,604000.081032,140.0,20.0,True,False,False,
1209,605000.076032,128.0,8.0,True,False,False,
1210,605000.081032,140.0,20.0,True,False,False,
1211,606000.076032,128.0,8.0,True,False,False,
1212,606000.081032,140.0,20.0,True,False,False,
1213,607000.076032,128.0,8.0,True,False,False,
1214,607000.081032,140.0,20.0,True,False,False,
1215,608000.076032,128.0,8.0,True,False,False,
1216,608000.081032,140.0,20.0,True,False,False,
1217,609000.076032,128.0,8.0,True,False,False,
1218,609000.081032,140.0,20.0,True,False,False,
1219,610000.076032,128.0,8.0,True,False,False,
1220,610000.081032,140.0,20.0,True,False,False,
1221,611000.076032,128.0,8.0,True,False,False,
1222,611000.081032,140.0,20.0,True,False,False,
1223,612000.076032,128.0,8.0,True,False,False,
1224,612000.081032,140.0,20.0,True,False,False,
1225,613000.076032,128.0,8.0,True,False,False,
1226,613000.081032,140.0,20.0,True,False,False,
1227,614000.076032,128.0,8.0,True,False,False,
1228,614000.081032,140.0,20.0,True,False,False,
1229,615000.076032,128.0,8.0,True,False,False,
1230,615000.081032,140.0,20.0,True,False,False,
1231,616000.076032,128.0,8.0,True,False,False,
1232,616000.081032,140.0,20.0,True,False,False,
1233,617000.076032,128.0,8.0,True,False,False,
1234,617000.081032,140.0,20.0,True,False,False,
1235,618000.076032,128.0,8.0,True,False,False,
1236,618000.081032,140.0,20.0,True,False,False,
1237,619000.076032,128.0,8.0,True,False,False,
1238,619000.081032,140.0,20.0,True,False,False,
1239,620000.076032,128.0,8.0,True,False,False,
1240,620000.081032,140.0,20.0,True,False,False,
1241,621000.076032,128.0,8.0,True,False,False,
1242,621000.081032,140.0,20.0,True,False,False,
1243,622000.076032,128.0,8.0,True,False,False,
1244,622000.081032,140.0,20.0,True,False,False,
1245,623000.076032,128.0,8.0,True,False,False,
1246,623000.081032,140.0,20.0,True,False,False,
1247,624000.076032,128.0,8.0,True,False,False,
1248,624000.081032,140.0,20.0,True,False,False,
1249,625000.076032,128.0,8.0,True,False,False,
1250,625000.081032,140.0,20.0,True,False,False,
1251,626000.076032,128.0,8.0,True,False,False,
1252,626000.081032,140.0,20.0,True,False,False,
1253,627000.076032,128.0,8.0,True,False,False,
1254,627000.081032,140.0,20.0,True,False,False,
1255,628000.076032,128.0,8.0,True,False,False,
1256,628000.081032,140.0,20.0,True,False,False,
1257,629000.076032,128.0,8.0,True,False,False,
1258,629000.081032,140.0,20.0,True,False,False,
1259,630000.076032,128.0,8.0,True,False,False,
1260,630000.081032,140.0,20.0,True,False,False,
1261,631000.076032,128.0,8.0,True,False,False,
1262,631000.081032,140.0,20.0,True,False,False,
1263,632000.076032,128.0,8.0,True,False,False,
1264,632000.081032,140.0,20.0,True,False,False,
1265,633000.076032,128.0,8.0,True,False,False,
1266,633000.081032,140.0,20.0,True,False,False,
1267,634000.076032,128.0,8.0,True,False,False,
1268,634000.081032,140.0,20.0,True,False,False,
1269,635000.076032,128.0,8.0,True,False,False,
1270,635000.081032,140.0,20.0,True,False,False,
1271,636000.076032,128.0,8.0,True,False,False,
1272,636000.081032,140.0,20.0,True,False,False,
1273,637000.076032,128.0,8.0,True,False,False,
1274,637000.081032,140.0,20.0,True,False,False,
1275,638000.076032,128.0,8.0,True,False,False,
1276,638000.081032,140.0,20.0,True,False,False,
1277,639000.076032,128.0,8.0,True,False,False,
1278,639000.081032,140.0,20.0,True,False,False,
1279,640000.076032,128.0,8.0,True,False,False,
1280,640000.081032,140.0,20.0,True,False,False,
1281,641000.076032,128.0,8.0,True,False,False,
1282,641000.081032,140.0,20.0,True,False,False,
1283,642000.076032,128.0,8.0,True,False,False,
1284,642000.081032,140.0,20.0,True,False,False,
1285,643000.076032,128.0,8.0,True,False,False,
1286,643000.081032,140.0,20.0,True,False,False,
1287,644000.076032,128.0,8.0,True,False,False,
1288,644000.081032,140.0,20.0,True,False,False,
1289,645000.076032,128.0,8.0,True,False,False,
1290,645000.081032,140.0,20.0,True,False,False,
1291,646000.076032,128.0,8.0,True,False,False,
1292,646000.081032,140.0,20.0,True,False,False,
1293,647000.076032,128.0,8.0,True,False,False,
1294,647000.081032,140.0,20.0,True,False,False,
1295,648000.076032,128.0,8.0,True,False,False,
1296,648000.081032,140.0,20.0,True,False,False,
1297,649000.076032,128.0,8.0,True,False,False,
1298,649000.081032,140.0,20.0,True,False,False,
1299,650000.076032,128.0,8.0,True,False,False,
1300,650000.081032,140.0,20.0,True,False,False,
1301,651000.076032,128.0,8.0,True,False,False,
1302,651000.081032,140.0,20.0,True,False,False,
1303,652000.076032,128.0,8.0,True,False,False,
1304,652000.081032,140.0,20.0,True,False,False,
1305,653000.076032,128.0,8.0,True,False,False,
1306,653000.081032,140.0,20.0,True,False,False,
1307,654000.076032,128.0,8.0,True,False,False,
1308,654000.081032,140.0,20.0,True,False,False,
1309,655000.076032,128.0,8.0,True,False,False,
1310,655000.081032,140.0,20.0,True,False,False,
1311,656000.076032,128.0,8.0,True,False,False,
1312,656000.081032,140.0,20.0,True,False,False,
1313,657000.076032,128.0,8.0,True,False,False,
1314,657000.081032,140.0,20.0,True,False,False,
1315,658000.076032,128.0,8.0,True,False,False,
1316,658000.081032,140.0,20.0,True,False,False,
1317,659000.076032,128.0,8.0,True,False,False,
1318,659000.081032,140.0,20.0,True,False,False,
1319,660000.076032,128.0,8.0,True,False,False,
1320,660000.081032,140.0,20.0,True,False,False,
1321,661000.076032,128.0,8.0,True,False,False,
1322,661000.081032,140.0,20.0,True,False,False,
1323,662000.076032,128.0,8.0,True,False,False,
1324,662000.081032,140.0,20.0,True,False,False,
1325,663000.076032,128.0,8.0,True,False,False,
1326,663000.081032,140.0,20.0,True,False,False,
1327,664000.076032,128.0,8.0,True,False,False,
1328,664000.081032,140.0,20.0,True,False,False,
1329,665000.076032,128.0,8.0,True,False,False,
1330,665000.081032,140.0,20.0,True,False,False,
1331,666000.076032,128.0,8.0,True,False,False,
1332,666000.081032,140.0,20.0,True,False,False,
1333,667000.076032,128.0,8.0,True,False,False,
1334,667000.081032,140.0,20.0,True,False,False,
1335,668000.076032,128.0,8.0,True,False,False,
1336,668000.081032,140.0,20.0,True,False,False,
1337,669000.076032,128.0,8.0,True,False,False,
1338,669000.081032,140.0,20.0,True,False,False,
1339,670000.076032,128.0,8.0,True,False,False,
1340,670000.081032,140.0,20.0,True,False,False,
1341,671000.076032,128.0,8.0,True,False,False,
1342,671000.081032,140.0,20.0,True,False,False,
1343,672000.076032,128.0,8.0,True,False,False,
1344,672000.081032,140.0,20.0,True,False,False,
1345,673000.076032,128.0,8.0,True,False,False,
1346,673000.081032,140.0,20.0,True,False,False,
1347,674000.076032,128.0,8.0,True,False,False,
1348,674000.081032,140.0,20.0,True,False,False,
1349,675000.076032,128.0,8.0,True,False,False,
1350,675000.081032,140.0,20.0,True,False,False,
1351,676000.076032,128.0,8.0,True,False,False,
1352,676000.081032,140.0,20.0,True,False,False,
1353,677000.076032,128.0,8.0,True,False,False,
1354,677000.081032,140.0,20.0,True,False,False,
1355,678000.076032,128.0,8.0,True,False,False,
1356,678000.081032,140.0,20.0,True,False,False,
1357,679000.076032,128.0,8.0,True,False,False,
1358,679000.081032,140.0,20.0,True,False,False,
1359,680000.076032,128.0,8.0,True,False,False,
1360,680000.081032,140.0,20.0,True,False,False,
1361,681000.076032,128.0,8.0,True,False,False,
1362,681000.081032,140.0,20.0,True,False,False,
1363,682000.076032,128.0,8.0,True,False,False,
1364,682000.081032,140.0,20.0,True,False,False,
1365,683000.076032,128.0,8.0,True,False,False,
1366,683000.081032,140.0,20.0,True,False,False,
1367,684000.076032,128.0,8.0,True,False,False,
1368,684000.081032,140.0,20.0,True,False,False,
1369,685000.076032,128.0,8.0,True,False,False,
1370,685000.081032,140.0,20.0,True,False,False,
1371,686000.076032,128.0,8.0,True,False,False,
1372,686000.081032,140.0,20.0,True,False,False,
1373,687000.076032,128.0,8.0,True,False,False,
1374,687000.081032,140.0,20.0,True,False,False,
1375,688000.076032,128.0,8.0,True,False,False,
1376,688000.081032,140.0,20.0,True,False,False,
1377,689000.076032,128.0,8.0,True,False,False,
1378,689000.081032,140.0,20.0,True,False,False,
1379,690000.076032,128.0,8.0,True,False,False,
1380,690000.081032,140.0,20.0,True,False,False,
1381,691000.076032,128.0,8.0,True,False,False,
1382,691000.081032,140.0,20.0,True,False,False,
1383,692000.076032,128.0,8.0,True,False,False,
1384,692000.081032,140.0,20.0,True,False,False,
1385,693000.076032,128.0,8.0,True,False,False,
1386,693000.081032,140.0,20.0,True,False,False,
1387,694000.076032,128.0,8.0,True,False,False,
1388,694000.081032,140.0,20.0,True,False,False,
1389,695000.076032,128.0,8.0,True,False,False,
1390,695000.081032,140.0,20.0,True,False,False,
1391,696000.076032,128.0,8.0,True,False,False,
1392,696000.081032,140.0,20.0,True,False,False,
1393,697000.076032,128.0,8.0,True,False,False,
1394,697000.081032,140.0,20.0,True,False,False,
1395,698000.076032,128.0,8.0,True,False,False,
1396,698000.081032,140.0,20.0,True,False,False,
1397,699000.076032,128.0,8.0,True,False,False,
1398,699000.081032,140.0,20.0,True,False,False,
1399,700000.076032,128.0,8.0,True,False,False,
1400,700000.081032,140.0,20.0,True,False,False,
1401,701000.076032,128.0,8.0,True,False,False,
1402,701000.081032,140.0,20.0,True,False,False,
1403,702000.076032,128.0,8.0,True,False,False,
1404,702000.081032,140.0,20.0,True,False,False,
1405,703000.076032,128.0,8.0,True,False,False,
1406,703000.081032,140.0,20.0,True,False,False,
1407,704000.076032,128.0,8.0,True,False,False,
1408,704000.081032,140.0,20.0,True,False,False,
1409,705000.076032,128.0,8.0,True,False,False,
1410,705000.081032,140.0,20.0,True,False,False,
1411,706000.076032,128.0,8.0,True,False,False,
1412,706000.081032,140.0,20.0,True,False,False,
1413,707000.076032,128.0,8.0,True,False,False,
1414,707000.081032,140.0,20.0,True,False,False,
1415,708000.076032,128.0,8.0,True,False,False,
1416,708000.081032,140.0,20.0,True,False,False,
1417,709000.076032,128.0,8.0,True,False,False,
1418,709000.081032,140.0,20.0,True,False,False,
1419,710000.076032,128.0,8.0,True,False,False,
1420,710000.081032,140.0,20.0,True,False,False,
1421,711000.076032,128.0,8.0,True,False,False,
1422,711000.081032,140.0,20.0,True,False,False,
1423,712000.076032,128.0,8.0,True,False,False,
1424,712000.081032,140.0,20.0,True,False,False,
1425,713000.076032,128.0,8.0,True,False,False,
1426,713000.081032,140.0,20.0,True,False,False,
1427,714000.076032,128.0,8.0,True,False,False,
1428,714000.081032,140.0,20.0,True,False,False,
1429,715000.076032,128.0,8.0,True,False,False,
1430,715000.081032,140.0,20.0,True,False,False,
1431,716000.076032,128.0,8.0,True,False,False,
1432,716000.081032,140.0,20.0,True,False,False,
1433,717000.076032,128.0,8.0,True,False,False,
1434,717000.081032,140.0,20.0,True,False,False,
1435,718000.076032,128.0,8.0,True,False,False,
1436,718000.081032,140.0,20.0,True,False,False,
1437,719000.076032,128.0,8.0,True,False,False,
1438,719000.081032,140.0,20.0,True,False,False,
1439,720000.076032,128.0,8.0,True,False,False,
1440,720000.081032,140.0,20.0,True,False,False,
1441,721000.076032,128.0,8.0,True,False,False,
1442,721000.081032,140.0,20.0,True,False,False,
1443,722000.076032,128.0,8.0,True,False,False,
1444,722000.081032,140.0,20.0,True,False,False,
1445,723000.076032,128.0,8.0,True,False,False,
1446,723000.081032,140.0,20.0,True,False,False,
1447,724000.076032,128.0,8.0,True,False,False,
1448,724000.081032,140.0,20.0,True,False,False,
1449,725000.076032,128.0,8.0,True,False,False,
1450,725000.081032,140.0,20.0,True,False,False,
1451,726000.076032,128.0,8.0,True,False,False,
1452,726000.081032,140.0,20.0,True,False,False,
1453,727000.076032,128.0,8.0,True,False,False,
1454,727000.081032,140.0,20.0,True,False,False,
1455,728000.076032,128.0,8.0,True,False,False,
1456,728000.081032,140.0,20.0,True,False,False,
1457,729000.076032,128.0,8.0,True,False,False,
1458,729000.081032,140.0,20.0,True,False,False,
1459,730000.076032,128.0,8.0,True,False,False,
1460,730000.081032,140.0,20.0,True,False,False,
1461,731000.076032,128.0,8.0,True,False,False,
1462,731000.081032,140.0,20.0,True,False,False,
1463,732000.076032,128.0,8.0,True,False,False,
1464,732000.081032,140.0,20.0,True,False,False,
1465,733000.076032,128.0,8.0,True,False,False,
1466,733000.081032,140.0,20.0,True,False,False,
1467,734000.076032,128.0,8.0,True,False,False,
1468,734000.081032,140.0,20.0,True,False,False,
1469,735000.076032,128.0,8.0,True,False,False,
1470,735000.081032,140.0,20.0,True,False,False,
1471,736000.076032,128.0,8.0,True,False,False,
1472,736000.081032,140.0,20.0,True,False,False,
1473,737000.076032,128.0,8.0,True,False,False,
1474,737000.081032,140.0,20.0,True,False,False,
1475,738000.076032,128.0,8.0,True,False,False,
1476,738000.081032,140.0,20.0,True,False,False,
1477,739000.076032,128.0,8.0,True,False,False,
1478,739000.081032,140.0,20.0,True,False,False,
1479,740000.076032,128.0,8.0,True,False,False,
1480,740000.081032,140.0,20.0,True,False,False,
1481,741000.076032,128.0,8.0,True,False,False,
1482,741000.081032,140.0,20.0,True,False,False,
1483,742000.076032,128.0,8.0,True,False,False,
1484,742000.081032,140.0,20.0,True,False,False,
1485,743000.076032,128.0,8.0,True,False,False,
1486,743000.081032,140.0,20.0,True,False,False,
1487,744000.076032,128.0,8.0,True,False,False,
1488,744000.081032,140.0,20.0,True,False,False,
1489,745000.076032,128.0,8.0,True,False,False,
1490,745000.081032,140.0,20.0,True,False,False,
1491,746000.076032,128.0,8.0,True,False,False,
1492,746000.081032,140.0,20.0,True,False,False,
1493,747000.076032,128.0,8.0,True,False,False,
1494,747000.081032,140.0,20.0,True,False,False,
1495,748000.076032,128.0,8.0,True,False,False,
1496,748000.081032,140.0,20.0,True,False,False,
1497,749000.076032,128.0,8.0,True,False,False,
1498,749000.081032,140.0,20.0,True,False,False,
1499,750000.076032,128.0,8.0,True,False,False,
1500,750000.081032,140.0,20.0,True,False,False,
1501,751000.076032,128.0,8.0,True,False,False,
1502,751000.081032,140.0,20.0,True,False,False,
1503,752000.076032,128.0,8.0,True,False,False,
1504,752000.081032,140.0,20.0,True,False,False,
1505,753000.076032,128.0,8.0,True,False,False,
1506,753000.081032,140.0,20.0,True,False,False,
1507,754000.076032,128.0,8.0,True,False,False,
1508,754000.081032,140.0,20.0,True,False,False,
1509,755000.076032,128.0,8.0,True,False,False,
1510,755000.081032,140.0,20.0,True,False,False,
1511,756000.076032,128.0,8.0,True,False,False,
1512,756000.081032,140.0,20.0,True,False,False,
1513,757000.076032,128.0,8.0,True,False,False,
1514,757000.081032,140.0,20.0,True,False,False,
1515,758000.076032,128.0,8.0,True,False,False,
1516,758000.081032,140.0,20.0,True,False,False,
1517,759000.076032,128.0,8.0,True,False,False,
1518,759000.081032,140.0,20.0,True,False,False,
1519,760000.076032,128.0,8.0,True,False,False,
1520,760000.081032,140.0,20.0,True,False,False,
1521,761000.076032,128.0,8.0,True,False,False,
1522,761000.081032,140.0,20.0,True,False,False,
1523,762000.076032,128.0,8.0,True,False,False,
1524,762000.081032,140.0,20.0,True,False,False,
1525,763000.076032,128.0,8.0,True,False,False,
1526,763000.081032,140.0,20.0,True,False,False,
1527,764000.076032,128.0,8.0,True,False,False,
1528,764000.081032,140.0,20.0,True,False,False,
1529,765000.076032,128.0,8.0,True,False,False,
1530,765000.081032,140.0,20.0,True,False,False,
1531,766000.076032,128.0,8.0,True,False,False,
1532,766000.081032,140.0,20.0,True,False,False,
1533,767000.076032,128.0,8.0,True,False,False,
1534,767000.081032,140.0,20.0,True,False,False,
1535,768000.076032,128.0,8.0,True,False,False,
1536,768000.081032,140.0,20.0,True,False,False,
1537,769000.076032,128.0,8.0,True,False,False,
1538,769000.081032,140.0,20.0,True,False,False,
1539,770000.076032,128.0,8.0,True,False,False,
1540,770000.081032,140.0,20.0,True,False,False,
1541,771000.076032,128.0,8.0,True,False,False,
1542,771000.081032,140.0,20.0,True,False,False,
1543,772000.076032,128.0,8.0,True,False,False,
1544,772000.081032,140.0,20.0,True,False,False,
1545,773000.076032,128.0,8.0,True,False,False,
1546,773000.081032,140.0,20.0,True,False,False,
1547,774000.076032,128.0,8.0,True,False,False,
1548,774000.081032,140.0,20.0,True,False,False,
1549,775000.076032,128.0,8.0,True,False,False,
1550,775000.081032,140.0,20.0,True,False,False,
1551,776000.076032,128.0,8.0,True,False,False,
1552,776000.081032,140.0,20.0,True,False,False,
1553,777000.076032,128.0,8.0,True,False,False,
1554,777000.081032,140.0,20.0,True,False,False,
1555,778000.076032,128.0,8.0,True,False,False,
1556,778000.081032,140.0,20.0,True,False,False,
1557,779000.076032,128.0,8.0,True,False,False,
1558,779000.081032,140.0,20.0,True,False,False,
1559,780000.076032,128.0,8.0,True,False,False,
1560,780000.081032,140.0,20.0,True,False,False,
1561,781000.076032,128.0,8.0,True,False,False,
1562,781000.081032,140.0,20.0,True,False,False,
1563,782000.076032,128.0,8.0,True,False,False,
1564,782000.081032,140.0,20.0,True,False,False,
1565,783000.076032,128.0,8.0,True,False,False,
1566,783000.081032,140.0,20.0,True,False,False,
1567,784000.076032,128.0,8.0,True,False,False,
1568,784000.081032,140.0,20.0,True,False,False,
1569,785000.076032,128.0,8.0,True,False,False,
1570,785000.081032,140.0,20.0,True,False,False,
1571,786000.076032,128.0,8.0,True,False,False,
1572,786000.081032,140.0,20.0,True,False,False,
1573,787000.076032,128.0,8.0,True,False,False,
1574,787000.081032,140.0,20.0,True,False,False,
1575,788000.076032,128.0,8.0,True,False,False,
1576,788000.081032,140.0,20.0,True,False,False,
1577,789000.076032,128.0,8.0,True,False,False,
1578,789000.081032,140.0,20.0,True,False,False,
1579,790000.076032,128.0,8.0,True,False,False,
1580,790000.081032,140.0,20.0,True,False,False,
1581,791000.076032,128.0,8.0,True,False,False,
1582,791000.081032,140.0,20.0,True,False,False,
1583,792000.076032,128.0,8.0,True,False,False,
1584,792000.081032,140.0,20.0,True,False,False,
1585,793000.076032,128.0,8.0,True,False,False,
1586,793000.081032,140.0,20.0,True,False,False,
1587,794000.076032,128.0,8.0,True,False,False,
1588,794000.081032,140.0,20.0,True,False,False,
1589,795000.076032,128.0,8.0,True,False,False,
1590,795000.081032,140.0,20.0,True,False,False,
1591,796000.076032,128.0,8.0,True,False,False,
1592,796000.081032,140.0,20.0,True,False,False,
1593,797000.076032,128.0,8.0,True,False,False,
1594,797000.081032,140.0,20.0,True,False,False,
1595,798000.076032,128.0,8.0,True,False,False,
1596,798000.081032,140.0,20.0,True,False,False,
1597,799000.076032,128.0,8.0,True,False,False,
1598,799000.081032,140.0,20.0,True,False,False,
1599,800000.076032,128.0,8.0,True,False,False,
1600,800000.081032,140.0,20.0,True,False,False,
1601,801000.076032,128.0,8.0,True,False,False,
1602,801000.081032,140.0,20.0,True,False,False,
1603,802000.076032,128.0,8.0,True,False,False,
1604,802000.081032,140.0,20.0,True,False,False,
1605,803000.076032,128.0,8.0,True,False,False,
1606,803000.081032,140.0,20.0,True,False,False,
1607,804000.076032,128.0,8.0,True,False,False,
1608,804000.081032,140.0,20.0,True,False,False,
1609,805000.076032,128.0,8.0,True,False,False,
1610,805000.081032,140.0,20.0,True,False,False,
1611,806000.076032,128.0,8.0,True,False,False,
1612,806000.081032,140.0,20.0,True,False,False,
1613,807000.076032,128.0,8.0,True,False,False,
1614,807000.081032,140.0,20.0,True,False,False,
1615,808000.076032,128.0,8.0,True,False,False,
1616,808000.081032,140.0,20.0,True,False,False,
1617,809000.076032,128.0,8.0,True,False,False,
1618,809000.081032,140.0,20.0,True,False,False,
1619,810000.076032,128.0,8.0,True,False,False,
1620,810000.081032,140.0,20.0,True,False,False,
1621,811000.076032,128.0,8.0,True,False,False,
1622,811000.081032,140.0,20.0,True,False,False,
1623,812000.076032,128.0,8.0,True,False,False,
1624,812000.081032,140.0,20.0,True,False,False,
1625,813000.076032,128.0,8.0,True,False,False,
1626,813000.081032,140.0,20.0,True,False,False,
1627,814000.076032,128.0,8.0,True,False,False,
1628,814000.081032,140.0,20.0,True,False,False,
1629,815000.076032,128.0,8.0,True,False,False,
1630,815000.081032,140.0,20.0,True,False,False,
1631,816000.076032,128.0,8.0,True,False,False,
1632,816000.081032,140.0,20.0,True,False,False,
1633,817000.076032,128.0,8.0,True,False,False,
1634,817000.081032,140.0,20.0,True,False,False,
1635,818000.076032,128.0,8.0,True,False,False,
1636,818000.081032,140.0,20.0,True,False,False,
1637,819000.076032,128.0,8.0,True,False,False,
1638,819000.081032,140.0,20.0,True,False,False,
1639,820000.076032,128.0,8.0,True,False,False,
1640,820000.081032,140.0,20.0,True,False,False,
1641,821000.076032,128.0,8.0,True,False,False,
1642,821000.081032,140.0,20.0,True,False,False,
1643,822000.076032,128.0,8.0,True,False,False,
1644,822000.081032,140.0,20.0,True,False,False,
1645,823000.076032,128.0,8.0,True,False,False,
1646,823000.081032,140.0,20.0,True,False,False,
1647,824000.076032,128.0,8.0,True,False,False,
1648,824000.081032,140.0,20.0,True,False,False,
1649,825000.076032,128.0,8.0,True,False,False,
1650,825000.081032,140.0,20.0,True,False,False,
1651,826000.076032,128.0,8.0,True,False,False,
1652,826000.081032,140.0,20.0,True,False,False,
1653,827000.076032,128.0,8.0,True,False,False,
1654,827000.081032,140.0,20.0,True,False,False,
1655,828000.076032,128.0,8.0,True,False,False,
1656,828000.081032,140.0,20.0,True,False,False,
1657,829000.076032,128.0,8.0,True,False,False,
1658,829000.081032,140.0,20.0,True,False,False,
1659,830000.076032,128.0,8.0,True,False,False,
1660,830000.081032,140.0,20.0,True,False,False,
1661,831000.076032,128.0,8.0,True,False,False,
1662,831000.081032,140.0,20.0,True,False,False,
1663,832000.076032,128.0,8.0,True,False,False,
1664,832000.081032,140.0,20.0,True,False,False,
1665,833000.076032,128.0,8.0,True,False,False,
1666,833000.081032,140.0,20.0,True,False,False,
1667,834000.076032,128.0,8.0,True,False,False,
1668,834000.081032,140.0,20.0,True,False,False,
1669,835000.076032,128.0,8.0,True,False,False,
1670,835000.081032,140.0,20.0,True,False,False,
1671,836000.076032,128.0,8.0,True,False,False,
1672,836000.081032,140.0,20.0,True,False,False,
1673,837000.076032,128.0,8.0,True,False,False,
1674,837000.081032,140.0,20.0,True,False,False,
1675,838000.076032,128.0,8.0,True,False,False,
1676,838000.081032,140.0,20.0,True,False,False,
1677,839000.076032,128.0,8.0,True,False,False,
1678,839000.081032,140.0,20.0,True,False,False,
1679,840000.076032,128.0,8.0,True,False,False,
1680,840000.081032,140.0,20.0,True,False,False,
1681,841000.076032,128.0,8.0,True,False,False,
1682,841000.081032,140.0,20.0,True,False,False,
1683,842000.076032,128.0,8.0,True,False,False,
1684,842000.081032,140.0,20.0,True,False,False,
1685,843000.076032,128.0,8.0,True,False,False,
1686,843000.081032,140.0,20.0,True,False,False,
1687,844000.076032,128.0,8.0,True,False,False,
1688,844000.081032,140.0,20.0,True,False,False,
1689,845000.076032,128.0,8.0,True,False,False,
1690,845000.081032,140.0,20.0,True,False,False,
1691,846000.076032,128.0,8.0,True,False,False,
1692,846000.081032,140.0,20.0,True,False,False,
1693,847000.076032,128.0,8.0,True,False,False,
1694,847000.081032,140.0,20.0,True,False,False,
1695,848000.076032,128.0,8.0,True,False,False,
1696,848000.081032,140.0,20.0,True,False,False,
1697,849000.076032,128.0,8.0,True,False,False,
1698,849000.081032,140.0,20.0,True,False,False,
1699,850000.076032,128.0,8.0,True,False,False,
1700,850000.081032,140.0,20.0,True,False,False,
1701,851000.076032,128.0,8.0,True,False,False,
1702,851000.081032,140.0,20.0,True,False,False,
1703,852000.076032,128.0,8.0,True,False,False,
1704,852000.081032,140.0,20.0,True,False,False,
1705,853000.076032,128.0,8.0,True,False,False,
1706,853000.081032,140.0,20.0,True,False,False,
1707,854000.076032,128.0,8.0,True,False,False,
1708,854000.081032,140.0,20.0,True,False,False,
1709,855000.076032,128.0,8.0,True,False,False,
1710,855000.081032,140.0,20.0,True,False,False,
1711,856000.076032,128.0,8.0,True,False,False,
1712,856000.081032,140.0,20.0,True,False,False,
1713,857000.076032,128.0,8.0,True,False,False,
1714,857000.081032,140.0,20.0,True,False,False,
1715,858000.076032,128.0,8.0,True,False,False,
1716,858000.081032,140.0,20.0,True,False,False,
1717,859000.076032,128.0,8.0,True,False,False,
1718,859000.081032,140.0,20.0,True,False,False,
1719,860000.076032,128.0,8.0,True,False,False,
1720,860000.081032,140.0,20.0,True,False,False,
1721,861000.076032,128.0,8.0,True,False,False,
1722,861000.081032,140.0,20.0,True,False,False,
1723,862000.076032,128.0,8.0,True,False,False,
1724,862000.081032,140.0,20.0,True,False,False,
1725,863000.076032,128.0,8.0,True,False,False,
1726,863000.081032,140.0,20.0,True,False,False,
1727,864000.076032,128.0,8.0,True,False,False,
1728,864000.081032,140.0,20.0,True,False,False,
1729,865000.076032,128.0,8.0,True,False,False,
1730,865000.081032,140.0,20.0,True,False,False,
1731,866000.076032,128.0,8.0,True,False,False,
1732,866000.081032,140.0,20.0,True,False,False,
1733,867000.076032,128.0,8.0,True,False,False,
1734,867000.081032,140.0,20.0,True,False,False,
1735,868000.076032,128.0,8.0,True,False,False,
1736,868000.081032,140.0,20.0,True,False,False,
1737,869000.076032,128.0,8.0,True,False,False,
1738,869000.081032,140.0,20.0,True,False,False,
1739,870000.076032,128.0,8.0,True,False,False,
1740,870000.081032,140.0,20.0,True,False,False,
1741,871000.076032,128.0,8.0,True,False,False,
1742,871000.081032,140.0,20.0,True,False,False,
1743,872000.076032,128.0,8.0,True,False,False,
1744,872000.081032,140.0,20.0,True,False,False,
1745,873000.076032,128.0,8.0,True,False,False,
1746,873000.081032,140.0,20.0,True,False,False,
1747,874000.076032,128.0,8.0,True,False,False,
1748,874000.081032,140.0,20.0,True,False,False,
1749,875000.076032,128.0,8.0,True,False,False,
1750,875000.081032,140.0,20.0,True,False,False,
1751,876000.076032,128.0,8.0,True,False,False,
1752,876000.081032,140.0,20.0,True,False,False,
1753,877000.076032,128.0,8.0,True,False,False,
1754,877000.081032,140.0,20.0,True,False,False,
1755,878000.076032,128.0,8.0,True,False,False,
1756,878000.081032,140.0,20.0,True,False,False,
1757,879000.076032,128.0,8.0,True,False,False,
1758,879000.081032,140.0,20.0,True,False,False,
1759,880000.076032,128.0,8.0,True,False,False,
1760,880000.081032,140.0,20.0,True,False,False,
1761,881000.076032,128.0,8.0,True,False,False,
1762,881000.081032,140.0,20.0,True,False,False,
1763,882000.076032,128.0,8.0,True,False,False,
1764,882000.081032,140.0,20.0,True,False,False,
1765,883000.076032,128.0,8.0,True,False,False,
1766,883000.081032,140.0,20.0,True,False,False,
1767,884000.076032,128.0,8.0,True,False,False,
1768,884000.081032,140.0,20.0,True,False,False,
1769,885000.076032,128.0,8.0,True,False,False,
1770,885000.081032,140.0,20.0,True,False,False,
1771,886000.076032,128.0,8.0,True,False,False,
1772,886000.081032,140.0,20.0,True,False,False,
1773,887000.076032,128.0,8.0,True,False,False,
1774,887000.081032,140.0,20.0,True,False,False,
1775,888000.076032,128.0,8.0,True,False,False,
1776,888000.081032,140.0,20.0,True,False,False,
1777,889000.076032,128.0,8.0,True,False,False,
1778,889000.081032,140.0,20.0,True,False,False,
1779,890000.076032,128.0,8.0,True,False,False,
1780,890000.081032,140.0,20.0,True,False,False,
1781,891000.076032,128.0,8.0,True,False,False,
1782,891000.081032,140.0,20.0,True,False,False,
1783,892000.076032,128.0,8.0,True,False,False,
1784,892000.081032,140.0,20.0,True,False,False,
1785,893000.076032,128.0,8.0,True,False,False,
1786,893000.081032,140.0,20.0,True,False,False,
1787,894000.076032,128.0,8.0,True,False,False,
1788,894000.081032,140.0,20.0,True,False,False,
1789,895000.076032,128.0,8.0,True,False,False,
1790,895000.081032,140.0,20.0,True,False,False,
1791,896000.076032,128.0,8.0,True,False,False,
1792,896000.081032,140.0,20.0,True,False,False,
1793,897000.076032,128.0,8.0,True,False,False,
1794,897000.081032,140.0,20.0,True,False,False,
1795,898000.076032,128.0,8.0,True,False,False,
1796,898000.081032,140.0,20.0,True,False,False,
1797,899000.076032,128.0,8.0,True,False,False,
1798,899000.081032,140.0,20.0,True,False,False,
1799,900000.076032,128.0,8.0,True,False,False,
1800,900000.081032,140.0,20.0,True,False,False,
1801,901000.076032,128.0,8.0,True,False,False,
1802,901000.081032,140.0,20.0,True,False,False,
1803,902000.076032,128.0,8.0,True,False,False,
1804,902000.081032,140.0,20.0,True,False,False,
1805,903000.076032,128.0,8.0,True,False,False,
1806,903000.081032,140.0,20.0,True,False,False,
1807,904000.076032,128.0,8.0,True,False,False,
1808,904000.081032,140.0,20.0,True,False,False,
1809,905000.076032,128.0,8.0,True,False,False,
1810,905000.081032,140.0,20.0,True,False,False,
1811,906000.076032,128.0,8.0,True,False,False,
1812,906000.081032,140.0,20.0,True,False,False,
1813,907000.076032,128.0,8.0,True,False,False,
1814,907000.081032,140.0,20.0,True,False,False,
1815,908000.076032,128.0,8.0,True,False,False,
1816,908000.081032,140.0,20.0,True,False,False,
1817,909000.076032,128.0,8.0,True,False,False,
1818,909000.081032,140.0,20.0,True,False,False,
1819,910000.076032,128.0,8.0,True,False,False,
1820,910000.081032,140.0,20.0,True,False,False,
1821,911000.076032,128.0,8.0,True,False,False,
1822,911000.081032,140.0,20.0,True,False,False,
1823,912000.076032,128.0,8.0,True,False,False,
1824,912000.081032,140.0,20.0,True,False,False,
1825,913000.076032,128.0,8.0,True,False,False,
1826,913000.081032,140.0,20.0,True,False,False,
1827,914000.076032,128.0,8.0,True,False,False,
1828,914000.081032,140.0,20.0,True,False,False,
1829,915000.076032,128.0,8.0,True,False,False,
1830,915000.081032,140.0,20.0,True,False,False,
1831,916000.076032,128.0,8.0,True,False,False,
1832,916000.081032,140.0,20.0,True,False,False,
1833,917000.076032,128.0,8.0,True,False,False,
1834,917000.081032,140.0,20.0,True,False,False,
1835,918000.076032,128.0,8.0,True,False,False,
1836,918000.081032,140.0,20.0,True,False,False,
1837,919000.076032,128.0,8.0,True,False,False,
1838,919000.081032,140.0,20.0,True,False,False,
1839,920000.076032,128.0,8.0,True,False,False,
1840,920000.081032,140.0,20.0,True,False,False,
1841,921000.076032,128.0,8.0,True,False,False,
1842,921000.081032,140.0,20.0,True,False,False,
1843,922000.076032,128.0,8.0,True,False,False,
1844,922000.081032,140.0,20.0,True,False,False,
1845,923000.076032,128.0,8.0,True,False,False,
1846,923000.081032,140.0,20.0,True,False,False,
1847,924000.076032,128.0,8.0,True,False,False,
1848,924000.0810319999,140.0,20.0,True,False,False,
1849,925000.076032,128.0,8.0,True,False,False,
1850,925000.0810319999,140.0,20.0,True,False,False,
1851,926000.076032,128.0,8.0,True,False,False,
1852,926000.0810319999,140.0,20.0,True,False,False,
1853,927000.076032,128.0,8.0,True,False,False,
1854,927000.0810319999,140.0,20.0,True,False,False,
1855,928000.076032,128.0,8.0,True,False,False,
1856,928000.0810319999,140.0,20.0,True,False,False,
1857,929000.076032,128.0,8.0,True,False,False,
1858,929000.0810319999,140.0,20.0,True,False,False,
1859,930000.076032,128.0,8.0,True,False,False,
1860,930000.0810319999,140.0,20.0,True,False,False,
1861,931000.076032,128.0,8.0,True,False,False,
1862,931000.0810319999,140.0,20.0,True,False,False,
1863,932000.076032,128.0,8.0,True,False,False,
1864,932000.0810319999,140.0,20.0,True,False,False,
1865,933000.076032,128.0,8.0,True,False,False,
1866,933000.0810319999,140.0,20.0,True,False,False,
1867,934000.076032,128.0,8.0,True,False,False,
1868,934000.0810319999,140.0,20.0,True,False,False,
1869,935000.076032,128.0,8.0,True,False,False,
1870,935000.0810319999,140.0,20.0,True,False,False,
1871,936000.076032,128.0,8.0,True,False,False,
1872,936000.0810319999,140.0,20.0,True,False,False,
1873,937000.076032,128.0,8.0,True,False,False,
1874,937000.0810319999,140.0,20.0,True,False,False,
1875,938000.076032,128.0,8.0,True,False,False,
1876,938000.0810319999,140.0,20.0,True,False,False,
1877,939000.076032,128.0,8.0,True,False,False,
1878,939000.0810319999,140.0,20.0,True,False,False,
1879,940000.076032,128.0,8.0,True,False,False,
1880,940000.0810319999,140.0,20.0,True,False,False,
1881,941000.076032,128.0,8.0,True,False,False,
1882,941000.0810319999,140.0,20.0,True,False,False,
1883,942000.076032,128.0,8.0,True,False,False,
1884,942000.0810319999,140.0,20.0,True,False,False,
1885,943000.076032,128.0,8.0,True,False,False,
1886,943000.0810319999,140.0,20.0,True,False,False,
1887,944000.076032,128.0,8.0,True,False,False,
1888,944000.0810319999,140.0,20.0,True,False,False,
1889,945000.076032,128.0,8.0,True,False,False,
1890,945000.0810319999,140.0,20.0,True,False,False,
1891,946000.076032,128.0,8.0,True,False,False,
1892,946000.0810319999,140.0,20.0,True,False,False,
1893,947000.076032,128.0,8.0,True,False,False,
1894,947000.0810319999,140.0,20.0,True,False,False,
1895,948000.076032,128.0,8.0,True,False,False,
1896,948000.0810319999,140.0,20.0,True,False,False,
1897,949000.076032,128.0,8.0,True,False,False,
1898,949000.0810319999,140.0,20.0,True,False,False,
1899,950000.076032,128.0,8.0,True,False,False,
1900,950000.0810319999,140.0,20.0,True,False,False,
1901,951000.076032,128.0,8.0,True,False,False,
1902,951000.0810319999,140.0,20.0,True,False,False,
1903,952000.076032,128.0,8.0,True,False,False,
1904,952000.0810319999,140.0,20.0,True,False,False,
1905,953000.076032,128.0,8.0,True,False,False,
1906,953000.0810319999,140.0,20.0,True,False,False,
1907,954000.076032,128.0,8.0,True,False,False,
1908,954000.0810319999,140.0,20.0,True,False,False,
1909,955000.076032,128.0,8.0,True,False,False,
1910,955000.0810319999,140.0,20.0,True,False,False,
1911,956000.076032,128.0,8.0,True,False,False,
1912,956000.0810319999,140.0,20.0,True,False,False,
1913,957000.076032,128.0,8.0,True,False,False,
1914,957000.0810319999,140.0,20.0,True,False,False,
1915,958000.076032,128.0,8.0,True,False,False,
1916,958000.0810319999,140.0,20.0,True,False,False,
1917,959000.076032,128.0,8.0,True,False,False,
1918,959000.0810319999,140.0,20.0,True,False,False,
1919,960000.076032,128.0,8.0,True,False,False,
1920,960000.0810319999,140.0,20.0,True,False,False,
1921,961000.076032,128.0,8.0,True,False,False,
1922,961000.0810319999,140.0,20.0,True,False,False,
1923,962000.076032,128.0,8.0,True,False,False,
1924,962000.0810319999,140.0,20.0,True,False,False,
1925,963000.076032,128.0,8.0,True,False,False,
1926,963000.0810319999,140.0,20.0,True,False,False,
1927,964000.076032,128.0,8.0,True,False,False,
1928,964000.0810319999,140.0,20.0,True,False,False,
1929,965000.076032,128.0,8.0,True,False,False,
1930,965000.0810319999,140.0,20.0,True,False,False,
1931,966000.076032,128.0,8.0,True,False,False,
1932,966000.0810319999,140.0,20.0,True,False,False,
1933,967000.076032,128.0,8.0,True,False,False,
1934,967000.0810319999,140.0,20.0,True,False,False,
1935,968000.076032,128.0,8.0,True,False,False,
1936,968000.0810319999,140.0,20.0,True,False,False,
1937,969000.076032,128.0,8.0,True,False,False,
1938,969000.0810319999,140.0,20.0,True,False,False,
1939,970000.076032,128.0,8.0,True,False,False,
1940,970000.0810319999,140.0,20.0,True,False,False,
1941,971000.076032,128.0,8.0,True,False,False,
1942,971000.0810319999,140.0,20.0,True,False,False,
1943,972000.076032,128.0,8.0,True,False,False,
1944,972000.0810319999,140.0,20.0,True,False,False,
1945,973000.076032,128.0,8.0,True,False,False,
1946,973000.0810319999,140.0,20.0,True,False,False,
1947,974000.076032,128.0,8.0,True,False,False,
1948,974000.0810319999,140.0,20.0,True,False,False,
1949,975000.076032,128.0,8.0,True,False,False,
1950,975000.0810319999,140.0,20.0,True,False,False,
1951,976000.076032,128.0,8.0,True,False,False,
1952,976000.0810319999,140.0,20.0,True,False,False,
1953,977000.076032,128.0,8.0,True,False,False,
1954,977000.0810319999,140.0,20.0,True,False,False,
1955,978000.076032,128.0,8.0,True,False,False,
1956,978000.0810319999,140.0,20.0,True,False,False,
1957,979000.076032,128.0,8.0,True,False,False,
1958,979000.0810319999,140.0,20.0,True,False,False,
1959,980000.076032,128.0,8.0,True,False,False,
1960,980000.0810319999,140.0,20.0,True,False,False,
1961,981000.076032,128.0,8.0,True,False,False,
1962,981000.0810319999,140.0,20.0,True,False,False,
1963,982000.076032,128.0,8.0,True,False,False,
1964,982000.0810319999,140.0,20.0,True,False,False,
1965,983000.076032,128.0,8.0,True,False,False,
1966,983000.0810319999,140.0,20.0,True,False,False,
1967,984000.076032,128.0,8.0,True,False,False,
1968,984000.0810319999,140.0,20.0,True,False,False,
1969,985000.076032,128.0,8.0,True,False,False,
1970,985000.0810319999,140.0,20.0,True,False,False,
1971,986000.076032,128.0,8.0,True,False,False,
1972,986000.0810319999,140.0,20.0,True,False,False,
1973,987000.076032,128.0,8.0,True,False,False,
1974,987000.0810319999,140.0,20.0,True,False,False,
1975,988000.076032,128.0,8.0,True,False,False,
1976,988000.0810319999,140.0,20.0,True,False,False,
1977,989000.076032,128.0,8.0,True,False,False,
1978,989000.0810319999,140.0,20.0,True,False,False,
1979,990000.076032,128.0,8.0,True,False,False,
1980,990000.0810319999,140.0,20.0,True,False,False,
1981,991000.076032,128.0,8.0,True,False,False,
1982,991000.0810319999,140.0,20.0,True,False,False,
1983,992000.076032,128.0,8.0,True,False,False,
1984,992000.0810319999,140.0,20.0,True,False,False,
1985,993000.076032,128.0,8.0,True,False,False,
1986,993000.0810319999,140.0,20.0,True,False,False,
1987,994000.076032,128.0,8.0,True,False,False,
1988,994000.0810319999,140.0,20.0,True,False,False,
1989,995000.076032,128.0,8.0,True,False,False,
1990,995000.0810319999,140.0,20.0,True,False,False,
1991,996000.076032,128.0,8.0,True,False,False,
1992,996000.0810319999,140.0,20.0,True,False,False,
1993,997000.076032,128.0,8.0,True,False,False,
1994,997000.0810319999,140.0,20.0,True,False,False,
1995,998000.076032,128.0,8.0,True,False,False,
1996,998000.0810319999,140.0,20.0,True,False,False,
1997,999000.076032,128.0,8.0,True,False,False,
1998,999000.0810319999,140.0,20.0,True,False,False,
1999,1000000.076032,128.0,8.0,True,False,False,
2000,1000000.0810319999,140.0,20.0,True,False,False,
2001,1001000.076032,128.0,8.0,True,False,False,
2002,1001000.0810319999,140.0,20.0,True,False,False,
2003,1002000.076032,128.0,8.0,True,False,False,
2004,1002000.0810319999,140.0,20.0,True,False,False,
2005,1003000.076032,128.0,8.0,True,False,False,
2006,1003000.0810319999,140.0,20.0,True,False,False,
2007,1004000.076032,128.0,8.0,True,False,False,
2008,1004000.0810319999,140.0,20.0,True,False,False,
2009,1005000.076032,128.0,8.0,True,False,False,
2010,1005000.0810319999,140.0,20.0,True,False,False,
2011,1006000.076032,128.0,8.0,True,False,False,
2012,1006000.0810319999,140.0,20.0,True,False,False,
2013,1007000.076032,128.0,8.0,True,False,False,
2014,1007000.0810319999,140.0,20.0,True,False,False,
2015,1008000.076032,128.0,8.0,True,False,False,
2016,1008000.0810319999,140.0,20.0,True,False,False,
2017,1009000.076032,128.0,8.0,True,False,False,
2018,1009000.0810319999,140.0,20.0,True,False,False,
2019,1010000.076032,128.0,8.0,True,False,False,
2020,1010000.0810319999,140.0,20.0,True,False,False,
2021,1011000.076032,128.0,8.0,True,False,False,
2022,1011000.0810319999,140.0,20.0,True,False,False,
2023,1012000.076032,128.0,8.0,True,False,False,
2024,1012000.0810319999,140.0,20.0,True,False,False,
2025,1013000.076032,128.0,8.0,True,False,False,
2026,1013000.0810319999,140.0,20.0,True,False,False,
2027,1014000.076032,128.0,8.0,True,False,False,
2028,1014000.0810319999,140.0,20.0,True,False,False,
2029,1015000.076032,128.0,8.0,True,False,False,
2030,1015000.0810319999,140.0,20.0,True,False,False,
2031,1016000.076032,128.0,8.0,True,False,False,
2032,1016000.0810319999,140.0,20.0,True,False,False,
2033,1017000.076032,128.0,8.0,True,False,False,
2034,1017000.0810319999,140.0,20.0,True,False,False,
2035,1018000.076032,128.0,8.0,True,False,False,
2036,1018000.0810319999,140.0,20.0,True,False,False,
2037,1019000.076032,128.0,8.0,True,False,False,
2038,1019000.0810319999,140.0,20.0,True,False,False,
2039,1020000.076032,128.0,8.0,True,False,False,
2040,1020000.0810319999,140.0,20.0,True,False,False,
2041,1021000.076032,128.0,8.0,True,False,False,
2042,1021000.0810319999,140.0,20.0,True,False,False,
2043,1022000.076032,128.0,8.0,True,False,False,
2044,1022000.0810319999,140.0,20.0,True,False,False,
2045,1023000.076032,128.0,8.0,True,False,False,
2046,1023000.0810319999,140.0,20.0,True,False,False,
2047,1024000.076032,128.0,8.0,True,False,False,
2048,1024000.0810319999,140.0,20.0,True,False,False,
2049,1025000.076032,128.0,8.0,True,False,False,
2050,1025000.0810319999,140.0,20.0,True,False,False,
2051,1026000.076032,128.0,8.0,True,False,False,
2052,1026000.0810319999,140.0,20.0,True,False,False,
2053,1027000.0760319999,128.0,8.0,True,False,False,
2054,1027000.0810319999,140.0,20.0,True,False,False,
2055,1028000.0760319999,128.0,8.0,True,False,False,
2056,1028000.0810319999,140.0,20.0,True,False,False,
2057,1029000.0760319999,128.0,8.0,True,False,False,
2058,1029000.0810319999,140.0,20.0,True,False,False,
2059,1030000.0760319999,128.0,8.0,True,False,False,
2060,1030000.0810319999,140.0,20.0,True,False,False,
2061,1031000.0760319999,128.0,8.0,True,False,False,
2062,1031000.0810319999,140.0,20.0,True,False,False,
2063,1032000.0760319999,128.0,8.0,True,False,False,
2064,1032000.0810319999,140.0,20.0,True,False,False,
2065,1033000.0760319999,128.0,8.0,True,False,False,
2066,1033000.0810319999,140.0,20.0,True,False,False,
2067,1034000.0760319999,128.0,8.0,True,False,False,
2068,1034000.0810319999,140.0,20.0,True,False,False,
2069,1035000.0760319999,128.0,8.0,True,False,False,
2070,1035000.0810319999,140.0,20.0,True,False,False,
2071,1036000.0760319999,128.0,8.0,True,False,False,
2072,1036000.0810319999,140.0,20.0,True,False,False,
2073,1037000.0760319999,128.0,8.0,True,False,False,
2074,1037000.0810319999,140.0,20.0,True,False,False,
2075,1038000.0760319999,128.0,8.0,True,False,False,
2076,1038000.0810319999,140.0,20.0,True,False,False,
2077,1039000.0760319999,128.0,8.0,True,False,False,
2078,1039000.0810319999,140.0,20.0,True,False,False,
2079,1040000.0760319999,128.0,8.0,True,False,False,
2080,1040000.0810319999,140.0,20.0,True,False,False,
2081,1041000.0760319999,128.0,8.0,True,False,False,
2082,1041000.0810319999,140.0,20.0,True,False,False,
2083,1042000.0760319999,128.0,8.0,True,False,False,
2084,1042000.0810319999,140.0,20.0,True,False,False,
2085,1043000.0760319999,128.0,8.0,True,False,False,
2086,1043000.0810319999,140.0,20.0,True,False,False,
2087,1044000.0760319999,128.0,8.0,True,False,False,
2088,1044000.0810319999,140.0,20.0,True,False,False,
2089,1045000.0760319999,128.0,8.0,True,False,False,
2090,1045000.0810319999,140.0,20.0,True,False,False,
2091,1046000.0760319999,128.0,8.0,True,False,False,
2092,1046000.0810319999,140.0,20.0,True,False,False,
2093,1047000.0760319999,128.0,8.0,True,False,False,
2094,1047000.0810319999,140.0,20.0,True,False,False,
2095,1048000.0760319999,128.0,8.0,True,False,False,
2096,1048000.0810319999,140.0,20.0,True,False,False,
2097,1049000.076032,128.0,8.0,True,False,False,
2098,1049000.081032,140.0,20.0,True,False,False,
2099,1050000.076032,128.0,8.0,True,False,False,
2100,1050000.081032,140.0,20.0,True,False,False,
2101,1051000.076032,128.0,8.0,True,False,False,
2102,1051000.081032,140.0,20.0,True,False,False,
2103,1052000.076032,128.0,8.0,True,False,False,
2104,1052000.081032,140.0,20.0,True,False,False,
2105,1053000.076032,128.0,8.0,True,False,False,
2106,1053000.081032,140.0,20.0,True,False,False,
2107,1054000.076032,128.0,8.0,True,False,False,
2108,1054000.081032,140.0,20.0,True,False,False,
2109,1055000.076032,128.0,8.0,True,False,False,
2110,1055000.081032,140.0,20.0,True,False,False,
2111,1056000.076032,128.0,8.0,True,False,False,
2112,1056000.081032,140.0,20.0,True,False,False,
2113,1057000.076032,128.0,8.0,True,False,False,
2114,1057000.081032,140.0,20.0,True,False,False,
2115,1058000.076032,128.0,8.0,True,False,False,
2116,1058000.081032,140.0,20.0,True,False,False,
2117,1059000.076032,128.0,8.0,True,False,False,
2118,1059000.081032,140.0,20.0,True,False,False,
2119,1060000.076032,128.0,8.0,True,False,False,
2120,1060000.081032,140.0,20.0,True,False,False,
2121,1061000.076032,128.0,8.0,True,False,False,
2122,1061000.081032,140.0,20.0,True,False,False,
2123,1062000.076032,128.0,8.0,True,False,False,
2124,1062000.081032,140.0,20.0,True,False,False,
2125,1063000.076032,128.0,8.0,True,False,False,
2126,1063000.081032,140.0,20.0,True,False,False,
2127,1064000.076032,128.0,8.0,True,False,False,
2128,1064000.081032,140.0,20.0,True,False,False,
2129,1065000.076032,128.0,8.0,True,False,False,
2130,1065000.081032,140.0,20.0,True,False,False,
2131,1066000.076032,128.0,8.0,True,False,False,
2132,1066000.081032,140.0,20.0,True,False,False,
2133,1067000.076032,128.0,8.0,True,False,False,
2134,1067000.081032,140.0,20.0,True,False,False,
2135,1068000.076032,128.0,8.0,True,False,False,
2136,1068000.081032,140.0,20.0,True,False,False,
2137,1069000.076032,128.0,8.0,True,False,False,
2138,1069000.081032,140.0,20.0,True,False,False,
2139,1070000.076032,128.0,8.0,True,False,False,
2140,1070000.081032,140.0,20.0,True,False,False,
2141,1071000.076032,128.0,8.0,True,False,False,
2142,1071000.081032,140.0,20.0,True,False,False,
2143,1072000.076032,128.0,8.0,True,False,False,
2144,1072000.081032,140.0,20.0,True,False,False,
2145,1073000.076032,128.0,8.0,True,False,False,
2146,1073000.081032,140.0,20.0,True,False,False,
2147,1074000.076032,128.0,8.0,True,False,False,
2148,1074000.081032,140.0,20.0,True,False,False,
2149,1075000.076032,128.0,8.0,True,False,False,
2150,1075000.081032,140.0,20.0,True,False,False,
2151,1076000.076032,128.0,8.0,True,False,False,
2152,1076000.081032,140.0,20.0,True,False,False,
2153,1077000.076032,128.0,8.0,True,False,False,
2154,1077000.081032,140.0,20.0,True,False,False,
2155,1078000.076032,128.0,8.0,True,False,False,
2156,1078000.081032,140.0,20.0,True,False,False,
2157,1079000.076032,128.0,8.0,True,False,False,
2158,1079000.081032,140.0,20.0,True,False,False,
2159,1080000.076032,128.0,8.0,True,False,False,
2160,1080000.081032,140.0,20.0,True,False,False,
2161,1081000.076032,128.0,8.0,True,False,False,
2162,1081000.081032,140.0,20.0,True,False,False,
2163,1082000.076032,128.0,8.0,True,False,False,
2164,1082000.081032,140.0,20.0,True,False,False,
2165,1083000.076032,128.0,8.0,True,False,False,
2166,1083000.081032,140.0,20.0,True,False,False,
2167,1084000.076032,128.0,8.0,True,False,False,
2168,1084000.081032,140.0,20.0,True,False,False,
2169,1085000.076032,128.0,8.0,True,False,False,
2170,1085000.081032,140.0,20.0,True,False,False,
2171,1086000.076032,128.0,8.0,True,False,False,
2172,1086000.081032,140.0,20.0,True,False,False,
2173,1087000.076032,128.0,8.0,True,False,False,
2174,1087000.081032,140.0,20.0,True,False,False,
2175,1088000.076032,128.0,8.0,True,False,False,
2176,1088000.081032,140.0,20.0,True,False,False,
2177,1089000.076032,128.0,8.0,True,False,False,
2178,1089000.081032,140.0,20.0,True,False,False,
2179,1090000.076032,128.0,8.0,True,False,False,
2180,1090000.081032,140.0,20.0,True,False,False,
2181,1091000.076032,128.0,8.0,True,False,False,
2182,1091000.081032,140.0,20.0,True,False,False,
2183,1092000.076032,128.0,8.0,True,False,False,
2184,1092000.081032,140.0,20.0,True,False,False,
2185,1093000.076032,128.0,8.0,True,False,False,
2186,1093000.081032,140.0,20.0,True,False,False,
2187,1094000.076032,128.0,8.0,True,False,False,
2188,1094000.081032,140.0,20.0,True,False,False,
2189,1095000.076032,128.0,8.0,True,False,False,
2190,1095000.081032,140.0,20.0,True,False,False,
2191,1096000.076032,128.0,8.0,True,False,False,
2192,1096000.081032,140.0,20.0,True,False,False,
2193,1097000.076032,128.0,8.0,True,False,False,
2194,1097000.081032,140.0,20.0,True,False,False,
2195,1098000.076032,128.0,8.0,True,False,False,
2196,1098000.081032,140.0,20.0,True,False,False,
2197,1099000.076032,128.0,8.0,True,False,False,
2198,1099000.081032,140.0,20.0,True,False,False,
2199,1100000.076032,128.0,8.0,True,False,False,
2200,1100000.081032,140.0,20.0,True,False,False,
2201,1101000.076032,128.0,8.0,True,False,False,
2202,1101000.081032,140.0,20.0,True,False,False,
2203,1102000.076032,128.0,8.0,True,False,False,
2204,1102000.081032,140.0,20.0,True,False,False,
2205,1103000.076032,128.0,8.0,True,False,False,
2206,1103000.081032,140.0,20.0,True,False,False,
2207,1104000.076032,128.0,8.0,True,False,False,
2208,1104000.081032,140.0,20.0,True,False,False,
2209,1105000.076032,128.0,8.0,True,False,False,
2210,1105000.081032,140.0,20.0,True,False,False,
2211,1106000.076032,128.0,8.0,True,False,False,
2212,1106000.081032,140.0,20.0,True,False,False,
2213,1107000.076032,128.0,8.0,True,False,False,
2214,1107000.081032,140.0,20.0,True,False,False,
2215,1108000.076032,128.0,8.0,True,False,False,
2216,1108000.081032,140.0,20.0,True,False,False,
2217,1109000.076032,128.0,8.0,True,False,False,
2218,1109000.081032,140.0,20.0,True,False,False,
2219,1110000.076032,128.0,8.0,True,False,False,
2220,1110000.081032,140.0,20.0,True,False,False,
2221,1111000.076032,128.0,8.0,True,False,False,
2222,1111000.081032,140.0,20.0,True,False,False,
2223,1112000.076032,128.0,8.0,True,False,False,
2224,1112000.081032,140.0,20.0,True,False,False,
2225,1113000.076032,128.0,8.0,True,False,False,
2226,1113000.081032,140.0,20.0,True,False,False,
2227,1114000.076032,128.0,8.0,True,False,False,
2228,1114000.081032,140.0,20.0,True,False,False,
2229,1115000.076032,128.0,8.0,True,False,False,
2230,1115000.081032,140.0,20.0,True,False,False,
2231,1116000.076032,128.0,8.0,True,False,False,
2232,1116000.081032,140.0,20.0,True,False,False,
2233,1117000.076032,128.0,8.0,True,False,False,
2234,1117000.081032,140.0,20.0,True,False,False,
2235,1118000.076032,128.0,8.0,True,False,False,
2236,1118000.081032,140.0,20.0,True,False,False,
2237,1119000.076032,128.0,8.0,True,False,False,
2238,1119000.081032,140.0,20.0,True,False,False,
2239,1120000.076032,128.0,8.0,True,False,False,
2240,1120000.081032,140.0,20.0,True,False,False,
2241,1121000.076032,128.0,8.0,True,False,False,
2242,1121000.081032,140.0,20.0,True,False,False,
2243,1122000.076032,128.0,8.0,True,False,False,
2244,1122000.081032,140.0,20.0,True,False,False,
2245,1123000.076032,128.0,8.0,True,False,False,
2246,1123000.081032,140.0,20.0,True,False,False,
2247,1124000.076032,128.0,8.0,True,False,False,
2248,1124000.081032,140.0,20.0,True,False,False,
2249,1125000.076032,128.0,8.0,True,False,False,
2250,1125000.081032,140.0,20.0,True,False,False,
2251,1126000.076032,128.0,8.0,True,False,False,
2252,1126000.081032,140.0,20.0,True,False,False,
2253,1127000.076032,128.0,8.0,True,False,False,
2254,1127000.081032,140.0,20.0,True,False,False,
2255,1128000.076032,128.0,8.0,True,False,False,
2256,1128000.081032,140.0,20.0,True,False,False,
2257,1129000.076032,128.0,8.0,True,False,False,
2258,1129000.081032,140.0,20.0,True,False,False,
2259,1130000.076032,128.0,8.0,True,False,False,
2260,1130000.081032,140.0,20.0,True,False,False,
2261,1131000.076032,128.0,8.0,True,False,False,
2262,1131000.081032,140.0,20.0,True,False,False,
2263,1132000.076032,128.0,8.0,True,False,False,
2264,1132000.081032,140.0,20.0,True,False,False,
2265,1133000.076032,128.0,8.0,True,False,False,
2266,1133000.081032,140.0,20.0,True,False,False,
2267,1134000.076032,128.0,8.0,True,False,False,
2268,1134000.081032,140.0,20.0,True,False,False,
2269,1135000.076032,128.0,8.0,True,False,False,
2270,1135000.081032,140.0,20.0,True,False,False,
2271,1136000.076032,128.0,8.0,True,False,False,
2272,1136000.081032,140.0,20.0,True,False,False,
2273,1137000.076032,128.0,8.0,True,False,False,
2274,1137000.081032,140.0,20.0,True,False,False,
2275,1138000.076032,128.0,8.0,True,False,False,
2276,1138000.081032,140.0,20.0,True,False,False,
2277,1139000.076032,128.0,8.0,True,False,False,
2278,1139000.081032,140.0,20.0,True,False,False,
2279,1140000.076032,128.0,8.0,True,False,False,
2280,1140000.081032,140.0,20.0,True,False,False,
2281,1141000.076032,128.0,8.0,True,False,False,
2282,1141000.081032,140.0,20.0,True,False,False,
2283,1142000.076032,128.0,8.0,True,False,False,
2284,1142000.081032,140.0,20.0,True,False,False,
2285,1143000.076032,128.0,8.0,True,False,False,
2286,1143000.081032,140.0,20.0,True,False,False,
2287,1144000.076032,128.0,8.0,True,False,False,
2288,1144000.081032,140.0,20.0,True,False,False,
2289,1145000.076032,128.0,8.0,True,False,False,
2290,1145000.081032,140.0,20.0,True,False,False,
2291,1146000.076032,128.0,8.0,True,False,False,
2292,1146000.081032,140.0,20.0,True,False,False,
2293,1147000.076032,128.0,8.0,True,False,False,
2294,1147000.081032,140.0,20.0,True,False,False,
2295,1148000.076032,128.0,8.0,True,False,False,
2296,1148000.081032,140.0,20.0,True,False,False,
2297,1149000.076032,128.0,8.0,True,False,False,
2298,1149000.081032,140.0,20.0,True,False,False,
2299,1150000.076032,128.0,8.0,True,False,False,
2300,1150000.081032,140.0,20.0,True,False,False,
2301,1151000.076032,128.0,8.0,True,False,False,
2302,1151000.081032,140.0,20.0,True,False,False,
2303,1152000.076032,128.0,8.0,True,False,False,
2304,1152000.081032,140.0,20.0,True,False,False,
2305,1153000.076032,128.0,8.0,True,False,False,
2306,1153000.081032,140.0,20.0,True,False,False,
2307,1154000.076032,128.0,8.0,True,False,False,
2308,1154000.081032,140.0,20.0,True,False,False,
2309,1155000.076032,128.0,8.0,True,False,False,
2310,1155000.081032,140.0,20.0,True,False,False,
2311,1156000.076032,128.0,8.0,True,False,False,
2312,1156000.081032,140.0,20.0,True,False,False,
2313,1157000.076032,128.0,8.0,True,False,False,
2314,1157000.081032,140.0,20.0,True,False,False,
2315,1158000.076032,128.0,8.0,True,False,False,
2316,1158000.081032,140.0,20.0,True,False,False,
2317,1159000.076032,128.0,8.0,True,False,False,
2318,1159000.081032,140.0,20.0,True,False,False,
2319,1160000.076032,128.0,8.0,True,False,False,
2320,1160000.081032,140.0,20.0,True,False,False,
2321,1161000.076032,128.0,8.0,True,False,False,
2322,1161000.081032,140.0,20.0,True,False,False,
2323,1162000.076032,128.0,8.0,True,False,False,
2324,1162000.081032,140.0,20.0,True,False,False,
2325,1163000.076032,128.0,8.0,True,False,False,
2326,1163000.081032,140.0,20.0,True,False,False,
2327,1164000.076032,128.0,8.0,True,False,False,
2328,1164000.081032,140.0,20.0,True,False,False,
2329,1165000.076032,128.0,8.0,True,False,False,
2330,1165000.081032,140.0,20.0,True,False,False,
2331,1166000.076032,128.0,8.0,True,False,False,
2332,1166000.081032,140.0,20.0,True,False,False,
2333,1167000.076032,128.0,8.0,True,False,False,
2334,1167000.081032,140.0,20.0,True,False,False,
2335,1168000.076032,128.0,8.0,True,False,False,
2336,1168000.081032,140.0,20.0,True,False,False,
2337,1169000.076032,128.0,8.0,True,False,False,
2338,1169000.081032,140.0,20.0,True,False,False,
2339,1170000.076032,128.0,8.0,True,False,False,
2340,1170000.081032,140.0,20.0,True,False,False,
2341,1171000.076032,128.0,8.0,True,False,False,
2342,1171000.081032,140.0,20.0,True,False,False,
2343,1172000.076032,128.0,8.0,True,False,False,
2344,1172000.081032,140.0,20.0,True,False,False,
2345,1173000.076032,128.0,8.0,True,False,False,
2346,1173000.081032,140.0,20.0,True,False,False,
2347,1174000.076032,128.0,8.0,True,False,False,
2348,1174000.081032,140.0,20.0,True,False,False,
2349,1175000.076032,128.0,8.0,True,False,False,
2350,1175000.081032,140.0,20.0,True,False,False,
2351,1176000.076032,128.0,8.0,True,False,False,
2352,1176000.081032,140.0,20.0,True,False,False,
2353,1177000.076032,128.0,8.0,True,False,False,
2354,1177000.081032,140.0,20.0,True,False,False,
2355,1178000.076032,128.0,8.0,True,False,False,
2356,1178000.081032,140.0,20.0,True,False,False,
2357,1179000.076032,128.0,8.0,True,False,False,
2358,1179000.081032,140.0,20.0,True,False,False,
2359,1180000.076032,128.0,8.0,True,False,False,
2360,1180000.081032,140.0,20.0,True,False,False,
2361,1181000.076032,128.0,8.0,True,False,False,
2362,1181000.081032,140.0,20.0,True,False,False,
2363,1182000.076032,128.0,8.0,True,False,False,
2364,1182000.081032,140.0,20.0,True,False,False,
2365,1183000.076032,128.0,8.0,True,False,False,
2366,1183000.081032,140.0,20.0,True,False,False,
2367,1184000.076032,128.0,8.0,True,False,False,
2368,1184000.081032,140.0,20.0,True,False,False,
2369,1185000.076032,128.0,8.0,True,False,False,
2370,1185000.081032,140.0,20.0,True,False,False,
2371,1186000.076032,128.0,8.0,True,False,False,
2372,1186000.081032,140.0,20.0,True,False,False,
2373,1187000.076032,128.0,8.0,True,False,False,
2374,1187000.081032,140.0,20.0,True,False,False,
2375,1188000.076032,128.0,8.0,True,False,False,
2376,1188000.081032,140.0,20.0,True,False,False,
2377,1189000.076032,128.0,8.0,True,False,False,
2378,1189000.081032,140.0,20.0,True,False,False,
2379,1190000.076032,128.0,8.0,True,False,False,
2380,1190000.081032,140.0,20.0,True,False,False,
2381,1191000.076032,128.0,8.0,True,False,False,
2382,1191000.081032,140.0,20.0,True,False,False,
2383,1192000.076032,128.0,8.0,True,False,False,
2384,1192000.081032,140.0,20.0,True,False,False,
2385,1193000.076032,128.0,8.0,True,False,False,
2386,1193000.081032,140.0,20.0,True,False,False,
2387,1194000.076032,128.0,8.0,True,False,False,
2388,1194000.081032,140.0,20.0,True,False,False,
2389,1195000.076032,128.0,8.0,True,False,False,
2390,1195000.081032,140.0,20.0,True,False,False,
2391,1196000.076032,128.0,8.0,True,False,False,
2392,1196000.081032,140.0,20.0,True,False,False,
2393,1197000.076032,128.0,8.0,True,False,False,
2394,1197000.081032,140.0,20.0,True,False,False,
2395,1198000.076032,128.0,8.0,True,False,False,
2396,1198000.081032,140.0,20.0,True,False,False,
2397,1199000.076032,128.0,8.0,True,False,False,
2398,1199000.081032,140.0,20.0,True,False,False,
2399,1200000.076032,128.0,8.0,True,False,False,
2400,1200000.081032,140.0,20.0,True,False,False,
